date,mine_sector,rainfall_mm_day,temperature_c,soil_moisture_pct,fleet_capacity_pct,blasting_events,target_yield_mt,actual_yield_mt,shortfall_mt,condition_type,root_cause,suggested_action,feasibility_pct,recovered_yield_mt
2023-01-01,Balaghat Central Mine,11.6,22.3,44.0,94.7,4,1500,11388,3612,NORMAL,Optimal Mine Operations,Maintain Standard Production Schedule,92.8,3612
2023-01-01,Mansar West Mine,11.6,22.3,44.0,94.7,4,1500,13864,1136,NORMAL,Optimal Mine Operations,Maintain Standard Production Schedule,96.9,1136
2023-01-01,Dongri Buzurg Mine,11.6,22.3,44.0,94.7,4,1500,15000,0,NORMAL,Optimal Mine Operations,Maintain Standard Production Schedule,89.3,0
2023-01-01,Ukwa East Mine,11.6,22.3,44.0,94.7,4,1500,14490,510,NORMAL,Optimal Mine Operations,Maintain Standard Production Schedule,90.7,510
2023-01-02,Balaghat Central Mine,5.1,21.9,28.4,78.1,2,1500,15000,0,NORMAL,Optimal Mine Operations,Maintain Standard Production Schedule,93.3,0
2023-01-02,Mansar West Mine,5.1,21.9,28.4,78.1,2,1500,14497,503,NORMAL,Optimal Mine Operations,Maintain Standard Production Schedule,90.3,503
2023-01-02,Dongri Buzurg Mine,5.1,21.9,28.4,78.1,2,1500,14121,879,NORMAL,Optimal Mine Operations,Maintain Standard Production Schedule,89.0,879
2023-01-02,Ukwa East Mine,5.1,21.9,28.4,78.1,2,1500,11723,3277,NORMAL,Optimal Mine Operations,Maintain Standard Production Schedule,86.4,3277
2023-01-03,Balaghat Central Mine,16.5,28.2,34.9,92.9,4,1500,14535,465,NORMAL,Optimal Mine Operations,Maintain Standard Production Schedule,86.0,465
2023-01-03,Mansar West Mine,16.5,28.2,34.9,92.9,4,1500,15000,0,NORMAL,Optimal Mine Operations,Maintain Standard Production Schedule,94.7,0
2023-01-03,Dongri Buzurg Mine,16.5,28.2,34.9,92.9,4,1500,15000,0,NORMAL,Optimal Mine Operations,Maintain Standard Production Schedule,87.8,0
2023-01-03,Ukwa East Mine,16.5,28.2,34.9,92.9,4,1500,11820,3180,NORMAL,Optimal Mine Operations,Maintain Standard Production Schedule,86.2,3180
2023-01-04,Balaghat Central Mine,15.9,24.5,25.8,66.3,2,1500,5000,18500,FLEET_BREAKDOWN,Haul Truck & Shovel Mechanical Failure,Reallocate Backup Fleet & Deploy Mobile Mechanics,88.6,14800
2023-01-04,Mansar West Mine,15.9,24.5,25.8,66.3,2,1500,5000,18500,FLEET_BREAKDOWN,Haul Truck & Shovel Mechanical Failure,Reallocate Backup Fleet & Deploy Mobile Mechanics,94.9,14800
2023-01-04,Dongri Buzurg Mine,15.9,24.5,25.8,66.3,2,1500,5000,18500,FLEET_BREAKDOWN,Haul Truck & Shovel Mechanical Failure,Reallocate Backup Fleet & Deploy Mobile Mechanics,95.8,14800
2023-01-04,Ukwa East Mine,15.9,24.5,25.8,66.3,2,1500,5000,18500,FLEET_BREAKDOWN,Haul Truck & Shovel Mechanical Failure,Reallocate Backup Fleet & Deploy Mobile Mechanics,96.7,14800
2023-01-05,Balaghat Central Mine,11.4,22.0,40.3,76.9,2,1500,15000,0,NORMAL,Optimal Mine Operations,Maintain Standard Production Schedule,85.1,0
2023-01-05,Mansar West Mine,11.4,22.0,40.3,76.9,2,1500,15000,0,NORMAL,Optimal Mine Operations,Maintain Standard Production Schedule,86.1,0
2023-01-05,Dongri Buzurg Mine,11.4,22.0,40.3,76.9,2,1500,12112,2888,NORMAL,Optimal Mine Operations,Maintain Standard Production Schedule,97.3,2888
2023-01-05,Ukwa East Mine,11.4,22.0,40.3,76.9,2,1500,14412,588,NORMAL,Optimal Mine Operations,Maintain Standard Production Schedule,96.4,588
2023-01-06,Balaghat Central Mine,16.8,21.4,36.2,88.3,4,1500,14539,461,NORMAL,Optimal Mine Operations,Maintain Standard Production Schedule,87.3,461
2023-01-06,Mansar West Mine,16.8,21.4,36.2,88.3,4,1500,15000,0,NORMAL,Optimal Mine Operations,Maintain Standard Production Schedule,95.3,0
2023-01-06,Dongri Buzurg Mine,16.8,21.4,36.2,88.3,4,1500,15000,0,NORMAL,Optimal Mine Operations,Maintain Standard Production Schedule,90.8,0
2023-01-06,Ukwa East Mine,16.8,21.4,36.2,88.3,4,1500,15000,0,NORMAL,Optimal Mine Operations,Maintain Standard Production Schedule,96.6,0
2023-01-07,Balaghat Central Mine,2.8,31.5,41.5,69.5,1,1500,5000,18500,FLEET_BREAKDOWN,Haul Truck & Shovel Mechanical Failure,Reallocate Backup Fleet & Deploy Mobile Mechanics,98.0,14800
2023-01-07,Mansar West Mine,2.8,31.5,41.5,69.5,1,1500,5000,18500,FLEET_BREAKDOWN,Haul Truck & Shovel Mechanical Failure,Reallocate Backup Fleet & Deploy Mobile Mechanics,91.0,14800
2023-01-07,Dongri Buzurg Mine,2.8,31.5,41.5,69.5,1,1500,5000,18500,FLEET_BREAKDOWN,Haul Truck & Shovel Mechanical Failure,Reallocate Backup Fleet & Deploy Mobile Mechanics,89.3,14800
2023-01-07,Ukwa East Mine,2.8,31.5,41.5,69.5,1,1500,5000,18500,FLEET_BREAKDOWN,Haul Truck & Shovel Mechanical Failure,Reallocate Backup Fleet & Deploy Mobile Mechanics,88.6,14800
2023-01-08,Balaghat Central Mine,3.1,25.6,27.7,77.5,3,1500,14908,92,NORMAL,Optimal Mine Operations,Maintain Standard Production Schedule,97.7,92
2023-01-08,Mansar West Mine,3.1,25.6,27.7,77.5,3,1500,12405,2595,NORMAL,Optimal Mine Operations,Maintain Standard Production Schedule,87.3,2595
2023-01-08,Dongri Buzurg Mine,3.1,25.6,27.7,77.5,3,1500,11803,3197,NORMAL,Optimal Mine Operations,Maintain Standard Production Schedule,93.0,3197
2023-01-08,Ukwa East Mine,3.1,25.6,27.7,77.5,3,1500,14716,284,NORMAL,Optimal Mine Operations,Maintain Standard Production Schedule,93.5,284
2023-01-09,Balaghat Central Mine,0.9,24.0,38.7,75.3,2,1500,15000,0,NORMAL,Optimal Mine Operations,Maintain Standard Production Schedule,89.3,0
2023-01-09,Mansar West Mine,0.9,24.0,38.7,75.3,2,1500,15000,0,NORMAL,Optimal Mine Operations,Maintain Standard Production Schedule,97.2,0
2023-01-09,Dongri Buzurg Mine,0.9,24.0,38.7,75.3,2,1500,15000,0,NORMAL,Optimal Mine Operations,Maintain Standard Production Schedule,96.6,0
2023-01-09,Ukwa East Mine,0.9,24.0,38.7,75.3,2,1500,10315,4685,NORMAL,Optimal Mine Operations,Maintain Standard Production Schedule,90.2,4685
2023-01-10,Balaghat Central Mine,1.1,22.6,17.0,61.4,1,1500,5000,18500,FLEET_BREAKDOWN,Haul Truck & Shovel Mechanical Failure,Reallocate Backup Fleet & Deploy Mobile Mechanics,85.3,14800
2023-01-10,Mansar West Mine,1.1,22.6,17.0,61.4,1,1500,5000,18500,FLEET_BREAKDOWN,Haul Truck & Shovel Mechanical Failure,Reallocate Backup Fleet & Deploy Mobile Mechanics,96.2,14800
2023-01-10,Dongri Buzurg Mine,1.1,22.6,17.0,61.4,1,1500,5000,18500,FLEET_BREAKDOWN,Haul Truck & Shovel Mechanical Failure,Reallocate Backup Fleet & Deploy Mobile Mechanics,95.7,14800
2023-01-10,Ukwa East Mine,1.1,22.6,17.0,61.4,1,1500,5000,18500,FLEET_BREAKDOWN,Haul Truck & Shovel Mechanical Failure,Reallocate Backup Fleet & Deploy Mobile Mechanics,91.7,14800
2023-01-11,Balaghat Central Mine,12.5,22.5,28.8,78.9,3,1500,15000,0,NORMAL,Optimal Mine Operations,Maintain Standard Production Schedule,88.1,0
2023-01-11,Mansar West Mine,12.5,22.5,28.8,78.9,3,1500,15000,0,NORMAL,Optimal Mine Operations,Maintain Standard Production Schedule,90.7,0
2023-01-11,Dongri Buzurg Mine,12.5,22.5,28.8,78.9,3,1500,15000,0,NORMAL,Optimal Mine Operations,Maintain Standard Production Schedule,85.5,0
2023-01-11,Ukwa East Mine,12.5,22.5,28.8,78.9,3,1500,14250,750,NORMAL,Optimal Mine Operations,Maintain Standard Production Schedule,85.6,750
2023-01-12,Balaghat Central Mine,19.9,28.9,28.2,83.7,3,1500,15000,0,NORMAL,Optimal Mine Operations,Maintain Standard Production Schedule,85.4,0
2023-01-12,Mansar West Mine,19.9,28.9,28.2,83.7,3,1500,15000,0,NORMAL,Optimal Mine Operations,Maintain Standard Production Schedule,96.7,0
2023-01-12,Dongri Buzurg Mine,19.9,28.9,28.2,83.7,3,1500,10614,4386,NORMAL,Optimal Mine Operations,Maintain Standard Production Schedule,95.9,4386
2023-01-12,Ukwa East Mine,19.9,28.9,28.2,83.7,3,1500,15000,0,NORMAL,Optimal Mine Operations,Maintain Standard Production Schedule,85.2,0
2023-01-13,Balaghat Central Mine,18.5,28.0,38.1,96.0,4,1500,15000,0,NORMAL,Optimal Mine Operations,Maintain Standard Production Schedule,85.8,0
2023-01-13,Mansar West Mine,18.5,28.0,38.1,96.0,4,1500,15000,0,NORMAL,Optimal Mine Operations,Maintain Standard Production Schedule,94.0,0
2023-01-13,Dongri Buzurg Mine,18.5,28.0,38.1,96.0,4,1500,15000,0,NORMAL,Optimal Mine Operations,Maintain Standard Production Schedule,94.0,0
2023-01-13,Ukwa East Mine,18.5,28.0,38.1,96.0,4,1500,10460,4540,NORMAL,Optimal Mine Operations,Maintain Standard Production Schedule,97.7,4540
2023-01-14,Balaghat Central Mine,16.0,24.1,36.9,61.3,4,1500,5000,18500,FLEET_BREAKDOWN,Haul Truck & Shovel Mechanical Failure,Reallocate Backup Fleet & Deploy Mobile Mechanics,89.6,14800
2023-01-14,Mansar West Mine,16.0,24.1,36.9,61.3,4,1500,5000,18500,FLEET_BREAKDOWN,Haul Truck & Shovel Mechanical Failure,Reallocate Backup Fleet & Deploy Mobile Mechanics,93.4,14800
2023-01-14,Dongri Buzurg Mine,16.0,24.1,36.9,61.3,4,1500,5000,18500,FLEET_BREAKDOWN,Haul Truck & Shovel Mechanical Failure,Reallocate Backup Fleet & Deploy Mobile Mechanics,94.5,14800
2023-01-14,Ukwa East Mine,16.0,24.1,36.9,61.3,4,1500,5000,18500,FLEET_BREAKDOWN,Haul Truck & Shovel Mechanical Failure,Reallocate Backup Fleet & Deploy Mobile Mechanics,93.5,14800
2023-01-15,Balaghat Central Mine,3.4,31.0,38.5,86.8,2,1500,15000,0,NORMAL,Optimal Mine Operations,Maintain Standard Production Schedule,87.5,0
2023-01-15,Mansar West Mine,3.4,31.0,38.5,86.8,2,1500,14719,281,NORMAL,Optimal Mine Operations,Maintain Standard Production Schedule,91.7,281
2023-01-15,Dongri Buzurg Mine,3.4,31.0,38.5,86.8,2,1500,15000,0,NORMAL,Optimal Mine Operations,Maintain Standard Production Schedule,91.6,0
2023-01-15,Ukwa East Mine,3.4,31.0,38.5,86.8,2,1500,15000,0,NORMAL,Optimal Mine Operations,Maintain Standard Production Schedule,87.9,0
2023-01-16,Balaghat Central Mine,11.9,31.2,25.0,95.0,2,1500,15000,0,NORMAL,Optimal Mine Operations,Maintain Standard Production Schedule,86.7,0
2023-01-16,Mansar West Mine,11.9,31.2,25.0,95.0,2,1500,15000,0,NORMAL,Optimal Mine Operations,Maintain Standard Production Schedule,86.4,0
2023-01-16,Dongri Buzurg Mine,11.9,31.2,25.0,95.0,2,1500,10746,4254,NORMAL,Optimal Mine Operations,Maintain Standard Production Schedule,94.3,4254
2023-01-16,Ukwa East Mine,11.9,31.2,25.0,95.0,2,1500,13882,1118,NORMAL,Optimal Mine Operations,Maintain Standard Production Schedule,97.9,1118
2023-01-17,Balaghat Central Mine,12.0,31.9,27.1,60.8,1,1500,5000,18500,FLEET_BREAKDOWN,Haul Truck & Shovel Mechanical Failure,Reallocate Backup Fleet & Deploy Mobile Mechanics,85.8,14800
2023-01-17,Mansar West Mine,12.0,31.9,27.1,60.8,1,1500,5000,18500,FLEET_BREAKDOWN,Haul Truck & Shovel Mechanical Failure,Reallocate Backup Fleet & Deploy Mobile Mechanics,86.3,14800
2023-01-17,Dongri Buzurg Mine,12.0,31.9,27.1,60.8,1,1500,5000,18500,FLEET_BREAKDOWN,Haul Truck & Shovel Mechanical Failure,Reallocate Backup Fleet & Deploy Mobile Mechanics,95.8,14800
2023-01-17,Ukwa East Mine,12.0,31.9,27.1,60.8,1,1500,5000,18500,FLEET_BREAKDOWN,Haul Truck & Shovel Mechanical Failure,Reallocate Backup Fleet & Deploy Mobile Mechanics,93.5,14800
2023-01-18,Balaghat Central Mine,7.6,29.6,41.3,85.5,3,1500,15000,0,NORMAL,Optimal Mine Operations,Maintain Standard Production Schedule,90.1,0
2023-01-18,Mansar West Mine,7.6,29.6,41.3,85.5,3,1500,15000,0,NORMAL,Optimal Mine Operations,Maintain Standard Production Schedule,88.1,0
2023-01-18,Dongri Buzurg Mine,7.6,29.6,41.3,85.5,3,1500,14860,140,NORMAL,Optimal Mine Operations,Maintain Standard Production Schedule,92.8,140
2023-01-18,Ukwa East Mine,7.6,29.6,41.3,85.5,3,1500,11727,3273,NORMAL,Optimal Mine Operations,Maintain Standard Production Schedule,91.4,3273
2023-01-19,Balaghat Central Mine,9.7,22.3,23.2,56.2,2,1500,5000,18500,FLEET_BREAKDOWN,Haul Truck & Shovel Mechanical Failure,Reallocate Backup Fleet & Deploy Mobile Mechanics,89.1,14800
2023-01-19,Mansar West Mine,9.7,22.3,23.2,56.2,2,1500,5000,18500,FLEET_BREAKDOWN,Haul Truck & Shovel Mechanical Failure,Reallocate Backup Fleet & Deploy Mobile Mechanics,88.4,14800
2023-01-19,Dongri Buzurg Mine,9.7,22.3,23.2,56.2,2,1500,5000,18500,FLEET_BREAKDOWN,Haul Truck & Shovel Mechanical Failure,Reallocate Backup Fleet & Deploy Mobile Mechanics,88.3,14800
2023-01-19,Ukwa East Mine,9.7,22.3,23.2,56.2,2,1500,5000,18500,FLEET_BREAKDOWN,Haul Truck & Shovel Mechanical Failure,Reallocate Backup Fleet & Deploy Mobile Mechanics,95.7,14800
2023-01-20,Balaghat Central Mine,14.5,31.4,33.5,88.3,4,1500,15000,0,NORMAL,Optimal Mine Operations,Maintain Standard Production Schedule,96.0,0
2023-01-20,Mansar West Mine,14.5,31.4,33.5,88.3,4,1500,15000,0,NORMAL,Optimal Mine Operations,Maintain Standard Production Schedule,85.7,0
2023-01-20,Dongri Buzurg Mine,14.5,31.4,33.5,88.3,4,1500,15000,0,NORMAL,Optimal Mine Operations,Maintain Standard Production Schedule,93.6,0
2023-01-20,Ukwa East Mine,14.5,31.4,33.5,88.3,4,1500,15000,0,NORMAL,Optimal Mine Operations,Maintain Standard Production Schedule,89.8,0
2023-01-21,Balaghat Central Mine,17.1,20.5,43.4,56.9,1,1500,5000,18500,FLEET_BREAKDOWN,Haul Truck & Shovel Mechanical Failure,Reallocate Backup Fleet & Deploy Mobile Mechanics,91.4,14800
2023-01-21,Mansar West Mine,17.1,20.5,43.4,56.9,1,1500,5000,18500,FLEET_BREAKDOWN,Haul Truck & Shovel Mechanical Failure,Reallocate Backup Fleet & Deploy Mobile Mechanics,90.1,14800
2023-01-21,Dongri Buzurg Mine,17.1,20.5,43.4,56.9,1,1500,5000,18500,FLEET_BREAKDOWN,Haul Truck & Shovel Mechanical Failure,Reallocate Backup Fleet & Deploy Mobile Mechanics,90.5,14800
2023-01-21,Ukwa East Mine,17.1,20.5,43.4,56.9,1,1500,5000,18500,FLEET_BREAKDOWN,Haul Truck & Shovel Mechanical Failure,Reallocate Backup Fleet & Deploy Mobile Mechanics,93.6,14800
2023-01-22,Balaghat Central Mine,14.9,25.3,26.1,90.3,2,1500,15000,0,NORMAL,Optimal Mine Operations,Maintain Standard Production Schedule,90.2,0
2023-01-22,Mansar West Mine,14.9,25.3,26.1,90.3,2,1500,15000,0,NORMAL,Optimal Mine Operations,Maintain Standard Production Schedule,94.9,0
2023-01-22,Dongri Buzurg Mine,14.9,25.3,26.1,90.3,2,1500,15000,0,NORMAL,Optimal Mine Operations,Maintain Standard Production Schedule,97.0,0
2023-01-22,Ukwa East Mine,14.9,25.3,26.1,90.3,2,1500,15000,0,NORMAL,Optimal Mine Operations,Maintain Standard Production Schedule,90.5,0
2023-01-23,Balaghat Central Mine,17.2,20.6,30.9,85.7,1,1500,14950,50,NORMAL,Optimal Mine Operations,Maintain Standard Production Schedule,90.9,50
2023-01-23,Mansar West Mine,17.2,20.6,30.9,85.7,1,1500,15000,0,NORMAL,Optimal Mine Operations,Maintain Standard Production Schedule,89.8,0
2023-01-23,Dongri Buzurg Mine,17.2,20.6,30.9,85.7,1,1500,15000,0,NORMAL,Optimal Mine Operations,Maintain Standard Production Schedule,91.2,0
2023-01-23,Ukwa East Mine,17.2,20.6,30.9,85.7,1,1500,12042,2958,NORMAL,Optimal Mine Operations,Maintain Standard Production Schedule,95.0,2958
2023-01-24,Balaghat Central Mine,15.4,28.9,26.7,81.7,4,1500,11732,3268,NORMAL,Optimal Mine Operations,Maintain Standard Production Schedule,96.5,3268
2023-01-24,Mansar West Mine,15.4,28.9,26.7,81.7,4,1500,12703,2297,NORMAL,Optimal Mine Operations,Maintain Standard Production Schedule,90.9,2297
2023-01-24,Dongri Buzurg Mine,15.4,28.9,26.7,81.7,4,1500,12626,2374,NORMAL,Optimal Mine Operations,Maintain Standard Production Schedule,87.1,2374
2023-01-24,Ukwa East Mine,15.4,28.9,26.7,81.7,4,1500,15000,0,NORMAL,Optimal Mine Operations,Maintain Standard Production Schedule,86.0,0
2023-01-25,Balaghat Central Mine,15.7,30.4,40.6,85.7,5,1500,14665,335,NORMAL,Optimal Mine Operations,Maintain Standard Production Schedule,90.4,335
2023-01-25,Mansar West Mine,15.7,30.4,40.6,85.7,5,1500,15000,0,NORMAL,Optimal Mine Operations,Maintain Standard Production Schedule,87.2,0
2023-01-25,Dongri Buzurg Mine,15.7,30.4,40.6,85.7,5,1500,15000,0,NORMAL,Optimal Mine Operations,Maintain Standard Production Schedule,95.9,0
2023-01-25,Ukwa East Mine,15.7,30.4,40.6,85.7,5,1500,15000,0,NORMAL,Optimal Mine Operations,Maintain Standard Production Schedule,86.3,0
2023-01-26,Balaghat Central Mine,3.4,29.8,19.7,60.4,3,1500,5000,18500,FLEET_BREAKDOWN,Haul Truck & Shovel Mechanical Failure,Reallocate Backup Fleet & Deploy Mobile Mechanics,93.8,14800
2023-01-26,Mansar West Mine,3.4,29.8,19.7,60.4,3,1500,5000,18500,FLEET_BREAKDOWN,Haul Truck & Shovel Mechanical Failure,Reallocate Backup Fleet & Deploy Mobile Mechanics,88.2,14800
2023-01-26,Dongri Buzurg Mine,3.4,29.8,19.7,60.4,3,1500,5000,18500,FLEET_BREAKDOWN,Haul Truck & Shovel Mechanical Failure,Reallocate Backup Fleet & Deploy Mobile Mechanics,87.5,14800
2023-01-26,Ukwa East Mine,3.4,29.8,19.7,60.4,3,1500,5000,18500,FLEET_BREAKDOWN,Haul Truck & Shovel Mechanical Failure,Reallocate Backup Fleet & Deploy Mobile Mechanics,85.7,14800
2023-01-27,Balaghat Central Mine,3.8,25.7,33.2,75.7,3,1500,14173,827,NORMAL,Optimal Mine Operations,Maintain Standard Production Schedule,91.5,827
2023-01-27,Mansar West Mine,3.8,25.7,33.2,75.7,3,1500,13124,1876,NORMAL,Optimal Mine Operations,Maintain Standard Production Schedule,91.3,1876
2023-01-27,Dongri Buzurg Mine,3.8,25.7,33.2,75.7,3,1500,12194,2806,NORMAL,Optimal Mine Operations,Maintain Standard Production Schedule,96.5,2806
2023-01-27,Ukwa East Mine,3.8,25.7,33.2,75.7,3,1500,13898,1102,NORMAL,Optimal Mine Operations,Maintain Standard Production Schedule,92.4,1102
2023-01-28,Balaghat Central Mine,3.6,20.1,44.5,56.6,3,1500,5000,18500,FLEET_BREAKDOWN,Haul Truck & Shovel Mechanical Failure,Reallocate Backup Fleet & Deploy Mobile Mechanics,87.1,14800
2023-01-28,Mansar West Mine,3.6,20.1,44.5,56.6,3,1500,5000,18500,FLEET_BREAKDOWN,Haul Truck & Shovel Mechanical Failure,Reallocate Backup Fleet & Deploy Mobile Mechanics,94.4,14800
2023-01-28,Dongri Buzurg Mine,3.6,20.1,44.5,56.6,3,1500,5000,18500,FLEET_BREAKDOWN,Haul Truck & Shovel Mechanical Failure,Reallocate Backup Fleet & Deploy Mobile Mechanics,96.2,14800
2023-01-28,Ukwa East Mine,3.6,20.1,44.5,56.6,3,1500,5000,18500,FLEET_BREAKDOWN,Haul Truck & Shovel Mechanical Failure,Reallocate Backup Fleet & Deploy Mobile Mechanics,89.2,14800
2023-01-29,Balaghat Central Mine,15.5,27.0,25.5,93.1,4,1500,15000,0,NORMAL,Optimal Mine Operations,Maintain Standard Production Schedule,88.8,0
2023-01-29,Mansar West Mine,15.5,27.0,25.5,93.1,4,1500,11212,3788,NORMAL,Optimal Mine Operations,Maintain Standard Production Schedule,88.7,3788
2023-01-29,Dongri Buzurg Mine,15.5,27.0,25.5,93.1,4,1500,6932,8068,NORMAL,Optimal Mine Operations,Maintain Standard Production Schedule,87.1,8068
2023-01-29,Ukwa East Mine,15.5,27.0,25.5,93.1,4,1500,15000,0,NORMAL,Optimal Mine Operations,Maintain Standard Production Schedule,96.9,0
2023-01-30,Balaghat Central Mine,14.3,20.1,18.2,73.7,2,1500,5000,18500,FLEET_BREAKDOWN,Haul Truck & Shovel Mechanical Failure,Reallocate Backup Fleet & Deploy Mobile Mechanics,97.0,14800
2023-01-30,Mansar West Mine,14.3,20.1,18.2,73.7,2,1500,5000,18500,FLEET_BREAKDOWN,Haul Truck & Shovel Mechanical Failure,Reallocate Backup Fleet & Deploy Mobile Mechanics,87.7,14800
2023-01-30,Dongri Buzurg Mine,14.3,20.1,18.2,73.7,2,1500,5000,18500,FLEET_BREAKDOWN,Haul Truck & Shovel Mechanical Failure,Reallocate Backup Fleet & Deploy Mobile Mechanics,93.8,14800
2023-01-30,Ukwa East Mine,14.3,20.1,18.2,73.7,2,1500,5000,18500,FLEET_BREAKDOWN,Haul Truck & Shovel Mechanical Failure,Reallocate Backup Fleet & Deploy Mobile Mechanics,96.3,14800
2023-01-31,Balaghat Central Mine,17.5,20.1,20.3,60.5,5,1500,5000,18500,FLEET_BREAKDOWN,Haul Truck & Shovel Mechanical Failure,Reallocate Backup Fleet & Deploy Mobile Mechanics,94.2,14800
2023-01-31,Mansar West Mine,17.5,20.1,20.3,60.5,5,1500,5000,18500,FLEET_BREAKDOWN,Haul Truck & Shovel Mechanical Failure,Reallocate Backup Fleet & Deploy Mobile Mechanics,89.6,14800
2023-01-31,Dongri Buzurg Mine,17.5,20.1,20.3,60.5,5,1500,5000,18500,FLEET_BREAKDOWN,Haul Truck & Shovel Mechanical Failure,Reallocate Backup Fleet & Deploy Mobile Mechanics,95.3,14800
2023-01-31,Ukwa East Mine,17.5,20.1,20.3,60.5,5,1500,5000,18500,FLEET_BREAKDOWN,Haul Truck & Shovel Mechanical Failure,Reallocate Backup Fleet & Deploy Mobile Mechanics,92.2,14800
2023-02-01,Balaghat Central Mine,13.4,23.7,15.0,94.2,4,1500,15000,0,NORMAL,Optimal Mine Operations,Maintain Standard Production Schedule,87.6,0
2023-02-01,Mansar West Mine,13.4,23.7,15.0,94.2,4,1500,11186,3814,NORMAL,Optimal Mine Operations,Maintain Standard Production Schedule,96.3,3814
2023-02-01,Dongri Buzurg Mine,13.4,23.7,15.0,94.2,4,1500,11914,3086,NORMAL,Optimal Mine Operations,Maintain Standard Production Schedule,91.3,3086
2023-02-01,Ukwa East Mine,13.4,23.7,15.0,94.2,4,1500,15000,0,NORMAL,Optimal Mine Operations,Maintain Standard Production Schedule,87.0,0
2023-02-02,Balaghat Central Mine,16.2,22.1,29.9,87.6,2,1500,15000,0,NORMAL,Optimal Mine Operations,Maintain Standard Production Schedule,85.9,0
2023-02-02,Mansar West Mine,16.2,22.1,29.9,87.6,2,1500,11787,3213,NORMAL,Optimal Mine Operations,Maintain Standard Production Schedule,93.7,3213
2023-02-02,Dongri Buzurg Mine,16.2,22.1,29.9,87.6,2,1500,15000,0,NORMAL,Optimal Mine Operations,Maintain Standard Production Schedule,94.0,0
2023-02-02,Ukwa East Mine,16.2,22.1,29.9,87.6,2,1500,9363,5637,NORMAL,Optimal Mine Operations,Maintain Standard Production Schedule,89.5,5637
2023-02-03,Balaghat Central Mine,0.8,20.9,25.4,69.1,1,1500,5000,18500,FLEET_BREAKDOWN,Haul Truck & Shovel Mechanical Failure,Reallocate Backup Fleet & Deploy Mobile Mechanics,91.1,14800
2023-02-03,Mansar West Mine,0.8,20.9,25.4,69.1,1,1500,5000,18500,FLEET_BREAKDOWN,Haul Truck & Shovel Mechanical Failure,Reallocate Backup Fleet & Deploy Mobile Mechanics,88.9,14800
2023-02-03,Dongri Buzurg Mine,0.8,20.9,25.4,69.1,1,1500,5000,18500,FLEET_BREAKDOWN,Haul Truck & Shovel Mechanical Failure,Reallocate Backup Fleet & Deploy Mobile Mechanics,96.0,14800
2023-02-03,Ukwa East Mine,0.8,20.9,25.4,69.1,1,1500,5000,18500,FLEET_BREAKDOWN,Haul Truck & Shovel Mechanical Failure,Reallocate Backup Fleet & Deploy Mobile Mechanics,87.6,14800
2023-02-04,Balaghat Central Mine,19.2,26.2,23.6,88.7,5,1500,10974,4026,NORMAL,Optimal Mine Operations,Maintain Standard Production Schedule,89.6,4026
2023-02-04,Mansar West Mine,19.2,26.2,23.6,88.7,5,1500,11973,3027,NORMAL,Optimal Mine Operations,Maintain Standard Production Schedule,93.0,3027
2023-02-04,Dongri Buzurg Mine,19.2,26.2,23.6,88.7,5,1500,10977,4023,NORMAL,Optimal Mine Operations,Maintain Standard Production Schedule,93.7,4023
2023-02-04,Ukwa East Mine,19.2,26.2,23.6,88.7,5,1500,15000,0,NORMAL,Optimal Mine Operations,Maintain Standard Production Schedule,92.7,0
2023-02-05,Balaghat Central Mine,7.5,24.0,19.4,83.9,5,1500,14545,455,NORMAL,Optimal Mine Operations,Maintain Standard Production Schedule,98.0,455
2023-02-05,Mansar West Mine,7.5,24.0,19.4,83.9,5,1500,15000,0,NORMAL,Optimal Mine Operations,Maintain Standard Production Schedule,85.3,0
2023-02-05,Dongri Buzurg Mine,7.5,24.0,19.4,83.9,5,1500,15000,0,NORMAL,Optimal Mine Operations,Maintain Standard Production Schedule,88.1,0
2023-02-05,Ukwa East Mine,7.5,24.0,19.4,83.9,5,1500,10667,4333,NORMAL,Optimal Mine Operations,Maintain Standard Production Schedule,89.3,4333
2023-02-06,Balaghat Central Mine,3.4,31.7,41.3,58.5,5,1500,5000,18500,FLEET_BREAKDOWN,Haul Truck & Shovel Mechanical Failure,Reallocate Backup Fleet & Deploy Mobile Mechanics,94.5,14800
2023-02-06,Mansar West Mine,3.4,31.7,41.3,58.5,5,1500,5000,18500,FLEET_BREAKDOWN,Haul Truck & Shovel Mechanical Failure,Reallocate Backup Fleet & Deploy Mobile Mechanics,88.1,14800
2023-02-06,Dongri Buzurg Mine,3.4,31.7,41.3,58.5,5,1500,5000,18500,FLEET_BREAKDOWN,Haul Truck & Shovel Mechanical Failure,Reallocate Backup Fleet & Deploy Mobile Mechanics,93.2,14800
2023-02-06,Ukwa East Mine,3.4,31.7,41.3,58.5,5,1500,5000,18500,FLEET_BREAKDOWN,Haul Truck & Shovel Mechanical Failure,Reallocate Backup Fleet & Deploy Mobile Mechanics,90.2,14800
2023-02-07,Balaghat Central Mine,9.2,29.1,27.0,93.5,4,1500,15000,0,NORMAL,Optimal Mine Operations,Maintain Standard Production Schedule,90.4,0
2023-02-07,Mansar West Mine,9.2,29.1,27.0,93.5,4,1500,15000,0,NORMAL,Optimal Mine Operations,Maintain Standard Production Schedule,92.5,0
2023-02-07,Dongri Buzurg Mine,9.2,29.1,27.0,93.5,4,1500,15000,0,NORMAL,Optimal Mine Operations,Maintain Standard Production Schedule,95.0,0
2023-02-07,Ukwa East Mine,9.2,29.1,27.0,93.5,4,1500,10979,4021,NORMAL,Optimal Mine Operations,Maintain Standard Production Schedule,86.0,4021
2023-02-08,Balaghat Central Mine,4.0,20.2,29.7,59.7,5,1500,5000,18500,FLEET_BREAKDOWN,Haul Truck & Shovel Mechanical Failure,Reallocate Backup Fleet & Deploy Mobile Mechanics,92.7,14800
2023-02-08,Mansar West Mine,4.0,20.2,29.7,59.7,5,1500,5000,18500,FLEET_BREAKDOWN,Haul Truck & Shovel Mechanical Failure,Reallocate Backup Fleet & Deploy Mobile Mechanics,87.5,14800
2023-02-08,Dongri Buzurg Mine,4.0,20.2,29.7,59.7,5,1500,5000,18500,FLEET_BREAKDOWN,Haul Truck & Shovel Mechanical Failure,Reallocate Backup Fleet & Deploy Mobile Mechanics,96.0,14800
2023-02-08,Ukwa East Mine,4.0,20.2,29.7,59.7,5,1500,5000,18500,FLEET_BREAKDOWN,Haul Truck & Shovel Mechanical Failure,Reallocate Backup Fleet & Deploy Mobile Mechanics,86.0,14800
2023-02-09,Balaghat Central Mine,3.2,23.4,41.1,84.3,2,1500,13169,1831,NORMAL,Optimal Mine Operations,Maintain Standard Production Schedule,93.3,1831
2023-02-09,Mansar West Mine,3.2,23.4,41.1,84.3,2,1500,13903,1097,NORMAL,Optimal Mine Operations,Maintain Standard Production Schedule,94.7,1097
2023-02-09,Dongri Buzurg Mine,3.2,23.4,41.1,84.3,2,1500,14430,570,NORMAL,Optimal Mine Operations,Maintain Standard Production Schedule,97.2,570
2023-02-09,Ukwa East Mine,3.2,23.4,41.1,84.3,2,1500,15000,0,NORMAL,Optimal Mine Operations,Maintain Standard Production Schedule,94.1,0
2023-02-10,Balaghat Central Mine,7.0,27.3,34.5,72.4,2,1500,5000,18500,FLEET_BREAKDOWN,Haul Truck & Shovel Mechanical Failure,Reallocate Backup Fleet & Deploy Mobile Mechanics,95.9,14800
2023-02-10,Mansar West Mine,7.0,27.3,34.5,72.4,2,1500,5000,18500,FLEET_BREAKDOWN,Haul Truck & Shovel Mechanical Failure,Reallocate Backup Fleet & Deploy Mobile Mechanics,85.6,14800
2023-02-10,Dongri Buzurg Mine,7.0,27.3,34.5,72.4,2,1500,5000,18500,FLEET_BREAKDOWN,Haul Truck & Shovel Mechanical Failure,Reallocate Backup Fleet & Deploy Mobile Mechanics,91.3,14800
2023-02-10,Ukwa East Mine,7.0,27.3,34.5,72.4,2,1500,5000,18500,FLEET_BREAKDOWN,Haul Truck & Shovel Mechanical Failure,Reallocate Backup Fleet & Deploy Mobile Mechanics,94.5,14800
2023-02-11,Balaghat Central Mine,3.0,22.1,40.3,77.6,3,1500,12886,2114,NORMAL,Optimal Mine Operations,Maintain Standard Production Schedule,94.9,2114
2023-02-11,Mansar West Mine,3.0,22.1,40.3,77.6,3,1500,15000,0,NORMAL,Optimal Mine Operations,Maintain Standard Production Schedule,91.7,0
2023-02-11,Dongri Buzurg Mine,3.0,22.1,40.3,77.6,3,1500,15000,0,NORMAL,Optimal Mine Operations,Maintain Standard Production Schedule,91.0,0
2023-02-11,Ukwa East Mine,3.0,22.1,40.3,77.6,3,1500,12859,2141,NORMAL,Optimal Mine Operations,Maintain Standard Production Schedule,93.7,2141
2023-02-12,Balaghat Central Mine,17.0,28.1,22.6,79.3,4,1500,15000,0,NORMAL,Optimal Mine Operations,Maintain Standard Production Schedule,93.7,0
2023-02-12,Mansar West Mine,17.0,28.1,22.6,79.3,4,1500,15000,0,NORMAL,Optimal Mine Operations,Maintain Standard Production Schedule,87.4,0
2023-02-12,Dongri Buzurg Mine,17.0,28.1,22.6,79.3,4,1500,14292,708,NORMAL,Optimal Mine Operations,Maintain Standard Production Schedule,91.8,708
2023-02-12,Ukwa East Mine,17.0,28.1,22.6,79.3,4,1500,12834,2166,NORMAL,Optimal Mine Operations,Maintain Standard Production Schedule,95.4,2166
2023-02-13,Balaghat Central Mine,12.8,28.6,18.9,63.8,2,1500,5000,18500,FLEET_BREAKDOWN,Haul Truck & Shovel Mechanical Failure,Reallocate Backup Fleet & Deploy Mobile Mechanics,93.2,14800
2023-02-13,Mansar West Mine,12.8,28.6,18.9,63.8,2,1500,5000,18500,FLEET_BREAKDOWN,Haul Truck & Shovel Mechanical Failure,Reallocate Backup Fleet & Deploy Mobile Mechanics,93.0,14800
2023-02-13,Dongri Buzurg Mine,12.8,28.6,18.9,63.8,2,1500,5000,18500,FLEET_BREAKDOWN,Haul Truck & Shovel Mechanical Failure,Reallocate Backup Fleet & Deploy Mobile Mechanics,92.2,14800
2023-02-13,Ukwa East Mine,12.8,28.6,18.9,63.8,2,1500,5000,18500,FLEET_BREAKDOWN,Haul Truck & Shovel Mechanical Failure,Reallocate Backup Fleet & Deploy Mobile Mechanics,86.5,14800
2023-02-14,Balaghat Central Mine,16.5,30.4,40.5,88.0,2,1500,15000,0,NORMAL,Optimal Mine Operations,Maintain Standard Production Schedule,92.9,0
2023-02-14,Mansar West Mine,16.5,30.4,40.5,88.0,2,1500,13178,1822,NORMAL,Optimal Mine Operations,Maintain Standard Production Schedule,90.8,1822
2023-02-14,Dongri Buzurg Mine,16.5,30.4,40.5,88.0,2,1500,13921,1079,NORMAL,Optimal Mine Operations,Maintain Standard Production Schedule,86.0,1079
2023-02-14,Ukwa East Mine,16.5,30.4,40.5,88.0,2,1500,12681,2319,NORMAL,Optimal Mine Operations,Maintain Standard Production Schedule,85.1,2319
2023-02-15,Balaghat Central Mine,0.8,28.5,17.2,61.0,5,1500,5000,18500,FLEET_BREAKDOWN,Haul Truck & Shovel Mechanical Failure,Reallocate Backup Fleet & Deploy Mobile Mechanics,95.8,14800
2023-02-15,Mansar West Mine,0.8,28.5,17.2,61.0,5,1500,5000,18500,FLEET_BREAKDOWN,Haul Truck & Shovel Mechanical Failure,Reallocate Backup Fleet & Deploy Mobile Mechanics,93.2,14800
2023-02-15,Dongri Buzurg Mine,0.8,28.5,17.2,61.0,5,1500,5000,18500,FLEET_BREAKDOWN,Haul Truck & Shovel Mechanical Failure,Reallocate Backup Fleet & Deploy Mobile Mechanics,96.6,14800
2023-02-15,Ukwa East Mine,0.8,28.5,17.2,61.0,5,1500,5000,18500,FLEET_BREAKDOWN,Haul Truck & Shovel Mechanical Failure,Reallocate Backup Fleet & Deploy Mobile Mechanics,86.7,14800
2023-02-16,Balaghat Central Mine,11.1,26.0,34.3,87.9,1,1500,14514,486,NORMAL,Optimal Mine Operations,Maintain Standard Production Schedule,87.0,486
2023-02-16,Mansar West Mine,11.1,26.0,34.3,87.9,1,1500,15000,0,NORMAL,Optimal Mine Operations,Maintain Standard Production Schedule,89.5,0
2023-02-16,Dongri Buzurg Mine,11.1,26.0,34.3,87.9,1,1500,15000,0,NORMAL,Optimal Mine Operations,Maintain Standard Production Schedule,97.3,0
2023-02-16,Ukwa East Mine,11.1,26.0,34.3,87.9,1,1500,13384,1616,NORMAL,Optimal Mine Operations,Maintain Standard Production Schedule,89.2,1616
2023-02-17,Balaghat Central Mine,3.0,27.5,27.8,86.9,1,1500,15000,0,NORMAL,Optimal Mine Operations,Maintain Standard Production Schedule,87.5,0
2023-02-17,Mansar West Mine,3.0,27.5,27.8,86.9,1,1500,15000,0,NORMAL,Optimal Mine Operations,Maintain Standard Production Schedule,95.2,0
2023-02-17,Dongri Buzurg Mine,3.0,27.5,27.8,86.9,1,1500,13497,1503,NORMAL,Optimal Mine Operations,Maintain Standard Production Schedule,92.2,1503
2023-02-17,Ukwa East Mine,3.0,27.5,27.8,86.9,1,1500,11667,3333,NORMAL,Optimal Mine Operations,Maintain Standard Production Schedule,92.1,3333
2023-02-18,Balaghat Central Mine,2.2,25.5,23.4,66.9,4,1500,5000,18500,FLEET_BREAKDOWN,Haul Truck & Shovel Mechanical Failure,Reallocate Backup Fleet & Deploy Mobile Mechanics,92.8,14800
2023-02-18,Mansar West Mine,2.2,25.5,23.4,66.9,4,1500,5000,18500,FLEET_BREAKDOWN,Haul Truck & Shovel Mechanical Failure,Reallocate Backup Fleet & Deploy Mobile Mechanics,89.4,14800
2023-02-18,Dongri Buzurg Mine,2.2,25.5,23.4,66.9,4,1500,5000,18500,FLEET_BREAKDOWN,Haul Truck & Shovel Mechanical Failure,Reallocate Backup Fleet & Deploy Mobile Mechanics,89.2,14800
2023-02-18,Ukwa East Mine,2.2,25.5,23.4,66.9,4,1500,5000,18500,FLEET_BREAKDOWN,Haul Truck & Shovel Mechanical Failure,Reallocate Backup Fleet & Deploy Mobile Mechanics,86.3,14800
2023-02-19,Balaghat Central Mine,15.1,26.3,38.4,76.6,2,1500,6843,8157,NORMAL,Optimal Mine Operations,Maintain Standard Production Schedule,95.4,8157
2023-02-19,Mansar West Mine,15.1,26.3,38.4,76.6,2,1500,15000,0,NORMAL,Optimal Mine Operations,Maintain Standard Production Schedule,88.3,0
2023-02-19,Dongri Buzurg Mine,15.1,26.3,38.4,76.6,2,1500,14907,93,NORMAL,Optimal Mine Operations,Maintain Standard Production Schedule,97.3,93
2023-02-19,Ukwa East Mine,15.1,26.3,38.4,76.6,2,1500,15000,0,NORMAL,Optimal Mine Operations,Maintain Standard Production Schedule,94.1,0
2023-02-20,Balaghat Central Mine,18.5,25.1,36.3,65.8,2,1500,5000,18500,FLEET_BREAKDOWN,Haul Truck & Shovel Mechanical Failure,Reallocate Backup Fleet & Deploy Mobile Mechanics,86.8,14800
2023-02-20,Mansar West Mine,18.5,25.1,36.3,65.8,2,1500,5000,18500,FLEET_BREAKDOWN,Haul Truck & Shovel Mechanical Failure,Reallocate Backup Fleet & Deploy Mobile Mechanics,95.3,14800
2023-02-20,Dongri Buzurg Mine,18.5,25.1,36.3,65.8,2,1500,5000,18500,FLEET_BREAKDOWN,Haul Truck & Shovel Mechanical Failure,Reallocate Backup Fleet & Deploy Mobile Mechanics,97.8,14800
2023-02-20,Ukwa East Mine,18.5,25.1,36.3,65.8,2,1500,5000,18500,FLEET_BREAKDOWN,Haul Truck & Shovel Mechanical Failure,Reallocate Backup Fleet & Deploy Mobile Mechanics,88.7,14800
2023-02-21,Balaghat Central Mine,10.7,26.6,39.3,85.8,5,1500,15000,0,NORMAL,Optimal Mine Operations,Maintain Standard Production Schedule,87.4,0
2023-02-21,Mansar West Mine,10.7,26.6,39.3,85.8,5,1500,15000,0,NORMAL,Optimal Mine Operations,Maintain Standard Production Schedule,91.5,0
2023-02-21,Dongri Buzurg Mine,10.7,26.6,39.3,85.8,5,1500,14989,11,NORMAL,Optimal Mine Operations,Maintain Standard Production Schedule,88.4,11
2023-02-21,Ukwa East Mine,10.7,26.6,39.3,85.8,5,1500,14407,593,NORMAL,Optimal Mine Operations,Maintain Standard Production Schedule,88.4,593
2023-02-22,Balaghat Central Mine,13.8,31.6,17.0,76.1,4,1500,12009,2991,NORMAL,Optimal Mine Operations,Maintain Standard Production Schedule,87.5,2991
2023-02-22,Mansar West Mine,13.8,31.6,17.0,76.1,4,1500,15000,0,NORMAL,Optimal Mine Operations,Maintain Standard Production Schedule,96.5,0
2023-02-22,Dongri Buzurg Mine,13.8,31.6,17.0,76.1,4,1500,15000,0,NORMAL,Optimal Mine Operations,Maintain Standard Production Schedule,93.3,0
2023-02-22,Ukwa East Mine,13.8,31.6,17.0,76.1,4,1500,15000,0,NORMAL,Optimal Mine Operations,Maintain Standard Production Schedule,93.3,0
2023-02-23,Balaghat Central Mine,13.9,27.6,35.6,97.4,4,1500,10369,4631,NORMAL,Optimal Mine Operations,Maintain Standard Production Schedule,88.2,4631
2023-02-23,Mansar West Mine,13.9,27.6,35.6,97.4,4,1500,15000,0,NORMAL,Optimal Mine Operations,Maintain Standard Production Schedule,97.8,0
2023-02-23,Dongri Buzurg Mine,13.9,27.6,35.6,97.4,4,1500,12461,2539,NORMAL,Optimal Mine Operations,Maintain Standard Production Schedule,95.5,2539
2023-02-23,Ukwa East Mine,13.9,27.6,35.6,97.4,4,1500,15000,0,NORMAL,Optimal Mine Operations,Maintain Standard Production Schedule,86.2,0
2023-02-24,Balaghat Central Mine,5.5,25.7,43.3,70.9,5,1500,5000,18500,FLEET_BREAKDOWN,Haul Truck & Shovel Mechanical Failure,Reallocate Backup Fleet & Deploy Mobile Mechanics,95.2,14800
2023-02-24,Mansar West Mine,5.5,25.7,43.3,70.9,5,1500,5000,18500,FLEET_BREAKDOWN,Haul Truck & Shovel Mechanical Failure,Reallocate Backup Fleet & Deploy Mobile Mechanics,86.7,14800
2023-02-24,Dongri Buzurg Mine,5.5,25.7,43.3,70.9,5,1500,5000,18500,FLEET_BREAKDOWN,Haul Truck & Shovel Mechanical Failure,Reallocate Backup Fleet & Deploy Mobile Mechanics,86.6,14800
2023-02-24,Ukwa East Mine,5.5,25.7,43.3,70.9,5,1500,5000,18500,FLEET_BREAKDOWN,Haul Truck & Shovel Mechanical Failure,Reallocate Backup Fleet & Deploy Mobile Mechanics,87.0,14800
2023-02-25,Balaghat Central Mine,16.0,26.7,42.8,92.0,5,1500,15000,0,NORMAL,Optimal Mine Operations,Maintain Standard Production Schedule,91.2,0
2023-02-25,Mansar West Mine,16.0,26.7,42.8,92.0,5,1500,15000,0,NORMAL,Optimal Mine Operations,Maintain Standard Production Schedule,88.3,0
2023-02-25,Dongri Buzurg Mine,16.0,26.7,42.8,92.0,5,1500,10349,4651,NORMAL,Optimal Mine Operations,Maintain Standard Production Schedule,92.1,4651
2023-02-25,Ukwa East Mine,16.0,26.7,42.8,92.0,5,1500,15000,0,NORMAL,Optimal Mine Operations,Maintain Standard Production Schedule,91.2,0
2023-02-26,Balaghat Central Mine,4.7,23.9,37.0,64.7,4,1500,5000,18500,FLEET_BREAKDOWN,Haul Truck & Shovel Mechanical Failure,Reallocate Backup Fleet & Deploy Mobile Mechanics,89.2,14800
2023-02-26,Mansar West Mine,4.7,23.9,37.0,64.7,4,1500,5000,18500,FLEET_BREAKDOWN,Haul Truck & Shovel Mechanical Failure,Reallocate Backup Fleet & Deploy Mobile Mechanics,89.9,14800
2023-02-26,Dongri Buzurg Mine,4.7,23.9,37.0,64.7,4,1500,5000,18500,FLEET_BREAKDOWN,Haul Truck & Shovel Mechanical Failure,Reallocate Backup Fleet & Deploy Mobile Mechanics,91.0,14800
2023-02-26,Ukwa East Mine,4.7,23.9,37.0,64.7,4,1500,5000,18500,FLEET_BREAKDOWN,Haul Truck & Shovel Mechanical Failure,Reallocate Backup Fleet & Deploy Mobile Mechanics,85.8,14800
2023-02-27,Balaghat Central Mine,7.3,26.8,35.5,61.6,3,1500,5000,18500,FLEET_BREAKDOWN,Haul Truck & Shovel Mechanical Failure,Reallocate Backup Fleet & Deploy Mobile Mechanics,93.4,14800
2023-02-27,Mansar West Mine,7.3,26.8,35.5,61.6,3,1500,5000,18500,FLEET_BREAKDOWN,Haul Truck & Shovel Mechanical Failure,Reallocate Backup Fleet & Deploy Mobile Mechanics,91.4,14800
2023-02-27,Dongri Buzurg Mine,7.3,26.8,35.5,61.6,3,1500,5000,18500,FLEET_BREAKDOWN,Haul Truck & Shovel Mechanical Failure,Reallocate Backup Fleet & Deploy Mobile Mechanics,94.8,14800
2023-02-27,Ukwa East Mine,7.3,26.8,35.5,61.6,3,1500,5000,18500,FLEET_BREAKDOWN,Haul Truck & Shovel Mechanical Failure,Reallocate Backup Fleet & Deploy Mobile Mechanics,94.3,14800
2023-02-28,Balaghat Central Mine,10.6,20.9,36.1,55.3,1,1500,5000,18500,FLEET_BREAKDOWN,Haul Truck & Shovel Mechanical Failure,Reallocate Backup Fleet & Deploy Mobile Mechanics,95.2,14800
2023-02-28,Mansar West Mine,10.6,20.9,36.1,55.3,1,1500,5000,18500,FLEET_BREAKDOWN,Haul Truck & Shovel Mechanical Failure,Reallocate Backup Fleet & Deploy Mobile Mechanics,85.8,14800
2023-02-28,Dongri Buzurg Mine,10.6,20.9,36.1,55.3,1,1500,5000,18500,FLEET_BREAKDOWN,Haul Truck & Shovel Mechanical Failure,Reallocate Backup Fleet & Deploy Mobile Mechanics,88.1,14800
2023-02-28,Ukwa East Mine,10.6,20.9,36.1,55.3,1,1500,5000,18500,FLEET_BREAKDOWN,Haul Truck & Shovel Mechanical Failure,Reallocate Backup Fleet & Deploy Mobile Mechanics,88.6,14800
2023-03-01,Balaghat Central Mine,9.9,44.8,22.6,92.3,1,1500,5000,18500,HEATWAVE,Excavator & Crusher Motor Thermal Overload,Stagger 30-min Cooling Cycles & Night Shift Extraction,92.4,12025
2023-03-01,Mansar West Mine,9.9,44.8,22.6,92.3,1,1500,5000,18500,HEATWAVE,Excavator & Crusher Motor Thermal Overload,Stagger 30-min Cooling Cycles & Night Shift Extraction,95.1,12025
2023-03-01,Dongri Buzurg Mine,9.9,44.8,22.6,92.3,1,1500,5000,18500,HEATWAVE,Excavator & Crusher Motor Thermal Overload,Stagger 30-min Cooling Cycles & Night Shift Extraction,97.8,12025
2023-03-01,Ukwa East Mine,9.9,44.8,22.6,92.3,1,1500,5000,18500,HEATWAVE,Excavator & Crusher Motor Thermal Overload,Stagger 30-min Cooling Cycles & Night Shift Extraction,95.9,12025
2023-03-02,Balaghat Central Mine,9.6,42.9,41.1,81.8,1,1500,5000,18500,HEATWAVE,Excavator & Crusher Motor Thermal Overload,Stagger 30-min Cooling Cycles & Night Shift Extraction,87.2,12025
2023-03-02,Mansar West Mine,9.6,42.9,41.1,81.8,1,1500,6429,8571,HEATWAVE,Excavator & Crusher Motor Thermal Overload,Stagger 30-min Cooling Cycles & Night Shift Extraction,94.1,5571
2023-03-02,Dongri Buzurg Mine,9.6,42.9,41.1,81.8,1,1500,5000,16278,HEATWAVE,Excavator & Crusher Motor Thermal Overload,Stagger 30-min Cooling Cycles & Night Shift Extraction,92.1,10580
2023-03-02,Ukwa East Mine,9.6,42.9,41.1,81.8,1,1500,5000,18259,HEATWAVE,Excavator & Crusher Motor Thermal Overload,Stagger 30-min Cooling Cycles & Night Shift Extraction,87.6,11868
2023-03-03,Balaghat Central Mine,16.5,39.0,34.1,62.5,4,1500,5000,18500,FLEET_BREAKDOWN,Haul Truck & Shovel Mechanical Failure,Reallocate Backup Fleet & Deploy Mobile Mechanics,92.9,14800
2023-03-03,Mansar West Mine,16.5,39.0,34.1,62.5,4,1500,5000,18500,FLEET_BREAKDOWN,Haul Truck & Shovel Mechanical Failure,Reallocate Backup Fleet & Deploy Mobile Mechanics,87.0,14800
2023-03-03,Dongri Buzurg Mine,16.5,39.0,34.1,62.5,4,1500,5000,18500,FLEET_BREAKDOWN,Haul Truck & Shovel Mechanical Failure,Reallocate Backup Fleet & Deploy Mobile Mechanics,96.4,14800
2023-03-03,Ukwa East Mine,16.5,39.0,34.1,62.5,4,1500,5000,18500,FLEET_BREAKDOWN,Haul Truck & Shovel Mechanical Failure,Reallocate Backup Fleet & Deploy Mobile Mechanics,88.9,14800
2023-03-04,Balaghat Central Mine,16.8,42.4,43.1,67.0,3,1500,5000,14352,HEATWAVE,Excavator & Crusher Motor Thermal Overload,Stagger 30-min Cooling Cycles & Night Shift Extraction,91.5,9328
2023-03-04,Mansar West Mine,16.8,42.4,43.1,67.0,3,1500,5000,14199,HEATWAVE,Excavator & Crusher Motor Thermal Overload,Stagger 30-min Cooling Cycles & Night Shift Extraction,87.6,9229
2023-03-04,Dongri Buzurg Mine,16.8,42.4,43.1,67.0,3,1500,5000,17172,HEATWAVE,Excavator & Crusher Motor Thermal Overload,Stagger 30-min Cooling Cycles & Night Shift Extraction,90.4,11161
2023-03-04,Ukwa East Mine,16.8,42.4,43.1,67.0,3,1500,5000,13325,HEATWAVE,Excavator & Crusher Motor Thermal Overload,Stagger 30-min Cooling Cycles & Night Shift Extraction,90.3,8661
2023-03-05,Balaghat Central Mine,1.4,36.8,42.4,90.3,4,1500,15000,0,NORMAL,Optimal Mine Operations,Maintain Standard Production Schedule,97.8,0
2023-03-05,Mansar West Mine,1.4,36.8,42.4,90.3,4,1500,8009,6991,NORMAL,Optimal Mine Operations,Maintain Standard Production Schedule,85.3,6991
2023-03-05,Dongri Buzurg Mine,1.4,36.8,42.4,90.3,4,1500,14380,620,NORMAL,Optimal Mine Operations,Maintain Standard Production Schedule,89.4,620
2023-03-05,Ukwa East Mine,1.4,36.8,42.4,90.3,4,1500,10653,4347,NORMAL,Optimal Mine Operations,Maintain Standard Production Schedule,87.8,4347
2023-03-06,Balaghat Central Mine,16.1,45.0,29.8,96.5,5,1500,5000,18500,HEATWAVE,Excavator & Crusher Motor Thermal Overload,Stagger 30-min Cooling Cycles & Night Shift Extraction,92.7,12025
2023-03-06,Mansar West Mine,16.1,45.0,29.8,96.5,5,1500,5000,18500,HEATWAVE,Excavator & Crusher Motor Thermal Overload,Stagger 30-min Cooling Cycles & Night Shift Extraction,85.9,12025
2023-03-06,Dongri Buzurg Mine,16.1,45.0,29.8,96.5,5,1500,5000,18500,HEATWAVE,Excavator & Crusher Motor Thermal Overload,Stagger 30-min Cooling Cycles & Night Shift Extraction,94.4,12025
2023-03-06,Ukwa East Mine,16.1,45.0,29.8,96.5,5,1500,5000,18500,HEATWAVE,Excavator & Crusher Motor Thermal Overload,Stagger 30-min Cooling Cycles & Night Shift Extraction,94.8,12025
2023-03-07,Balaghat Central Mine,3.8,42.2,20.2,57.1,1,1500,5000,13378,HEATWAVE,Excavator & Crusher Motor Thermal Overload,Stagger 30-min Cooling Cycles & Night Shift Extraction,96.1,8695
2023-03-07,Mansar West Mine,3.8,42.2,20.2,57.1,1,1500,5000,16195,HEATWAVE,Excavator & Crusher Motor Thermal Overload,Stagger 30-min Cooling Cycles & Night Shift Extraction,86.3,10526
2023-03-07,Dongri Buzurg Mine,3.8,42.2,20.2,57.1,1,1500,5000,13496,HEATWAVE,Excavator & Crusher Motor Thermal Overload,Stagger 30-min Cooling Cycles & Night Shift Extraction,86.7,8772
2023-03-07,Ukwa East Mine,3.8,42.2,20.2,57.1,1,1500,5000,18500,HEATWAVE,Excavator & Crusher Motor Thermal Overload,Stagger 30-min Cooling Cycles & Night Shift Extraction,91.7,12025
2023-03-08,Balaghat Central Mine,3.7,40.3,35.6,82.5,4,1500,5000,14973,HEATWAVE,Excavator & Crusher Motor Thermal Overload,Stagger 30-min Cooling Cycles & Night Shift Extraction,97.5,9732
2023-03-08,Mansar West Mine,3.7,40.3,35.6,82.5,4,1500,7711,7289,HEATWAVE,Excavator & Crusher Motor Thermal Overload,Stagger 30-min Cooling Cycles & Night Shift Extraction,94.7,4737
2023-03-08,Dongri Buzurg Mine,3.7,40.3,35.6,82.5,4,1500,5000,10095,HEATWAVE,Excavator & Crusher Motor Thermal Overload,Stagger 30-min Cooling Cycles & Night Shift Extraction,92.4,6561
2023-03-08,Ukwa East Mine,3.7,40.3,35.6,82.5,4,1500,9858,5142,HEATWAVE,Excavator & Crusher Motor Thermal Overload,Stagger 30-min Cooling Cycles & Night Shift Extraction,90.5,3342
2023-03-09,Balaghat Central Mine,4.1,44.3,42.5,94.0,1,1500,5000,18500,HEATWAVE,Excavator & Crusher Motor Thermal Overload,Stagger 30-min Cooling Cycles & Night Shift Extraction,94.1,12025
2023-03-09,Mansar West Mine,4.1,44.3,42.5,94.0,1,1500,5000,18500,HEATWAVE,Excavator & Crusher Motor Thermal Overload,Stagger 30-min Cooling Cycles & Night Shift Extraction,94.6,12025
2023-03-09,Dongri Buzurg Mine,4.1,44.3,42.5,94.0,1,1500,5000,18500,HEATWAVE,Excavator & Crusher Motor Thermal Overload,Stagger 30-min Cooling Cycles & Night Shift Extraction,93.0,12025
2023-03-09,Ukwa East Mine,4.1,44.3,42.5,94.0,1,1500,5000,18500,HEATWAVE,Excavator & Crusher Motor Thermal Overload,Stagger 30-min Cooling Cycles & Night Shift Extraction,86.4,12025
2023-03-10,Balaghat Central Mine,7.7,44.1,39.0,90.3,1,1500,5000,18500,HEATWAVE,Excavator & Crusher Motor Thermal Overload,Stagger 30-min Cooling Cycles & Night Shift Extraction,94.4,12025
2023-03-10,Mansar West Mine,7.7,44.1,39.0,90.3,1,1500,5000,18500,HEATWAVE,Excavator & Crusher Motor Thermal Overload,Stagger 30-min Cooling Cycles & Night Shift Extraction,86.2,12025
2023-03-10,Dongri Buzurg Mine,7.7,44.1,39.0,90.3,1,1500,5000,18500,HEATWAVE,Excavator & Crusher Motor Thermal Overload,Stagger 30-min Cooling Cycles & Night Shift Extraction,90.3,12025
2023-03-10,Ukwa East Mine,7.7,44.1,39.0,90.3,1,1500,5000,18500,HEATWAVE,Excavator & Crusher Motor Thermal Overload,Stagger 30-min Cooling Cycles & Night Shift Extraction,93.6,12025
2023-03-11,Balaghat Central Mine,7.9,43.3,21.8,96.9,1,1500,5000,18500,HEATWAVE,Excavator & Crusher Motor Thermal Overload,Stagger 30-min Cooling Cycles & Night Shift Extraction,92.9,12025
2023-03-11,Mansar West Mine,7.9,43.3,21.8,96.9,1,1500,5000,18500,HEATWAVE,Excavator & Crusher Motor Thermal Overload,Stagger 30-min Cooling Cycles & Night Shift Extraction,86.3,12025
2023-03-11,Dongri Buzurg Mine,7.9,43.3,21.8,96.9,1,1500,5000,17915,HEATWAVE,Excavator & Crusher Motor Thermal Overload,Stagger 30-min Cooling Cycles & Night Shift Extraction,89.5,11644
2023-03-11,Ukwa East Mine,7.9,43.3,21.8,96.9,1,1500,5000,18500,HEATWAVE,Excavator & Crusher Motor Thermal Overload,Stagger 30-min Cooling Cycles & Night Shift Extraction,90.4,12025
2023-03-12,Balaghat Central Mine,1.6,43.7,16.1,87.4,1,1500,5000,18500,HEATWAVE,Excavator & Crusher Motor Thermal Overload,Stagger 30-min Cooling Cycles & Night Shift Extraction,90.6,12025
2023-03-12,Mansar West Mine,1.6,43.7,16.1,87.4,1,1500,5000,18500,HEATWAVE,Excavator & Crusher Motor Thermal Overload,Stagger 30-min Cooling Cycles & Night Shift Extraction,85.2,12025
2023-03-12,Dongri Buzurg Mine,1.6,43.7,16.1,87.4,1,1500,5000,16514,HEATWAVE,Excavator & Crusher Motor Thermal Overload,Stagger 30-min Cooling Cycles & Night Shift Extraction,94.0,10734
2023-03-12,Ukwa East Mine,1.6,43.7,16.1,87.4,1,1500,5000,18500,HEATWAVE,Excavator & Crusher Motor Thermal Overload,Stagger 30-min Cooling Cycles & Night Shift Extraction,88.7,12025
2023-03-13,Balaghat Central Mine,7.1,45.1,37.1,88.4,2,1500,5000,18500,HEATWAVE,Excavator & Crusher Motor Thermal Overload,Stagger 30-min Cooling Cycles & Night Shift Extraction,90.0,12025
2023-03-13,Mansar West Mine,7.1,45.1,37.1,88.4,2,1500,5000,18500,HEATWAVE,Excavator & Crusher Motor Thermal Overload,Stagger 30-min Cooling Cycles & Night Shift Extraction,89.6,12025
2023-03-13,Dongri Buzurg Mine,7.1,45.1,37.1,88.4,2,1500,5000,18500,HEATWAVE,Excavator & Crusher Motor Thermal Overload,Stagger 30-min Cooling Cycles & Night Shift Extraction,86.2,12025
2023-03-13,Ukwa East Mine,7.1,45.1,37.1,88.4,2,1500,5000,18500,HEATWAVE,Excavator & Crusher Motor Thermal Overload,Stagger 30-min Cooling Cycles & Night Shift Extraction,94.7,12025
2023-03-14,Balaghat Central Mine,0.3,39.9,31.8,84.2,3,1500,14488,512,NORMAL,Optimal Mine Operations,Maintain Standard Production Schedule,97.6,512
2023-03-14,Mansar West Mine,0.3,39.9,31.8,84.2,3,1500,11866,3134,NORMAL,Optimal Mine Operations,Maintain Standard Production Schedule,86.1,3134
2023-03-14,Dongri Buzurg Mine,0.3,39.9,31.8,84.2,3,1500,15000,0,NORMAL,Optimal Mine Operations,Maintain Standard Production Schedule,88.4,0
2023-03-14,Ukwa East Mine,0.3,39.9,31.8,84.2,3,1500,12443,2557,NORMAL,Optimal Mine Operations,Maintain Standard Production Schedule,92.7,2557
2023-03-15,Balaghat Central Mine,13.8,41.1,25.3,76.9,4,1500,5000,17090,HEATWAVE,Excavator & Crusher Motor Thermal Overload,Stagger 30-min Cooling Cycles & Night Shift Extraction,86.1,11108
2023-03-15,Mansar West Mine,13.8,41.1,25.3,76.9,4,1500,5000,14064,HEATWAVE,Excavator & Crusher Motor Thermal Overload,Stagger 30-min Cooling Cycles & Night Shift Extraction,95.3,9141
2023-03-15,Dongri Buzurg Mine,13.8,41.1,25.3,76.9,4,1500,5000,13448,HEATWAVE,Excavator & Crusher Motor Thermal Overload,Stagger 30-min Cooling Cycles & Night Shift Extraction,89.1,8741
2023-03-15,Ukwa East Mine,13.8,41.1,25.3,76.9,4,1500,5000,13836,HEATWAVE,Excavator & Crusher Motor Thermal Overload,Stagger 30-min Cooling Cycles & Night Shift Extraction,88.4,8993
2023-03-16,Balaghat Central Mine,12.2,39.5,39.7,71.3,1,1500,5000,18500,FLEET_BREAKDOWN,Haul Truck & Shovel Mechanical Failure,Reallocate Backup Fleet & Deploy Mobile Mechanics,92.6,14800
2023-03-16,Mansar West Mine,12.2,39.5,39.7,71.3,1,1500,5000,18500,FLEET_BREAKDOWN,Haul Truck & Shovel Mechanical Failure,Reallocate Backup Fleet & Deploy Mobile Mechanics,89.6,14800
2023-03-16,Dongri Buzurg Mine,12.2,39.5,39.7,71.3,1,1500,5000,18500,FLEET_BREAKDOWN,Haul Truck & Shovel Mechanical Failure,Reallocate Backup Fleet & Deploy Mobile Mechanics,92.2,14800
2023-03-16,Ukwa East Mine,12.2,39.5,39.7,71.3,1,1500,5000,18500,FLEET_BREAKDOWN,Haul Truck & Shovel Mechanical Failure,Reallocate Backup Fleet & Deploy Mobile Mechanics,93.6,14800
2023-03-17,Balaghat Central Mine,4.6,39.2,41.3,84.8,4,1500,15000,0,NORMAL,Optimal Mine Operations,Maintain Standard Production Schedule,96.9,0
2023-03-17,Mansar West Mine,4.6,39.2,41.3,84.8,4,1500,15000,0,NORMAL,Optimal Mine Operations,Maintain Standard Production Schedule,86.8,0
2023-03-17,Dongri Buzurg Mine,4.6,39.2,41.3,84.8,4,1500,15000,0,NORMAL,Optimal Mine Operations,Maintain Standard Production Schedule,88.8,0
2023-03-17,Ukwa East Mine,4.6,39.2,41.3,84.8,4,1500,11376,3624,NORMAL,Optimal Mine Operations,Maintain Standard Production Schedule,93.0,3624
2023-03-18,Balaghat Central Mine,3.0,36.0,29.4,92.4,5,1500,14075,925,NORMAL,Optimal Mine Operations,Maintain Standard Production Schedule,89.5,925
2023-03-18,Mansar West Mine,3.0,36.0,29.4,92.4,5,1500,14561,439,NORMAL,Optimal Mine Operations,Maintain Standard Production Schedule,89.8,439
2023-03-18,Dongri Buzurg Mine,3.0,36.0,29.4,92.4,5,1500,13155,1845,NORMAL,Optimal Mine Operations,Maintain Standard Production Schedule,94.4,1845
2023-03-18,Ukwa East Mine,3.0,36.0,29.4,92.4,5,1500,14793,207,NORMAL,Optimal Mine Operations,Maintain Standard Production Schedule,86.5,207
2023-03-19,Balaghat Central Mine,13.2,41.9,28.3,63.7,1,1500,5000,14147,HEATWAVE,Excavator & Crusher Motor Thermal Overload,Stagger 30-min Cooling Cycles & Night Shift Extraction,88.1,9195
2023-03-19,Mansar West Mine,13.2,41.9,28.3,63.7,1,1500,5000,12787,HEATWAVE,Excavator & Crusher Motor Thermal Overload,Stagger 30-min Cooling Cycles & Night Shift Extraction,96.3,8311
2023-03-19,Dongri Buzurg Mine,13.2,41.9,28.3,63.7,1,1500,5000,18026,HEATWAVE,Excavator & Crusher Motor Thermal Overload,Stagger 30-min Cooling Cycles & Night Shift Extraction,89.0,11716
2023-03-19,Ukwa East Mine,13.2,41.9,28.3,63.7,1,1500,5205,9795,HEATWAVE,Excavator & Crusher Motor Thermal Overload,Stagger 30-min Cooling Cycles & Night Shift Extraction,94.3,6366
2023-03-20,Balaghat Central Mine,16.3,45.0,36.4,57.8,1,1500,5000,18500,HEATWAVE,Excavator & Crusher Motor Thermal Overload,Stagger 30-min Cooling Cycles & Night Shift Extraction,92.3,12025
2023-03-20,Mansar West Mine,16.3,45.0,36.4,57.8,1,1500,5000,18500,HEATWAVE,Excavator & Crusher Motor Thermal Overload,Stagger 30-min Cooling Cycles & Night Shift Extraction,90.3,12025
2023-03-20,Dongri Buzurg Mine,16.3,45.0,36.4,57.8,1,1500,5000,18500,HEATWAVE,Excavator & Crusher Motor Thermal Overload,Stagger 30-min Cooling Cycles & Night Shift Extraction,95.6,12025
2023-03-20,Ukwa East Mine,16.3,45.0,36.4,57.8,1,1500,5000,18500,HEATWAVE,Excavator & Crusher Motor Thermal Overload,Stagger 30-min Cooling Cycles & Night Shift Extraction,89.4,12025
2023-03-21,Balaghat Central Mine,12.8,45.4,23.3,80.5,4,1500,5000,18500,HEATWAVE,Excavator & Crusher Motor Thermal Overload,Stagger 30-min Cooling Cycles & Night Shift Extraction,94.1,12025
2023-03-21,Mansar West Mine,12.8,45.4,23.3,80.5,4,1500,5000,18500,HEATWAVE,Excavator & Crusher Motor Thermal Overload,Stagger 30-min Cooling Cycles & Night Shift Extraction,86.9,12025
2023-03-21,Dongri Buzurg Mine,12.8,45.4,23.3,80.5,4,1500,5000,18500,HEATWAVE,Excavator & Crusher Motor Thermal Overload,Stagger 30-min Cooling Cycles & Night Shift Extraction,90.7,12025
2023-03-21,Ukwa East Mine,12.8,45.4,23.3,80.5,4,1500,5000,18500,HEATWAVE,Excavator & Crusher Motor Thermal Overload,Stagger 30-min Cooling Cycles & Night Shift Extraction,96.1,12025
2023-03-22,Balaghat Central Mine,10.0,43.8,30.9,86.1,5,1500,5000,16491,HEATWAVE,Excavator & Crusher Motor Thermal Overload,Stagger 30-min Cooling Cycles & Night Shift Extraction,94.8,10719
2023-03-22,Mansar West Mine,10.0,43.8,30.9,86.1,5,1500,5000,18500,HEATWAVE,Excavator & Crusher Motor Thermal Overload,Stagger 30-min Cooling Cycles & Night Shift Extraction,91.5,12025
2023-03-22,Dongri Buzurg Mine,10.0,43.8,30.9,86.1,5,1500,5000,18500,HEATWAVE,Excavator & Crusher Motor Thermal Overload,Stagger 30-min Cooling Cycles & Night Shift Extraction,95.8,12025
2023-03-22,Ukwa East Mine,10.0,43.8,30.9,86.1,5,1500,5000,17349,HEATWAVE,Excavator & Crusher Motor Thermal Overload,Stagger 30-min Cooling Cycles & Night Shift Extraction,97.6,11276
2023-03-23,Balaghat Central Mine,4.9,39.7,22.1,88.5,4,1500,8745,6255,NORMAL,Optimal Mine Operations,Maintain Standard Production Schedule,96.5,6255
2023-03-23,Mansar West Mine,4.9,39.7,22.1,88.5,4,1500,13478,1522,NORMAL,Optimal Mine Operations,Maintain Standard Production Schedule,89.2,1522
2023-03-23,Dongri Buzurg Mine,4.9,39.7,22.1,88.5,4,1500,15000,0,NORMAL,Optimal Mine Operations,Maintain Standard Production Schedule,97.1,0
2023-03-23,Ukwa East Mine,4.9,39.7,22.1,88.5,4,1500,14351,649,NORMAL,Optimal Mine Operations,Maintain Standard Production Schedule,86.0,649
2023-03-24,Balaghat Central Mine,8.7,36.3,40.8,85.0,5,1500,15000,0,NORMAL,Optimal Mine Operations,Maintain Standard Production Schedule,95.7,0
2023-03-24,Mansar West Mine,8.7,36.3,40.8,85.0,5,1500,14427,573,NORMAL,Optimal Mine Operations,Maintain Standard Production Schedule,94.7,573
2023-03-24,Dongri Buzurg Mine,8.7,36.3,40.8,85.0,5,1500,13804,1196,NORMAL,Optimal Mine Operations,Maintain Standard Production Schedule,88.1,1196
2023-03-24,Ukwa East Mine,8.7,36.3,40.8,85.0,5,1500,13300,1700,NORMAL,Optimal Mine Operations,Maintain Standard Production Schedule,87.6,1700
2023-03-25,Balaghat Central Mine,14.5,40.9,39.4,78.9,3,1500,5000,14571,HEATWAVE,Excavator & Crusher Motor Thermal Overload,Stagger 30-min Cooling Cycles & Night Shift Extraction,91.8,9471
2023-03-25,Mansar West Mine,14.5,40.9,39.4,78.9,3,1500,5000,12055,HEATWAVE,Excavator & Crusher Motor Thermal Overload,Stagger 30-min Cooling Cycles & Night Shift Extraction,94.2,7835
2023-03-25,Dongri Buzurg Mine,14.5,40.9,39.4,78.9,3,1500,7643,7357,HEATWAVE,Excavator & Crusher Motor Thermal Overload,Stagger 30-min Cooling Cycles & Night Shift Extraction,91.9,4782
2023-03-25,Ukwa East Mine,14.5,40.9,39.4,78.9,3,1500,5000,17666,HEATWAVE,Excavator & Crusher Motor Thermal Overload,Stagger 30-min Cooling Cycles & Night Shift Extraction,91.4,11482
2023-03-26,Balaghat Central Mine,13.5,45.1,37.2,93.3,2,1500,5000,18500,HEATWAVE,Excavator & Crusher Motor Thermal Overload,Stagger 30-min Cooling Cycles & Night Shift Extraction,85.7,12025
2023-03-26,Mansar West Mine,13.5,45.1,37.2,93.3,2,1500,5000,18500,HEATWAVE,Excavator & Crusher Motor Thermal Overload,Stagger 30-min Cooling Cycles & Night Shift Extraction,90.8,12025
2023-03-26,Dongri Buzurg Mine,13.5,45.1,37.2,93.3,2,1500,5000,18500,HEATWAVE,Excavator & Crusher Motor Thermal Overload,Stagger 30-min Cooling Cycles & Night Shift Extraction,85.1,12025
2023-03-26,Ukwa East Mine,13.5,45.1,37.2,93.3,2,1500,5000,18500,HEATWAVE,Excavator & Crusher Motor Thermal Overload,Stagger 30-min Cooling Cycles & Night Shift Extraction,91.0,12025
2023-03-27,Balaghat Central Mine,9.3,45.5,42.5,83.5,2,1500,5000,18500,HEATWAVE,Excavator & Crusher Motor Thermal Overload,Stagger 30-min Cooling Cycles & Night Shift Extraction,85.2,12025
2023-03-27,Mansar West Mine,9.3,45.5,42.5,83.5,2,1500,5000,18500,HEATWAVE,Excavator & Crusher Motor Thermal Overload,Stagger 30-min Cooling Cycles & Night Shift Extraction,94.9,12025
2023-03-27,Dongri Buzurg Mine,9.3,45.5,42.5,83.5,2,1500,5000,18500,HEATWAVE,Excavator & Crusher Motor Thermal Overload,Stagger 30-min Cooling Cycles & Night Shift Extraction,85.9,12025
2023-03-27,Ukwa East Mine,9.3,45.5,42.5,83.5,2,1500,5000,18500,HEATWAVE,Excavator & Crusher Motor Thermal Overload,Stagger 30-min Cooling Cycles & Night Shift Extraction,89.8,12025
2023-03-28,Balaghat Central Mine,19.2,37.5,40.1,96.8,4,1500,15000,0,NORMAL,Optimal Mine Operations,Maintain Standard Production Schedule,89.4,0
2023-03-28,Mansar West Mine,19.2,37.5,40.1,96.8,4,1500,15000,0,NORMAL,Optimal Mine Operations,Maintain Standard Production Schedule,91.2,0
2023-03-28,Dongri Buzurg Mine,19.2,37.5,40.1,96.8,4,1500,15000,0,NORMAL,Optimal Mine Operations,Maintain Standard Production Schedule,94.4,0
2023-03-28,Ukwa East Mine,19.2,37.5,40.1,96.8,4,1500,14807,193,NORMAL,Optimal Mine Operations,Maintain Standard Production Schedule,94.1,193
2023-03-29,Balaghat Central Mine,19.3,36.5,40.8,88.2,3,1500,13458,1542,NORMAL,Optimal Mine Operations,Maintain Standard Production Schedule,94.6,1542
2023-03-29,Mansar West Mine,19.3,36.5,40.8,88.2,3,1500,13038,1962,NORMAL,Optimal Mine Operations,Maintain Standard Production Schedule,93.8,1962
2023-03-29,Dongri Buzurg Mine,19.3,36.5,40.8,88.2,3,1500,14285,715,NORMAL,Optimal Mine Operations,Maintain Standard Production Schedule,97.6,715
2023-03-29,Ukwa East Mine,19.3,36.5,40.8,88.2,3,1500,14484,516,NORMAL,Optimal Mine Operations,Maintain Standard Production Schedule,94.4,516
2023-03-30,Balaghat Central Mine,7.5,40.7,20.0,67.4,1,1500,5000,16718,HEATWAVE,Excavator & Crusher Motor Thermal Overload,Stagger 30-min Cooling Cycles & Night Shift Extraction,95.1,10866
2023-03-30,Mansar West Mine,7.5,40.7,20.0,67.4,1,1500,5000,14573,HEATWAVE,Excavator & Crusher Motor Thermal Overload,Stagger 30-min Cooling Cycles & Night Shift Extraction,89.8,9472
2023-03-30,Dongri Buzurg Mine,7.5,40.7,20.0,67.4,1,1500,5000,10654,HEATWAVE,Excavator & Crusher Motor Thermal Overload,Stagger 30-min Cooling Cycles & Night Shift Extraction,93.3,6925
2023-03-30,Ukwa East Mine,7.5,40.7,20.0,67.4,1,1500,8588,6412,HEATWAVE,Excavator & Crusher Motor Thermal Overload,Stagger 30-min Cooling Cycles & Night Shift Extraction,92.4,4167
2023-03-31,Balaghat Central Mine,8.4,45.5,37.9,72.3,5,1500,5000,18500,HEATWAVE,Excavator & Crusher Motor Thermal Overload,Stagger 30-min Cooling Cycles & Night Shift Extraction,88.1,12025
2023-03-31,Mansar West Mine,8.4,45.5,37.9,72.3,5,1500,5000,18500,HEATWAVE,Excavator & Crusher Motor Thermal Overload,Stagger 30-min Cooling Cycles & Night Shift Extraction,91.3,12025
2023-03-31,Dongri Buzurg Mine,8.4,45.5,37.9,72.3,5,1500,5000,18500,HEATWAVE,Excavator & Crusher Motor Thermal Overload,Stagger 30-min Cooling Cycles & Night Shift Extraction,92.6,12025
2023-03-31,Ukwa East Mine,8.4,45.5,37.9,72.3,5,1500,5000,18500,HEATWAVE,Excavator & Crusher Motor Thermal Overload,Stagger 30-min Cooling Cycles & Night Shift Extraction,97.5,12025
2023-04-01,Balaghat Central Mine,11.4,43.5,20.9,72.8,5,1500,5000,18500,HEATWAVE,Excavator & Crusher Motor Thermal Overload,Stagger 30-min Cooling Cycles & Night Shift Extraction,85.5,12025
2023-04-01,Mansar West Mine,11.4,43.5,20.9,72.8,5,1500,5000,16442,HEATWAVE,Excavator & Crusher Motor Thermal Overload,Stagger 30-min Cooling Cycles & Night Shift Extraction,95.3,10687
2023-04-01,Dongri Buzurg Mine,11.4,43.5,20.9,72.8,5,1500,5000,18500,HEATWAVE,Excavator & Crusher Motor Thermal Overload,Stagger 30-min Cooling Cycles & Night Shift Extraction,94.8,12025
2023-04-01,Ukwa East Mine,11.4,43.5,20.9,72.8,5,1500,5000,18500,HEATWAVE,Excavator & Crusher Motor Thermal Overload,Stagger 30-min Cooling Cycles & Night Shift Extraction,97.1,12025
2023-04-02,Balaghat Central Mine,7.2,38.9,30.1,88.7,2,1500,15000,0,NORMAL,Optimal Mine Operations,Maintain Standard Production Schedule,91.1,0
2023-04-02,Mansar West Mine,7.2,38.9,30.1,88.7,2,1500,15000,0,NORMAL,Optimal Mine Operations,Maintain Standard Production Schedule,96.3,0
2023-04-02,Dongri Buzurg Mine,7.2,38.9,30.1,88.7,2,1500,15000,0,NORMAL,Optimal Mine Operations,Maintain Standard Production Schedule,87.5,0
2023-04-02,Ukwa East Mine,7.2,38.9,30.1,88.7,2,1500,11914,3086,NORMAL,Optimal Mine Operations,Maintain Standard Production Schedule,97.8,3086
2023-04-03,Balaghat Central Mine,15.8,38.4,38.3,95.7,3,1500,15000,0,NORMAL,Optimal Mine Operations,Maintain Standard Production Schedule,88.2,0
2023-04-03,Mansar West Mine,15.8,38.4,38.3,95.7,3,1500,14503,497,NORMAL,Optimal Mine Operations,Maintain Standard Production Schedule,89.5,497
2023-04-03,Dongri Buzurg Mine,15.8,38.4,38.3,95.7,3,1500,15000,0,NORMAL,Optimal Mine Operations,Maintain Standard Production Schedule,94.5,0
2023-04-03,Ukwa East Mine,15.8,38.4,38.3,95.7,3,1500,13460,1540,NORMAL,Optimal Mine Operations,Maintain Standard Production Schedule,89.5,1540
2023-04-04,Balaghat Central Mine,0.9,41.5,41.2,94.2,4,1500,5000,13761,HEATWAVE,Excavator & Crusher Motor Thermal Overload,Stagger 30-min Cooling Cycles & Night Shift Extraction,91.1,8944
2023-04-04,Mansar West Mine,0.9,41.5,41.2,94.2,4,1500,5000,11963,HEATWAVE,Excavator & Crusher Motor Thermal Overload,Stagger 30-min Cooling Cycles & Night Shift Extraction,89.5,7775
2023-04-04,Dongri Buzurg Mine,0.9,41.5,41.2,94.2,4,1500,5000,17190,HEATWAVE,Excavator & Crusher Motor Thermal Overload,Stagger 30-min Cooling Cycles & Night Shift Extraction,98.0,11173
2023-04-04,Ukwa East Mine,0.9,41.5,41.2,94.2,4,1500,5000,16011,HEATWAVE,Excavator & Crusher Motor Thermal Overload,Stagger 30-min Cooling Cycles & Night Shift Extraction,96.9,10407
2023-04-05,Balaghat Central Mine,8.2,38.1,17.7,71.4,3,1500,5000,18500,FLEET_BREAKDOWN,Haul Truck & Shovel Mechanical Failure,Reallocate Backup Fleet & Deploy Mobile Mechanics,90.3,14800
2023-04-05,Mansar West Mine,8.2,38.1,17.7,71.4,3,1500,5000,18500,FLEET_BREAKDOWN,Haul Truck & Shovel Mechanical Failure,Reallocate Backup Fleet & Deploy Mobile Mechanics,97.8,14800
2023-04-05,Dongri Buzurg Mine,8.2,38.1,17.7,71.4,3,1500,5000,18500,FLEET_BREAKDOWN,Haul Truck & Shovel Mechanical Failure,Reallocate Backup Fleet & Deploy Mobile Mechanics,94.0,14800
2023-04-05,Ukwa East Mine,8.2,38.1,17.7,71.4,3,1500,5000,18500,FLEET_BREAKDOWN,Haul Truck & Shovel Mechanical Failure,Reallocate Backup Fleet & Deploy Mobile Mechanics,92.8,14800
2023-04-06,Balaghat Central Mine,19.4,43.1,23.2,62.6,4,1500,5000,17083,HEATWAVE,Excavator & Crusher Motor Thermal Overload,Stagger 30-min Cooling Cycles & Night Shift Extraction,88.8,11103
2023-04-06,Mansar West Mine,19.4,43.1,23.2,62.6,4,1500,5000,18500,HEATWAVE,Excavator & Crusher Motor Thermal Overload,Stagger 30-min Cooling Cycles & Night Shift Extraction,85.3,12025
2023-04-06,Dongri Buzurg Mine,19.4,43.1,23.2,62.6,4,1500,5000,18500,HEATWAVE,Excavator & Crusher Motor Thermal Overload,Stagger 30-min Cooling Cycles & Night Shift Extraction,86.3,12025
2023-04-06,Ukwa East Mine,19.4,43.1,23.2,62.6,4,1500,5000,18500,HEATWAVE,Excavator & Crusher Motor Thermal Overload,Stagger 30-min Cooling Cycles & Night Shift Extraction,91.6,12025
2023-04-07,Balaghat Central Mine,13.8,41.8,22.9,81.0,3,1500,5000,17745,HEATWAVE,Excavator & Crusher Motor Thermal Overload,Stagger 30-min Cooling Cycles & Night Shift Extraction,85.1,11534
2023-04-07,Mansar West Mine,13.8,41.8,22.9,81.0,3,1500,5000,11086,HEATWAVE,Excavator & Crusher Motor Thermal Overload,Stagger 30-min Cooling Cycles & Night Shift Extraction,94.8,7205
2023-04-07,Dongri Buzurg Mine,13.8,41.8,22.9,81.0,3,1500,5000,18500,HEATWAVE,Excavator & Crusher Motor Thermal Overload,Stagger 30-min Cooling Cycles & Night Shift Extraction,88.0,12025
2023-04-07,Ukwa East Mine,13.8,41.8,22.9,81.0,3,1500,6349,8651,HEATWAVE,Excavator & Crusher Motor Thermal Overload,Stagger 30-min Cooling Cycles & Night Shift Extraction,92.6,5623
2023-04-08,Balaghat Central Mine,3.7,42.2,36.9,92.2,5,1500,5000,12583,HEATWAVE,Excavator & Crusher Motor Thermal Overload,Stagger 30-min Cooling Cycles & Night Shift Extraction,88.1,8178
2023-04-08,Mansar West Mine,3.7,42.2,36.9,92.2,5,1500,5000,14434,HEATWAVE,Excavator & Crusher Motor Thermal Overload,Stagger 30-min Cooling Cycles & Night Shift Extraction,86.0,9382
2023-04-08,Dongri Buzurg Mine,3.7,42.2,36.9,92.2,5,1500,5000,17523,HEATWAVE,Excavator & Crusher Motor Thermal Overload,Stagger 30-min Cooling Cycles & Night Shift Extraction,86.6,11389
2023-04-08,Ukwa East Mine,3.7,42.2,36.9,92.2,5,1500,5000,13113,HEATWAVE,Excavator & Crusher Motor Thermal Overload,Stagger 30-min Cooling Cycles & Night Shift Extraction,92.4,8523
2023-04-09,Balaghat Central Mine,3.8,42.9,39.9,69.8,5,1500,5000,17281,HEATWAVE,Excavator & Crusher Motor Thermal Overload,Stagger 30-min Cooling Cycles & Night Shift Extraction,94.0,11232
2023-04-09,Mansar West Mine,3.8,42.9,39.9,69.8,5,1500,5000,14948,HEATWAVE,Excavator & Crusher Motor Thermal Overload,Stagger 30-min Cooling Cycles & Night Shift Extraction,91.5,9716
2023-04-09,Dongri Buzurg Mine,3.8,42.9,39.9,69.8,5,1500,5000,16727,HEATWAVE,Excavator & Crusher Motor Thermal Overload,Stagger 30-min Cooling Cycles & Night Shift Extraction,97.7,10872
2023-04-09,Ukwa East Mine,3.8,42.9,39.9,69.8,5,1500,5000,18500,HEATWAVE,Excavator & Crusher Motor Thermal Overload,Stagger 30-min Cooling Cycles & Night Shift Extraction,93.5,12025
2023-04-10,Balaghat Central Mine,16.5,41.2,33.5,96.6,4,1500,5000,13111,HEATWAVE,Excavator & Crusher Motor Thermal Overload,Stagger 30-min Cooling Cycles & Night Shift Extraction,91.6,8522
2023-04-10,Mansar West Mine,16.5,41.2,33.5,96.6,4,1500,5000,15892,HEATWAVE,Excavator & Crusher Motor Thermal Overload,Stagger 30-min Cooling Cycles & Night Shift Extraction,97.9,10329
2023-04-10,Dongri Buzurg Mine,16.5,41.2,33.5,96.6,4,1500,5000,10094,HEATWAVE,Excavator & Crusher Motor Thermal Overload,Stagger 30-min Cooling Cycles & Night Shift Extraction,94.9,6561
2023-04-10,Ukwa East Mine,16.5,41.2,33.5,96.6,4,1500,5000,14922,HEATWAVE,Excavator & Crusher Motor Thermal Overload,Stagger 30-min Cooling Cycles & Night Shift Extraction,88.8,9699
2023-04-11,Balaghat Central Mine,7.6,37.8,29.6,61.3,5,1500,5000,18500,FLEET_BREAKDOWN,Haul Truck & Shovel Mechanical Failure,Reallocate Backup Fleet & Deploy Mobile Mechanics,97.4,14800
2023-04-11,Mansar West Mine,7.6,37.8,29.6,61.3,5,1500,5000,18500,FLEET_BREAKDOWN,Haul Truck & Shovel Mechanical Failure,Reallocate Backup Fleet & Deploy Mobile Mechanics,88.8,14800
2023-04-11,Dongri Buzurg Mine,7.6,37.8,29.6,61.3,5,1500,5000,18500,FLEET_BREAKDOWN,Haul Truck & Shovel Mechanical Failure,Reallocate Backup Fleet & Deploy Mobile Mechanics,92.3,14800
2023-04-11,Ukwa East Mine,7.6,37.8,29.6,61.3,5,1500,5000,18500,FLEET_BREAKDOWN,Haul Truck & Shovel Mechanical Failure,Reallocate Backup Fleet & Deploy Mobile Mechanics,85.6,14800
2023-04-12,Balaghat Central Mine,11.7,41.2,17.9,84.6,5,1500,5000,12484,HEATWAVE,Excavator & Crusher Motor Thermal Overload,Stagger 30-min Cooling Cycles & Night Shift Extraction,93.2,8114
2023-04-12,Mansar West Mine,11.7,41.2,17.9,84.6,5,1500,5000,15095,HEATWAVE,Excavator & Crusher Motor Thermal Overload,Stagger 30-min Cooling Cycles & Night Shift Extraction,87.0,9811
2023-04-12,Dongri Buzurg Mine,11.7,41.2,17.9,84.6,5,1500,5000,13347,HEATWAVE,Excavator & Crusher Motor Thermal Overload,Stagger 30-min Cooling Cycles & Night Shift Extraction,90.7,8675
2023-04-12,Ukwa East Mine,11.7,41.2,17.9,84.6,5,1500,5000,15952,HEATWAVE,Excavator & Crusher Motor Thermal Overload,Stagger 30-min Cooling Cycles & Night Shift Extraction,88.5,10368
2023-04-13,Balaghat Central Mine,9.8,38.8,27.2,88.7,5,1500,15000,0,NORMAL,Optimal Mine Operations,Maintain Standard Production Schedule,85.3,0
2023-04-13,Mansar West Mine,9.8,38.8,27.2,88.7,5,1500,15000,0,NORMAL,Optimal Mine Operations,Maintain Standard Production Schedule,93.3,0
2023-04-13,Dongri Buzurg Mine,9.8,38.8,27.2,88.7,5,1500,15000,0,NORMAL,Optimal Mine Operations,Maintain Standard Production Schedule,94.6,0
2023-04-13,Ukwa East Mine,9.8,38.8,27.2,88.7,5,1500,9022,5978,NORMAL,Optimal Mine Operations,Maintain Standard Production Schedule,90.8,5978
2023-04-14,Balaghat Central Mine,4.3,37.8,33.7,85.2,1,1500,15000,0,NORMAL,Optimal Mine Operations,Maintain Standard Production Schedule,94.7,0
2023-04-14,Mansar West Mine,4.3,37.8,33.7,85.2,1,1500,15000,0,NORMAL,Optimal Mine Operations,Maintain Standard Production Schedule,89.0,0
2023-04-14,Dongri Buzurg Mine,4.3,37.8,33.7,85.2,1,1500,15000,0,NORMAL,Optimal Mine Operations,Maintain Standard Production Schedule,86.7,0
2023-04-14,Ukwa East Mine,4.3,37.8,33.7,85.2,1,1500,15000,0,NORMAL,Optimal Mine Operations,Maintain Standard Production Schedule,91.7,0
2023-04-15,Balaghat Central Mine,13.3,36.0,19.0,71.1,5,1500,5000,18500,FLEET_BREAKDOWN,Haul Truck & Shovel Mechanical Failure,Reallocate Backup Fleet & Deploy Mobile Mechanics,95.0,14800
2023-04-15,Mansar West Mine,13.3,36.0,19.0,71.1,5,1500,5000,18500,FLEET_BREAKDOWN,Haul Truck & Shovel Mechanical Failure,Reallocate Backup Fleet & Deploy Mobile Mechanics,89.4,14800
2023-04-15,Dongri Buzurg Mine,13.3,36.0,19.0,71.1,5,1500,5000,18500,FLEET_BREAKDOWN,Haul Truck & Shovel Mechanical Failure,Reallocate Backup Fleet & Deploy Mobile Mechanics,86.9,14800
2023-04-15,Ukwa East Mine,13.3,36.0,19.0,71.1,5,1500,5000,18500,FLEET_BREAKDOWN,Haul Truck & Shovel Mechanical Failure,Reallocate Backup Fleet & Deploy Mobile Mechanics,90.5,14800
2023-04-16,Balaghat Central Mine,5.8,36.5,38.8,89.7,4,1500,15000,0,NORMAL,Optimal Mine Operations,Maintain Standard Production Schedule,88.1,0
2023-04-16,Mansar West Mine,5.8,36.5,38.8,89.7,4,1500,15000,0,NORMAL,Optimal Mine Operations,Maintain Standard Production Schedule,89.4,0
2023-04-16,Dongri Buzurg Mine,5.8,36.5,38.8,89.7,4,1500,8596,6404,NORMAL,Optimal Mine Operations,Maintain Standard Production Schedule,89.8,6404
2023-04-16,Ukwa East Mine,5.8,36.5,38.8,89.7,4,1500,15000,0,NORMAL,Optimal Mine Operations,Maintain Standard Production Schedule,93.4,0
2023-04-17,Balaghat Central Mine,13.9,43.3,23.5,65.2,3,1500,5000,18500,HEATWAVE,Excavator & Crusher Motor Thermal Overload,Stagger 30-min Cooling Cycles & Night Shift Extraction,93.1,12025
2023-04-17,Mansar West Mine,13.9,43.3,23.5,65.2,3,1500,5000,18500,HEATWAVE,Excavator & Crusher Motor Thermal Overload,Stagger 30-min Cooling Cycles & Night Shift Extraction,92.5,12025
2023-04-17,Dongri Buzurg Mine,13.9,43.3,23.5,65.2,3,1500,5000,16463,HEATWAVE,Excavator & Crusher Motor Thermal Overload,Stagger 30-min Cooling Cycles & Night Shift Extraction,87.5,10700
2023-04-17,Ukwa East Mine,13.9,43.3,23.5,65.2,3,1500,5000,18500,HEATWAVE,Excavator & Crusher Motor Thermal Overload,Stagger 30-min Cooling Cycles & Night Shift Extraction,90.6,12025
2023-04-18,Balaghat Central Mine,6.7,38.1,37.4,73.9,2,1500,5000,18500,FLEET_BREAKDOWN,Haul Truck & Shovel Mechanical Failure,Reallocate Backup Fleet & Deploy Mobile Mechanics,93.4,14800
2023-04-18,Mansar West Mine,6.7,38.1,37.4,73.9,2,1500,5000,18500,FLEET_BREAKDOWN,Haul Truck & Shovel Mechanical Failure,Reallocate Backup Fleet & Deploy Mobile Mechanics,86.3,14800
2023-04-18,Dongri Buzurg Mine,6.7,38.1,37.4,73.9,2,1500,5000,18500,FLEET_BREAKDOWN,Haul Truck & Shovel Mechanical Failure,Reallocate Backup Fleet & Deploy Mobile Mechanics,95.5,14800
2023-04-18,Ukwa East Mine,6.7,38.1,37.4,73.9,2,1500,5000,18500,FLEET_BREAKDOWN,Haul Truck & Shovel Mechanical Failure,Reallocate Backup Fleet & Deploy Mobile Mechanics,90.7,14800
2023-04-19,Balaghat Central Mine,2.8,43.7,17.4,90.3,2,1500,5000,18500,HEATWAVE,Excavator & Crusher Motor Thermal Overload,Stagger 30-min Cooling Cycles & Night Shift Extraction,86.9,12025
2023-04-19,Mansar West Mine,2.8,43.7,17.4,90.3,2,1500,5000,18500,HEATWAVE,Excavator & Crusher Motor Thermal Overload,Stagger 30-min Cooling Cycles & Night Shift Extraction,90.2,12025
2023-04-19,Dongri Buzurg Mine,2.8,43.7,17.4,90.3,2,1500,5000,18500,HEATWAVE,Excavator & Crusher Motor Thermal Overload,Stagger 30-min Cooling Cycles & Night Shift Extraction,92.4,12025
2023-04-19,Ukwa East Mine,2.8,43.7,17.4,90.3,2,1500,5000,18500,HEATWAVE,Excavator & Crusher Motor Thermal Overload,Stagger 30-min Cooling Cycles & Night Shift Extraction,91.1,12025
2023-04-20,Balaghat Central Mine,1.1,36.8,41.1,55.9,4,1500,5000,18500,FLEET_BREAKDOWN,Haul Truck & Shovel Mechanical Failure,Reallocate Backup Fleet & Deploy Mobile Mechanics,94.9,14800
2023-04-20,Mansar West Mine,1.1,36.8,41.1,55.9,4,1500,5000,18500,FLEET_BREAKDOWN,Haul Truck & Shovel Mechanical Failure,Reallocate Backup Fleet & Deploy Mobile Mechanics,89.9,14800
2023-04-20,Dongri Buzurg Mine,1.1,36.8,41.1,55.9,4,1500,5000,18500,FLEET_BREAKDOWN,Haul Truck & Shovel Mechanical Failure,Reallocate Backup Fleet & Deploy Mobile Mechanics,87.0,14800
2023-04-20,Ukwa East Mine,1.1,36.8,41.1,55.9,4,1500,5000,18500,FLEET_BREAKDOWN,Haul Truck & Shovel Mechanical Failure,Reallocate Backup Fleet & Deploy Mobile Mechanics,85.9,14800
2023-04-21,Balaghat Central Mine,0.8,43.6,19.7,59.6,4,1500,5000,18500,HEATWAVE,Excavator & Crusher Motor Thermal Overload,Stagger 30-min Cooling Cycles & Night Shift Extraction,96.8,12025
2023-04-21,Mansar West Mine,0.8,43.6,19.7,59.6,4,1500,5000,18500,HEATWAVE,Excavator & Crusher Motor Thermal Overload,Stagger 30-min Cooling Cycles & Night Shift Extraction,88.1,12025
2023-04-21,Dongri Buzurg Mine,0.8,43.6,19.7,59.6,4,1500,5000,18500,HEATWAVE,Excavator & Crusher Motor Thermal Overload,Stagger 30-min Cooling Cycles & Night Shift Extraction,88.0,12025
2023-04-21,Ukwa East Mine,0.8,43.6,19.7,59.6,4,1500,5000,18500,HEATWAVE,Excavator & Crusher Motor Thermal Overload,Stagger 30-min Cooling Cycles & Night Shift Extraction,97.6,12025
2023-04-22,Balaghat Central Mine,17.9,40.4,38.0,61.7,4,1500,6654,8346,HEATWAVE,Excavator & Crusher Motor Thermal Overload,Stagger 30-min Cooling Cycles & Night Shift Extraction,94.4,5424
2023-04-22,Mansar West Mine,17.9,40.4,38.0,61.7,4,1500,5000,11120,HEATWAVE,Excavator & Crusher Motor Thermal Overload,Stagger 30-min Cooling Cycles & Night Shift Extraction,97.2,7228
2023-04-22,Dongri Buzurg Mine,17.9,40.4,38.0,61.7,4,1500,11112,3888,HEATWAVE,Excavator & Crusher Motor Thermal Overload,Stagger 30-min Cooling Cycles & Night Shift Extraction,90.0,2527
2023-04-22,Ukwa East Mine,17.9,40.4,38.0,61.7,4,1500,7308,7692,HEATWAVE,Excavator & Crusher Motor Thermal Overload,Stagger 30-min Cooling Cycles & Night Shift Extraction,89.6,4999
2023-04-23,Balaghat Central Mine,14.1,42.7,15.3,64.1,2,1500,5000,16378,HEATWAVE,Excavator & Crusher Motor Thermal Overload,Stagger 30-min Cooling Cycles & Night Shift Extraction,89.6,10645
2023-04-23,Mansar West Mine,14.1,42.7,15.3,64.1,2,1500,5000,18116,HEATWAVE,Excavator & Crusher Motor Thermal Overload,Stagger 30-min Cooling Cycles & Night Shift Extraction,97.0,11775
2023-04-23,Dongri Buzurg Mine,14.1,42.7,15.3,64.1,2,1500,5000,18360,HEATWAVE,Excavator & Crusher Motor Thermal Overload,Stagger 30-min Cooling Cycles & Night Shift Extraction,85.8,11934
2023-04-23,Ukwa East Mine,14.1,42.7,15.3,64.1,2,1500,5000,18358,HEATWAVE,Excavator & Crusher Motor Thermal Overload,Stagger 30-min Cooling Cycles & Night Shift Extraction,92.2,11932
2023-04-24,Balaghat Central Mine,19.2,45.6,31.9,61.5,1,1500,5000,18500,HEATWAVE,Excavator & Crusher Motor Thermal Overload,Stagger 30-min Cooling Cycles & Night Shift Extraction,90.6,12025
2023-04-24,Mansar West Mine,19.2,45.6,31.9,61.5,1,1500,5000,18500,HEATWAVE,Excavator & Crusher Motor Thermal Overload,Stagger 30-min Cooling Cycles & Night Shift Extraction,95.0,12025
2023-04-24,Dongri Buzurg Mine,19.2,45.6,31.9,61.5,1,1500,5000,18500,HEATWAVE,Excavator & Crusher Motor Thermal Overload,Stagger 30-min Cooling Cycles & Night Shift Extraction,93.3,12025
2023-04-24,Ukwa East Mine,19.2,45.6,31.9,61.5,1,1500,5000,18500,HEATWAVE,Excavator & Crusher Motor Thermal Overload,Stagger 30-min Cooling Cycles & Night Shift Extraction,94.0,12025
2023-04-25,Balaghat Central Mine,10.9,45.3,22.5,60.7,2,1500,5000,18500,HEATWAVE,Excavator & Crusher Motor Thermal Overload,Stagger 30-min Cooling Cycles & Night Shift Extraction,90.4,12025
2023-04-25,Mansar West Mine,10.9,45.3,22.5,60.7,2,1500,5000,18500,HEATWAVE,Excavator & Crusher Motor Thermal Overload,Stagger 30-min Cooling Cycles & Night Shift Extraction,93.2,12025
2023-04-25,Dongri Buzurg Mine,10.9,45.3,22.5,60.7,2,1500,5000,18500,HEATWAVE,Excavator & Crusher Motor Thermal Overload,Stagger 30-min Cooling Cycles & Night Shift Extraction,88.9,12025
2023-04-25,Ukwa East Mine,10.9,45.3,22.5,60.7,2,1500,5000,18500,HEATWAVE,Excavator & Crusher Motor Thermal Overload,Stagger 30-min Cooling Cycles & Night Shift Extraction,85.5,12025
2023-04-26,Balaghat Central Mine,8.8,40.2,44.6,70.3,5,1500,8754,6246,HEATWAVE,Excavator & Crusher Motor Thermal Overload,Stagger 30-min Cooling Cycles & Night Shift Extraction,93.8,4059
2023-04-26,Mansar West Mine,8.8,40.2,44.6,70.3,5,1500,9472,5528,HEATWAVE,Excavator & Crusher Motor Thermal Overload,Stagger 30-min Cooling Cycles & Night Shift Extraction,92.1,3593
2023-04-26,Dongri Buzurg Mine,8.8,40.2,44.6,70.3,5,1500,8941,6059,HEATWAVE,Excavator & Crusher Motor Thermal Overload,Stagger 30-min Cooling Cycles & Night Shift Extraction,96.1,3938
2023-04-26,Ukwa East Mine,8.8,40.2,44.6,70.3,5,1500,5000,11373,HEATWAVE,Excavator & Crusher Motor Thermal Overload,Stagger 30-min Cooling Cycles & Night Shift Extraction,88.5,7392
2023-04-27,Balaghat Central Mine,1.8,45.6,20.1,63.2,3,1500,5000,18500,HEATWAVE,Excavator & Crusher Motor Thermal Overload,Stagger 30-min Cooling Cycles & Night Shift Extraction,87.7,12025
2023-04-27,Mansar West Mine,1.8,45.6,20.1,63.2,3,1500,5000,18500,HEATWAVE,Excavator & Crusher Motor Thermal Overload,Stagger 30-min Cooling Cycles & Night Shift Extraction,94.2,12025
2023-04-27,Dongri Buzurg Mine,1.8,45.6,20.1,63.2,3,1500,5000,18500,HEATWAVE,Excavator & Crusher Motor Thermal Overload,Stagger 30-min Cooling Cycles & Night Shift Extraction,94.0,12025
2023-04-27,Ukwa East Mine,1.8,45.6,20.1,63.2,3,1500,5000,18500,HEATWAVE,Excavator & Crusher Motor Thermal Overload,Stagger 30-min Cooling Cycles & Night Shift Extraction,93.7,12025
2023-04-28,Balaghat Central Mine,11.9,39.3,18.7,81.2,2,1500,10326,4674,NORMAL,Optimal Mine Operations,Maintain Standard Production Schedule,89.4,4674
2023-04-28,Mansar West Mine,11.9,39.3,18.7,81.2,2,1500,15000,0,NORMAL,Optimal Mine Operations,Maintain Standard Production Schedule,94.3,0
2023-04-28,Dongri Buzurg Mine,11.9,39.3,18.7,81.2,2,1500,10131,4869,NORMAL,Optimal Mine Operations,Maintain Standard Production Schedule,88.7,4869
2023-04-28,Ukwa East Mine,11.9,39.3,18.7,81.2,2,1500,12404,2596,NORMAL,Optimal Mine Operations,Maintain Standard Production Schedule,86.8,2596
2023-04-29,Balaghat Central Mine,11.9,41.4,32.6,64.8,5,1500,5000,12728,HEATWAVE,Excavator & Crusher Motor Thermal Overload,Stagger 30-min Cooling Cycles & Night Shift Extraction,97.7,8273
2023-04-29,Mansar West Mine,11.9,41.4,32.6,64.8,5,1500,5000,12544,HEATWAVE,Excavator & Crusher Motor Thermal Overload,Stagger 30-min Cooling Cycles & Night Shift Extraction,88.2,8153
2023-04-29,Dongri Buzurg Mine,11.9,41.4,32.6,64.8,5,1500,5000,17237,HEATWAVE,Excavator & Crusher Motor Thermal Overload,Stagger 30-min Cooling Cycles & Night Shift Extraction,92.6,11204
2023-04-29,Ukwa East Mine,11.9,41.4,32.6,64.8,5,1500,5000,15524,HEATWAVE,Excavator & Crusher Motor Thermal Overload,Stagger 30-min Cooling Cycles & Night Shift Extraction,86.6,10090
2023-04-30,Balaghat Central Mine,4.3,39.8,40.7,62.5,2,1500,5000,18500,FLEET_BREAKDOWN,Haul Truck & Shovel Mechanical Failure,Reallocate Backup Fleet & Deploy Mobile Mechanics,86.7,14800
2023-04-30,Mansar West Mine,4.3,39.8,40.7,62.5,2,1500,5000,18500,FLEET_BREAKDOWN,Haul Truck & Shovel Mechanical Failure,Reallocate Backup Fleet & Deploy Mobile Mechanics,93.5,14800
2023-04-30,Dongri Buzurg Mine,4.3,39.8,40.7,62.5,2,1500,5000,18500,FLEET_BREAKDOWN,Haul Truck & Shovel Mechanical Failure,Reallocate Backup Fleet & Deploy Mobile Mechanics,89.5,14800
2023-04-30,Ukwa East Mine,4.3,39.8,40.7,62.5,2,1500,5000,18500,FLEET_BREAKDOWN,Haul Truck & Shovel Mechanical Failure,Reallocate Backup Fleet & Deploy Mobile Mechanics,95.6,14800
2023-05-01,Balaghat Central Mine,19.3,37.8,40.6,58.5,4,1500,5000,18500,FLEET_BREAKDOWN,Haul Truck & Shovel Mechanical Failure,Reallocate Backup Fleet & Deploy Mobile Mechanics,95.8,14800
2023-05-01,Mansar West Mine,19.3,37.8,40.6,58.5,4,1500,5000,18500,FLEET_BREAKDOWN,Haul Truck & Shovel Mechanical Failure,Reallocate Backup Fleet & Deploy Mobile Mechanics,88.3,14800
2023-05-01,Dongri Buzurg Mine,19.3,37.8,40.6,58.5,4,1500,5000,18500,FLEET_BREAKDOWN,Haul Truck & Shovel Mechanical Failure,Reallocate Backup Fleet & Deploy Mobile Mechanics,96.6,14800
2023-05-01,Ukwa East Mine,19.3,37.8,40.6,58.5,4,1500,5000,18500,FLEET_BREAKDOWN,Haul Truck & Shovel Mechanical Failure,Reallocate Backup Fleet & Deploy Mobile Mechanics,95.1,14800
2023-05-02,Balaghat Central Mine,16.4,45.6,31.9,93.5,2,1500,5000,18500,HEATWAVE,Excavator & Crusher Motor Thermal Overload,Stagger 30-min Cooling Cycles & Night Shift Extraction,85.7,12025
2023-05-02,Mansar West Mine,16.4,45.6,31.9,93.5,2,1500,5000,18500,HEATWAVE,Excavator & Crusher Motor Thermal Overload,Stagger 30-min Cooling Cycles & Night Shift Extraction,95.6,12025
2023-05-02,Dongri Buzurg Mine,16.4,45.6,31.9,93.5,2,1500,5000,18500,HEATWAVE,Excavator & Crusher Motor Thermal Overload,Stagger 30-min Cooling Cycles & Night Shift Extraction,94.7,12025
2023-05-02,Ukwa East Mine,16.4,45.6,31.9,93.5,2,1500,5000,18500,HEATWAVE,Excavator & Crusher Motor Thermal Overload,Stagger 30-min Cooling Cycles & Night Shift Extraction,86.7,12025
2023-05-03,Balaghat Central Mine,4.8,39.2,20.0,92.3,3,1500,15000,0,NORMAL,Optimal Mine Operations,Maintain Standard Production Schedule,91.9,0
2023-05-03,Mansar West Mine,4.8,39.2,20.0,92.3,3,1500,15000,0,NORMAL,Optimal Mine Operations,Maintain Standard Production Schedule,91.4,0
2023-05-03,Dongri Buzurg Mine,4.8,39.2,20.0,92.3,3,1500,12177,2823,NORMAL,Optimal Mine Operations,Maintain Standard Production Schedule,95.2,2823
2023-05-03,Ukwa East Mine,4.8,39.2,20.0,92.3,3,1500,13890,1110,NORMAL,Optimal Mine Operations,Maintain Standard Production Schedule,97.8,1110
2023-05-04,Balaghat Central Mine,7.9,45.6,19.5,87.5,1,1500,5000,18500,HEATWAVE,Excavator & Crusher Motor Thermal Overload,Stagger 30-min Cooling Cycles & Night Shift Extraction,90.3,12025
2023-05-04,Mansar West Mine,7.9,45.6,19.5,87.5,1,1500,5000,18500,HEATWAVE,Excavator & Crusher Motor Thermal Overload,Stagger 30-min Cooling Cycles & Night Shift Extraction,90.4,12025
2023-05-04,Dongri Buzurg Mine,7.9,45.6,19.5,87.5,1,1500,5000,18500,HEATWAVE,Excavator & Crusher Motor Thermal Overload,Stagger 30-min Cooling Cycles & Night Shift Extraction,95.6,12025
2023-05-04,Ukwa East Mine,7.9,45.6,19.5,87.5,1,1500,5000,18500,HEATWAVE,Excavator & Crusher Motor Thermal Overload,Stagger 30-min Cooling Cycles & Night Shift Extraction,94.3,12025
2023-05-05,Balaghat Central Mine,0.4,39.4,15.2,67.3,2,1500,5000,18500,FLEET_BREAKDOWN,Haul Truck & Shovel Mechanical Failure,Reallocate Backup Fleet & Deploy Mobile Mechanics,89.9,14800
2023-05-05,Mansar West Mine,0.4,39.4,15.2,67.3,2,1500,5000,18500,FLEET_BREAKDOWN,Haul Truck & Shovel Mechanical Failure,Reallocate Backup Fleet & Deploy Mobile Mechanics,92.8,14800
2023-05-05,Dongri Buzurg Mine,0.4,39.4,15.2,67.3,2,1500,5000,18500,FLEET_BREAKDOWN,Haul Truck & Shovel Mechanical Failure,Reallocate Backup Fleet & Deploy Mobile Mechanics,94.4,14800
2023-05-05,Ukwa East Mine,0.4,39.4,15.2,67.3,2,1500,5000,18500,FLEET_BREAKDOWN,Haul Truck & Shovel Mechanical Failure,Reallocate Backup Fleet & Deploy Mobile Mechanics,89.7,14800
2023-05-06,Balaghat Central Mine,9.7,42.7,22.3,67.0,4,1500,5000,16001,HEATWAVE,Excavator & Crusher Motor Thermal Overload,Stagger 30-min Cooling Cycles & Night Shift Extraction,90.7,10400
2023-05-06,Mansar West Mine,9.7,42.7,22.3,67.0,4,1500,5000,18500,HEATWAVE,Excavator & Crusher Motor Thermal Overload,Stagger 30-min Cooling Cycles & Night Shift Extraction,85.3,12025
2023-05-06,Dongri Buzurg Mine,9.7,42.7,22.3,67.0,4,1500,5000,16682,HEATWAVE,Excavator & Crusher Motor Thermal Overload,Stagger 30-min Cooling Cycles & Night Shift Extraction,96.4,10843
2023-05-06,Ukwa East Mine,9.7,42.7,22.3,67.0,4,1500,5000,17617,HEATWAVE,Excavator & Crusher Motor Thermal Overload,Stagger 30-min Cooling Cycles & Night Shift Extraction,94.4,11451
2023-05-07,Balaghat Central Mine,10.4,44.6,42.7,66.7,5,1500,5000,18500,HEATWAVE,Excavator & Crusher Motor Thermal Overload,Stagger 30-min Cooling Cycles & Night Shift Extraction,88.7,12025
2023-05-07,Mansar West Mine,10.4,44.6,42.7,66.7,5,1500,5000,18500,HEATWAVE,Excavator & Crusher Motor Thermal Overload,Stagger 30-min Cooling Cycles & Night Shift Extraction,90.0,12025
2023-05-07,Dongri Buzurg Mine,10.4,44.6,42.7,66.7,5,1500,5000,18500,HEATWAVE,Excavator & Crusher Motor Thermal Overload,Stagger 30-min Cooling Cycles & Night Shift Extraction,90.6,12025
2023-05-07,Ukwa East Mine,10.4,44.6,42.7,66.7,5,1500,5000,18500,HEATWAVE,Excavator & Crusher Motor Thermal Overload,Stagger 30-min Cooling Cycles & Night Shift Extraction,95.4,12025
2023-05-08,Balaghat Central Mine,4.6,37.5,41.9,81.0,2,1500,15000,0,NORMAL,Optimal Mine Operations,Maintain Standard Production Schedule,95.0,0
2023-05-08,Mansar West Mine,4.6,37.5,41.9,81.0,2,1500,15000,0,NORMAL,Optimal Mine Operations,Maintain Standard Production Schedule,96.9,0
2023-05-08,Dongri Buzurg Mine,4.6,37.5,41.9,81.0,2,1500,12703,2297,NORMAL,Optimal Mine Operations,Maintain Standard Production Schedule,89.0,2297
2023-05-08,Ukwa East Mine,4.6,37.5,41.9,81.0,2,1500,15000,0,NORMAL,Optimal Mine Operations,Maintain Standard Production Schedule,94.6,0
2023-05-09,Balaghat Central Mine,2.7,37.5,36.4,66.5,4,1500,5000,18500,FLEET_BREAKDOWN,Haul Truck & Shovel Mechanical Failure,Reallocate Backup Fleet & Deploy Mobile Mechanics,97.8,14800
2023-05-09,Mansar West Mine,2.7,37.5,36.4,66.5,4,1500,5000,18500,FLEET_BREAKDOWN,Haul Truck & Shovel Mechanical Failure,Reallocate Backup Fleet & Deploy Mobile Mechanics,87.9,14800
2023-05-09,Dongri Buzurg Mine,2.7,37.5,36.4,66.5,4,1500,5000,18500,FLEET_BREAKDOWN,Haul Truck & Shovel Mechanical Failure,Reallocate Backup Fleet & Deploy Mobile Mechanics,85.6,14800
2023-05-09,Ukwa East Mine,2.7,37.5,36.4,66.5,4,1500,5000,18500,FLEET_BREAKDOWN,Haul Truck & Shovel Mechanical Failure,Reallocate Backup Fleet & Deploy Mobile Mechanics,91.0,14800
2023-05-10,Balaghat Central Mine,11.2,45.1,42.4,63.2,2,1500,5000,18500,HEATWAVE,Excavator & Crusher Motor Thermal Overload,Stagger 30-min Cooling Cycles & Night Shift Extraction,88.3,12025
2023-05-10,Mansar West Mine,11.2,45.1,42.4,63.2,2,1500,5000,18500,HEATWAVE,Excavator & Crusher Motor Thermal Overload,Stagger 30-min Cooling Cycles & Night Shift Extraction,86.0,12025
2023-05-10,Dongri Buzurg Mine,11.2,45.1,42.4,63.2,2,1500,5000,18500,HEATWAVE,Excavator & Crusher Motor Thermal Overload,Stagger 30-min Cooling Cycles & Night Shift Extraction,88.1,12025
2023-05-10,Ukwa East Mine,11.2,45.1,42.4,63.2,2,1500,5000,18500,HEATWAVE,Excavator & Crusher Motor Thermal Overload,Stagger 30-min Cooling Cycles & Night Shift Extraction,87.3,12025
2023-05-11,Balaghat Central Mine,14.9,39.8,24.0,96.3,5,1500,15000,0,NORMAL,Optimal Mine Operations,Maintain Standard Production Schedule,96.6,0
2023-05-11,Mansar West Mine,14.9,39.8,24.0,96.3,5,1500,12603,2397,NORMAL,Optimal Mine Operations,Maintain Standard Production Schedule,92.9,2397
2023-05-11,Dongri Buzurg Mine,14.9,39.8,24.0,96.3,5,1500,14276,724,NORMAL,Optimal Mine Operations,Maintain Standard Production Schedule,96.1,724
2023-05-11,Ukwa East Mine,14.9,39.8,24.0,96.3,5,1500,14690,310,NORMAL,Optimal Mine Operations,Maintain Standard Production Schedule,94.2,310
2023-05-12,Balaghat Central Mine,9.4,41.7,28.7,57.6,2,1500,5000,16467,HEATWAVE,Excavator & Crusher Motor Thermal Overload,Stagger 30-min Cooling Cycles & Night Shift Extraction,91.2,10703
2023-05-12,Mansar West Mine,9.4,41.7,28.7,57.6,2,1500,5000,15106,HEATWAVE,Excavator & Crusher Motor Thermal Overload,Stagger 30-min Cooling Cycles & Night Shift Extraction,90.3,9818
2023-05-12,Dongri Buzurg Mine,9.4,41.7,28.7,57.6,2,1500,5000,10431,HEATWAVE,Excavator & Crusher Motor Thermal Overload,Stagger 30-min Cooling Cycles & Night Shift Extraction,90.8,6780
2023-05-12,Ukwa East Mine,9.4,41.7,28.7,57.6,2,1500,5081,9919,HEATWAVE,Excavator & Crusher Motor Thermal Overload,Stagger 30-min Cooling Cycles & Night Shift Extraction,91.7,6447
2023-05-13,Balaghat Central Mine,11.5,42.9,21.8,69.6,3,1500,5000,15389,HEATWAVE,Excavator & Crusher Motor Thermal Overload,Stagger 30-min Cooling Cycles & Night Shift Extraction,89.5,10002
2023-05-13,Mansar West Mine,11.5,42.9,21.8,69.6,3,1500,5000,18500,HEATWAVE,Excavator & Crusher Motor Thermal Overload,Stagger 30-min Cooling Cycles & Night Shift Extraction,87.2,12025
2023-05-13,Dongri Buzurg Mine,11.5,42.9,21.8,69.6,3,1500,5000,12385,HEATWAVE,Excavator & Crusher Motor Thermal Overload,Stagger 30-min Cooling Cycles & Night Shift Extraction,87.9,8050
2023-05-13,Ukwa East Mine,11.5,42.9,21.8,69.6,3,1500,5000,17133,HEATWAVE,Excavator & Crusher Motor Thermal Overload,Stagger 30-min Cooling Cycles & Night Shift Extraction,92.3,11136
2023-05-14,Balaghat Central Mine,19.8,43.6,37.2,67.2,5,1500,5000,18500,HEATWAVE,Excavator & Crusher Motor Thermal Overload,Stagger 30-min Cooling Cycles & Night Shift Extraction,86.0,12025
2023-05-14,Mansar West Mine,19.8,43.6,37.2,67.2,5,1500,5000,18500,HEATWAVE,Excavator & Crusher Motor Thermal Overload,Stagger 30-min Cooling Cycles & Night Shift Extraction,95.6,12025
2023-05-14,Dongri Buzurg Mine,19.8,43.6,37.2,67.2,5,1500,5000,16847,HEATWAVE,Excavator & Crusher Motor Thermal Overload,Stagger 30-min Cooling Cycles & Night Shift Extraction,97.8,10950
2023-05-14,Ukwa East Mine,19.8,43.6,37.2,67.2,5,1500,5000,18500,HEATWAVE,Excavator & Crusher Motor Thermal Overload,Stagger 30-min Cooling Cycles & Night Shift Extraction,92.4,12025
2023-05-15,Balaghat Central Mine,17.1,40.5,21.2,87.1,4,1500,5941,9059,HEATWAVE,Excavator & Crusher Motor Thermal Overload,Stagger 30-min Cooling Cycles & Night Shift Extraction,89.5,5888
2023-05-15,Mansar West Mine,17.1,40.5,21.2,87.1,4,1500,7554,7446,HEATWAVE,Excavator & Crusher Motor Thermal Overload,Stagger 30-min Cooling Cycles & Night Shift Extraction,85.6,4839
2023-05-15,Dongri Buzurg Mine,17.1,40.5,21.2,87.1,4,1500,5000,11078,HEATWAVE,Excavator & Crusher Motor Thermal Overload,Stagger 30-min Cooling Cycles & Night Shift Extraction,95.9,7200
2023-05-15,Ukwa East Mine,17.1,40.5,21.2,87.1,4,1500,5000,10216,HEATWAVE,Excavator & Crusher Motor Thermal Overload,Stagger 30-min Cooling Cycles & Night Shift Extraction,91.5,6640
2023-05-16,Balaghat Central Mine,11.2,40.3,34.0,64.0,1,1500,5111,9889,HEATWAVE,Excavator & Crusher Motor Thermal Overload,Stagger 30-min Cooling Cycles & Night Shift Extraction,97.5,6427
2023-05-16,Mansar West Mine,11.2,40.3,34.0,64.0,1,1500,5000,14679,HEATWAVE,Excavator & Crusher Motor Thermal Overload,Stagger 30-min Cooling Cycles & Night Shift Extraction,90.3,9541
2023-05-16,Dongri Buzurg Mine,11.2,40.3,34.0,64.0,1,1500,14458,542,HEATWAVE,Excavator & Crusher Motor Thermal Overload,Stagger 30-min Cooling Cycles & Night Shift Extraction,93.3,352
2023-05-16,Ukwa East Mine,11.2,40.3,34.0,64.0,1,1500,5000,10411,HEATWAVE,Excavator & Crusher Motor Thermal Overload,Stagger 30-min Cooling Cycles & Night Shift Extraction,93.2,6767
2023-05-17,Balaghat Central Mine,8.7,42.3,27.5,87.7,1,1500,5000,11133,HEATWAVE,Excavator & Crusher Motor Thermal Overload,Stagger 30-min Cooling Cycles & Night Shift Extraction,90.6,7236
2023-05-17,Mansar West Mine,8.7,42.3,27.5,87.7,1,1500,5000,17490,HEATWAVE,Excavator & Crusher Motor Thermal Overload,Stagger 30-min Cooling Cycles & Night Shift Extraction,95.9,11368
2023-05-17,Dongri Buzurg Mine,8.7,42.3,27.5,87.7,1,1500,5000,18500,HEATWAVE,Excavator & Crusher Motor Thermal Overload,Stagger 30-min Cooling Cycles & Night Shift Extraction,87.1,12025
2023-05-17,Ukwa East Mine,8.7,42.3,27.5,87.7,1,1500,5000,15109,HEATWAVE,Excavator & Crusher Motor Thermal Overload,Stagger 30-min Cooling Cycles & Night Shift Extraction,88.9,9820
2023-05-18,Balaghat Central Mine,12.3,38.8,30.9,63.4,1,1500,5000,18500,FLEET_BREAKDOWN,Haul Truck & Shovel Mechanical Failure,Reallocate Backup Fleet & Deploy Mobile Mechanics,94.1,14800
2023-05-18,Mansar West Mine,12.3,38.8,30.9,63.4,1,1500,5000,18500,FLEET_BREAKDOWN,Haul Truck & Shovel Mechanical Failure,Reallocate Backup Fleet & Deploy Mobile Mechanics,88.2,14800
2023-05-18,Dongri Buzurg Mine,12.3,38.8,30.9,63.4,1,1500,5000,18500,FLEET_BREAKDOWN,Haul Truck & Shovel Mechanical Failure,Reallocate Backup Fleet & Deploy Mobile Mechanics,96.8,14800
2023-05-18,Ukwa East Mine,12.3,38.8,30.9,63.4,1,1500,5000,18500,FLEET_BREAKDOWN,Haul Truck & Shovel Mechanical Failure,Reallocate Backup Fleet & Deploy Mobile Mechanics,86.7,14800
2023-05-19,Balaghat Central Mine,8.6,36.3,44.1,58.2,2,1500,5000,18500,FLEET_BREAKDOWN,Haul Truck & Shovel Mechanical Failure,Reallocate Backup Fleet & Deploy Mobile Mechanics,90.7,14800
2023-05-19,Mansar West Mine,8.6,36.3,44.1,58.2,2,1500,5000,18500,FLEET_BREAKDOWN,Haul Truck & Shovel Mechanical Failure,Reallocate Backup Fleet & Deploy Mobile Mechanics,95.2,14800
2023-05-19,Dongri Buzurg Mine,8.6,36.3,44.1,58.2,2,1500,5000,18500,FLEET_BREAKDOWN,Haul Truck & Shovel Mechanical Failure,Reallocate Backup Fleet & Deploy Mobile Mechanics,95.4,14800
2023-05-19,Ukwa East Mine,8.6,36.3,44.1,58.2,2,1500,5000,18500,FLEET_BREAKDOWN,Haul Truck & Shovel Mechanical Failure,Reallocate Backup Fleet & Deploy Mobile Mechanics,89.9,14800
2023-05-20,Balaghat Central Mine,1.7,36.1,31.2,81.1,3,1500,15000,0,NORMAL,Optimal Mine Operations,Maintain Standard Production Schedule,89.0,0
2023-05-20,Mansar West Mine,1.7,36.1,31.2,81.1,3,1500,8968,6032,NORMAL,Optimal Mine Operations,Maintain Standard Production Schedule,88.5,6032
2023-05-20,Dongri Buzurg Mine,1.7,36.1,31.2,81.1,3,1500,15000,0,NORMAL,Optimal Mine Operations,Maintain Standard Production Schedule,91.0,0
2023-05-20,Ukwa East Mine,1.7,36.1,31.2,81.1,3,1500,15000,0,NORMAL,Optimal Mine Operations,Maintain Standard Production Schedule,94.0,0
2023-05-21,Balaghat Central Mine,3.8,41.6,39.9,80.3,5,1500,5000,17508,HEATWAVE,Excavator & Crusher Motor Thermal Overload,Stagger 30-min Cooling Cycles & Night Shift Extraction,90.3,11380
2023-05-21,Mansar West Mine,3.8,41.6,39.9,80.3,5,1500,5000,16265,HEATWAVE,Excavator & Crusher Motor Thermal Overload,Stagger 30-min Cooling Cycles & Night Shift Extraction,96.4,10572
2023-05-21,Dongri Buzurg Mine,3.8,41.6,39.9,80.3,5,1500,5000,11417,HEATWAVE,Excavator & Crusher Motor Thermal Overload,Stagger 30-min Cooling Cycles & Night Shift Extraction,95.3,7421
2023-05-21,Ukwa East Mine,3.8,41.6,39.9,80.3,5,1500,6891,8109,HEATWAVE,Excavator & Crusher Motor Thermal Overload,Stagger 30-min Cooling Cycles & Night Shift Extraction,90.3,5270
2023-05-22,Balaghat Central Mine,11.6,37.7,31.0,64.9,1,1500,5000,18500,FLEET_BREAKDOWN,Haul Truck & Shovel Mechanical Failure,Reallocate Backup Fleet & Deploy Mobile Mechanics,96.1,14800
2023-05-22,Mansar West Mine,11.6,37.7,31.0,64.9,1,1500,5000,18500,FLEET_BREAKDOWN,Haul Truck & Shovel Mechanical Failure,Reallocate Backup Fleet & Deploy Mobile Mechanics,88.8,14800
2023-05-22,Dongri Buzurg Mine,11.6,37.7,31.0,64.9,1,1500,5000,18500,FLEET_BREAKDOWN,Haul Truck & Shovel Mechanical Failure,Reallocate Backup Fleet & Deploy Mobile Mechanics,94.5,14800
2023-05-22,Ukwa East Mine,11.6,37.7,31.0,64.9,1,1500,5000,18500,FLEET_BREAKDOWN,Haul Truck & Shovel Mechanical Failure,Reallocate Backup Fleet & Deploy Mobile Mechanics,97.2,14800
2023-05-23,Balaghat Central Mine,7.7,42.9,42.1,59.7,5,1500,5000,18500,HEATWAVE,Excavator & Crusher Motor Thermal Overload,Stagger 30-min Cooling Cycles & Night Shift Extraction,94.4,12025
2023-05-23,Mansar West Mine,7.7,42.9,42.1,59.7,5,1500,5000,17884,HEATWAVE,Excavator & Crusher Motor Thermal Overload,Stagger 30-min Cooling Cycles & Night Shift Extraction,89.3,11624
2023-05-23,Dongri Buzurg Mine,7.7,42.9,42.1,59.7,5,1500,5000,18500,HEATWAVE,Excavator & Crusher Motor Thermal Overload,Stagger 30-min Cooling Cycles & Night Shift Extraction,94.3,12025
2023-05-23,Ukwa East Mine,7.7,42.9,42.1,59.7,5,1500,5000,18500,HEATWAVE,Excavator & Crusher Motor Thermal Overload,Stagger 30-min Cooling Cycles & Night Shift Extraction,93.2,12025
2023-05-24,Balaghat Central Mine,14.6,45.7,30.6,96.0,4,1500,5000,18500,HEATWAVE,Excavator & Crusher Motor Thermal Overload,Stagger 30-min Cooling Cycles & Night Shift Extraction,96.3,12025
2023-05-24,Mansar West Mine,14.6,45.7,30.6,96.0,4,1500,5000,18500,HEATWAVE,Excavator & Crusher Motor Thermal Overload,Stagger 30-min Cooling Cycles & Night Shift Extraction,90.4,12025
2023-05-24,Dongri Buzurg Mine,14.6,45.7,30.6,96.0,4,1500,5000,18500,HEATWAVE,Excavator & Crusher Motor Thermal Overload,Stagger 30-min Cooling Cycles & Night Shift Extraction,85.1,12025
2023-05-24,Ukwa East Mine,14.6,45.7,30.6,96.0,4,1500,5000,18500,HEATWAVE,Excavator & Crusher Motor Thermal Overload,Stagger 30-min Cooling Cycles & Night Shift Extraction,91.6,12025
2023-05-25,Balaghat Central Mine,12.1,41.5,41.6,59.4,4,1500,5000,15038,HEATWAVE,Excavator & Crusher Motor Thermal Overload,Stagger 30-min Cooling Cycles & Night Shift Extraction,94.8,9774
2023-05-25,Mansar West Mine,12.1,41.5,41.6,59.4,4,1500,5000,14855,HEATWAVE,Excavator & Crusher Motor Thermal Overload,Stagger 30-min Cooling Cycles & Night Shift Extraction,93.0,9655
2023-05-25,Dongri Buzurg Mine,12.1,41.5,41.6,59.4,4,1500,5000,15454,HEATWAVE,Excavator & Crusher Motor Thermal Overload,Stagger 30-min Cooling Cycles & Night Shift Extraction,91.4,10045
2023-05-25,Ukwa East Mine,12.1,41.5,41.6,59.4,4,1500,5000,12610,HEATWAVE,Excavator & Crusher Motor Thermal Overload,Stagger 30-min Cooling Cycles & Night Shift Extraction,91.5,8196
2023-05-26,Balaghat Central Mine,11.3,44.4,18.6,97.5,4,1500,5000,18500,HEATWAVE,Excavator & Crusher Motor Thermal Overload,Stagger 30-min Cooling Cycles & Night Shift Extraction,86.0,12025
2023-05-26,Mansar West Mine,11.3,44.4,18.6,97.5,4,1500,5000,18500,HEATWAVE,Excavator & Crusher Motor Thermal Overload,Stagger 30-min Cooling Cycles & Night Shift Extraction,85.2,12025
2023-05-26,Dongri Buzurg Mine,11.3,44.4,18.6,97.5,4,1500,5000,18500,HEATWAVE,Excavator & Crusher Motor Thermal Overload,Stagger 30-min Cooling Cycles & Night Shift Extraction,94.4,12025
2023-05-26,Ukwa East Mine,11.3,44.4,18.6,97.5,4,1500,5000,17242,HEATWAVE,Excavator & Crusher Motor Thermal Overload,Stagger 30-min Cooling Cycles & Night Shift Extraction,88.6,11207
2023-05-27,Balaghat Central Mine,19.7,41.1,34.3,81.9,1,1500,5000,14477,HEATWAVE,Excavator & Crusher Motor Thermal Overload,Stagger 30-min Cooling Cycles & Night Shift Extraction,85.5,9410
2023-05-27,Mansar West Mine,19.7,41.1,34.3,81.9,1,1500,5000,17871,HEATWAVE,Excavator & Crusher Motor Thermal Overload,Stagger 30-min Cooling Cycles & Night Shift Extraction,94.1,11616
2023-05-27,Dongri Buzurg Mine,19.7,41.1,34.3,81.9,1,1500,5000,15673,HEATWAVE,Excavator & Crusher Motor Thermal Overload,Stagger 30-min Cooling Cycles & Night Shift Extraction,92.1,10187
2023-05-27,Ukwa East Mine,19.7,41.1,34.3,81.9,1,1500,5000,17508,HEATWAVE,Excavator & Crusher Motor Thermal Overload,Stagger 30-min Cooling Cycles & Night Shift Extraction,95.4,11380
2023-05-28,Balaghat Central Mine,3.6,41.8,42.5,67.7,3,1500,5000,16019,HEATWAVE,Excavator & Crusher Motor Thermal Overload,Stagger 30-min Cooling Cycles & Night Shift Extraction,97.6,10412
2023-05-28,Mansar West Mine,3.6,41.8,42.5,67.7,3,1500,5000,13583,HEATWAVE,Excavator & Crusher Motor Thermal Overload,Stagger 30-min Cooling Cycles & Night Shift Extraction,93.1,8828
2023-05-28,Dongri Buzurg Mine,3.6,41.8,42.5,67.7,3,1500,5000,16775,HEATWAVE,Excavator & Crusher Motor Thermal Overload,Stagger 30-min Cooling Cycles & Night Shift Extraction,89.4,10903
2023-05-28,Ukwa East Mine,3.6,41.8,42.5,67.7,3,1500,5000,18500,HEATWAVE,Excavator & Crusher Motor Thermal Overload,Stagger 30-min Cooling Cycles & Night Shift Extraction,97.8,12025
2023-05-29,Balaghat Central Mine,10.0,38.9,24.9,73.7,3,1500,5000,18500,FLEET_BREAKDOWN,Haul Truck & Shovel Mechanical Failure,Reallocate Backup Fleet & Deploy Mobile Mechanics,89.4,14800
2023-05-29,Mansar West Mine,10.0,38.9,24.9,73.7,3,1500,5000,18500,FLEET_BREAKDOWN,Haul Truck & Shovel Mechanical Failure,Reallocate Backup Fleet & Deploy Mobile Mechanics,95.5,14800
2023-05-29,Dongri Buzurg Mine,10.0,38.9,24.9,73.7,3,1500,5000,18500,FLEET_BREAKDOWN,Haul Truck & Shovel Mechanical Failure,Reallocate Backup Fleet & Deploy Mobile Mechanics,95.6,14800
2023-05-29,Ukwa East Mine,10.0,38.9,24.9,73.7,3,1500,5000,18500,FLEET_BREAKDOWN,Haul Truck & Shovel Mechanical Failure,Reallocate Backup Fleet & Deploy Mobile Mechanics,86.6,14800
2023-05-30,Balaghat Central Mine,16.7,41.2,20.3,81.2,1,1500,5000,16849,HEATWAVE,Excavator & Crusher Motor Thermal Overload,Stagger 30-min Cooling Cycles & Night Shift Extraction,95.9,10951
2023-05-30,Mansar West Mine,16.7,41.2,20.3,81.2,1,1500,5000,10988,HEATWAVE,Excavator & Crusher Motor Thermal Overload,Stagger 30-min Cooling Cycles & Night Shift Extraction,96.7,7142
2023-05-30,Dongri Buzurg Mine,16.7,41.2,20.3,81.2,1,1500,5000,18156,HEATWAVE,Excavator & Crusher Motor Thermal Overload,Stagger 30-min Cooling Cycles & Night Shift Extraction,88.9,11801
2023-05-30,Ukwa East Mine,16.7,41.2,20.3,81.2,1,1500,5000,13033,HEATWAVE,Excavator & Crusher Motor Thermal Overload,Stagger 30-min Cooling Cycles & Night Shift Extraction,85.6,8471
2023-05-31,Balaghat Central Mine,14.8,45.4,18.2,93.4,1,1500,5000,18500,HEATWAVE,Excavator & Crusher Motor Thermal Overload,Stagger 30-min Cooling Cycles & Night Shift Extraction,85.5,12025
2023-05-31,Mansar West Mine,14.8,45.4,18.2,93.4,1,1500,5000,18500,HEATWAVE,Excavator & Crusher Motor Thermal Overload,Stagger 30-min Cooling Cycles & Night Shift Extraction,92.4,12025
2023-05-31,Dongri Buzurg Mine,14.8,45.4,18.2,93.4,1,1500,5000,18500,HEATWAVE,Excavator & Crusher Motor Thermal Overload,Stagger 30-min Cooling Cycles & Night Shift Extraction,92.8,12025
2023-05-31,Ukwa East Mine,14.8,45.4,18.2,93.4,1,1500,5000,18500,HEATWAVE,Excavator & Crusher Motor Thermal Overload,Stagger 30-min Cooling Cycles & Night Shift Extraction,85.9,12025
2023-06-01,Balaghat Central Mine,48.2,28.1,90.9,87.2,3,1500,5000,18500,HIGH_MOISTURE,Rock Bench Blasting Misfire Risk,Switch to Emulsion Charges & Dry Stemming Sequence,90.2,13875
2023-06-01,Mansar West Mine,48.2,28.1,90.9,87.2,3,1500,5000,18500,HIGH_MOISTURE,Rock Bench Blasting Misfire Risk,Switch to Emulsion Charges & Dry Stemming Sequence,93.5,13875
2023-06-01,Dongri Buzurg Mine,48.2,28.1,90.9,87.2,3,1500,5000,18500,HIGH_MOISTURE,Rock Bench Blasting Misfire Risk,Switch to Emulsion Charges & Dry Stemming Sequence,89.6,13875
2023-06-01,Ukwa East Mine,48.2,28.1,90.9,87.2,3,1500,5000,18500,HIGH_MOISTURE,Rock Bench Blasting Misfire Risk,Switch to Emulsion Charges & Dry Stemming Sequence,95.2,13875
2023-06-02,Balaghat Central Mine,158.5,26.2,87.6,57.1,2,1500,5000,18500,HEAVY_RAIN,Pit Waterlogging & Haul Mud Friction,Deploy Dewatering Pumps & Route via High Ramp,97.2,13320
2023-06-02,Mansar West Mine,158.5,26.2,87.6,57.1,2,1500,5000,18500,HEAVY_RAIN,Pit Waterlogging & Haul Mud Friction,Deploy Dewatering Pumps & Route via High Ramp,88.1,13320
2023-06-02,Dongri Buzurg Mine,158.5,26.2,87.6,57.1,2,1500,5000,18500,HEAVY_RAIN,Pit Waterlogging & Haul Mud Friction,Deploy Dewatering Pumps & Route via High Ramp,98.0,13320
2023-06-02,Ukwa East Mine,158.5,26.2,87.6,57.1,2,1500,5000,18500,HEAVY_RAIN,Pit Waterlogging & Haul Mud Friction,Deploy Dewatering Pumps & Route via High Ramp,87.1,13320
2023-06-03,Balaghat Central Mine,172.8,31.9,82.0,59.3,1,1500,5000,18500,HEAVY_RAIN,Pit Waterlogging & Haul Mud Friction,Deploy Dewatering Pumps & Route via High Ramp,90.5,13320
2023-06-03,Mansar West Mine,172.8,31.9,82.0,59.3,1,1500,5000,18500,HEAVY_RAIN,Pit Waterlogging & Haul Mud Friction,Deploy Dewatering Pumps & Route via High Ramp,89.5,13320
2023-06-03,Dongri Buzurg Mine,172.8,31.9,82.0,59.3,1,1500,5000,18500,HEAVY_RAIN,Pit Waterlogging & Haul Mud Friction,Deploy Dewatering Pumps & Route via High Ramp,88.8,13320
2023-06-03,Ukwa East Mine,172.8,31.9,82.0,59.3,1,1500,5000,18500,HEAVY_RAIN,Pit Waterlogging & Haul Mud Friction,Deploy Dewatering Pumps & Route via High Ramp,97.7,13320
2023-06-04,Balaghat Central Mine,44.5,20.7,91.2,82.0,4,1500,5000,18500,HIGH_MOISTURE,Rock Bench Blasting Misfire Risk,Switch to Emulsion Charges & Dry Stemming Sequence,88.3,13875
2023-06-04,Mansar West Mine,44.5,20.7,91.2,82.0,4,1500,5000,18500,HIGH_MOISTURE,Rock Bench Blasting Misfire Risk,Switch to Emulsion Charges & Dry Stemming Sequence,92.4,13875
2023-06-04,Dongri Buzurg Mine,44.5,20.7,91.2,82.0,4,1500,5000,18500,HIGH_MOISTURE,Rock Bench Blasting Misfire Risk,Switch to Emulsion Charges & Dry Stemming Sequence,90.4,13875
2023-06-04,Ukwa East Mine,44.5,20.7,91.2,82.0,4,1500,5000,18500,HIGH_MOISTURE,Rock Bench Blasting Misfire Risk,Switch to Emulsion Charges & Dry Stemming Sequence,89.7,13875
2023-06-05,Balaghat Central Mine,125.5,31.6,77.6,64.8,3,1500,5000,18500,HEAVY_RAIN,Pit Waterlogging & Haul Mud Friction,Deploy Dewatering Pumps & Route via High Ramp,87.4,13320
2023-06-05,Mansar West Mine,125.5,31.6,77.6,64.8,3,1500,5000,18500,HEAVY_RAIN,Pit Waterlogging & Haul Mud Friction,Deploy Dewatering Pumps & Route via High Ramp,86.2,13320
2023-06-05,Dongri Buzurg Mine,125.5,31.6,77.6,64.8,3,1500,5000,18500,HEAVY_RAIN,Pit Waterlogging & Haul Mud Friction,Deploy Dewatering Pumps & Route via High Ramp,86.5,13320
2023-06-05,Ukwa East Mine,125.5,31.6,77.6,64.8,3,1500,5000,18500,HEAVY_RAIN,Pit Waterlogging & Haul Mud Friction,Deploy Dewatering Pumps & Route via High Ramp,88.8,13320
2023-06-06,Balaghat Central Mine,115.4,23.4,76.9,83.4,1,1500,5000,18500,HEAVY_RAIN,Pit Waterlogging & Haul Mud Friction,Deploy Dewatering Pumps & Route via High Ramp,89.5,13320
2023-06-06,Mansar West Mine,115.4,23.4,76.9,83.4,1,1500,5000,18500,HEAVY_RAIN,Pit Waterlogging & Haul Mud Friction,Deploy Dewatering Pumps & Route via High Ramp,96.2,13320
2023-06-06,Dongri Buzurg Mine,115.4,23.4,76.9,83.4,1,1500,5000,18500,HEAVY_RAIN,Pit Waterlogging & Haul Mud Friction,Deploy Dewatering Pumps & Route via High Ramp,85.4,13320
2023-06-06,Ukwa East Mine,115.4,23.4,76.9,83.4,1,1500,5000,18500,HEAVY_RAIN,Pit Waterlogging & Haul Mud Friction,Deploy Dewatering Pumps & Route via High Ramp,92.6,13320
2023-06-07,Balaghat Central Mine,168.8,24.5,64.3,77.4,4,1500,5000,18500,HEAVY_RAIN,Pit Waterlogging & Haul Mud Friction,Deploy Dewatering Pumps & Route via High Ramp,89.6,13320
2023-06-07,Mansar West Mine,168.8,24.5,64.3,77.4,4,1500,5000,18500,HEAVY_RAIN,Pit Waterlogging & Haul Mud Friction,Deploy Dewatering Pumps & Route via High Ramp,96.3,13320
2023-06-07,Dongri Buzurg Mine,168.8,24.5,64.3,77.4,4,1500,5000,18500,HEAVY_RAIN,Pit Waterlogging & Haul Mud Friction,Deploy Dewatering Pumps & Route via High Ramp,88.1,13320
2023-06-07,Ukwa East Mine,168.8,24.5,64.3,77.4,4,1500,5000,18500,HEAVY_RAIN,Pit Waterlogging & Haul Mud Friction,Deploy Dewatering Pumps & Route via High Ramp,85.3,13320
2023-06-08,Balaghat Central Mine,145.1,28.0,76.1,95.0,4,1500,5000,18500,HEAVY_RAIN,Pit Waterlogging & Haul Mud Friction,Deploy Dewatering Pumps & Route via High Ramp,92.5,13320
2023-06-08,Mansar West Mine,145.1,28.0,76.1,95.0,4,1500,5000,18500,HEAVY_RAIN,Pit Waterlogging & Haul Mud Friction,Deploy Dewatering Pumps & Route via High Ramp,92.5,13320
2023-06-08,Dongri Buzurg Mine,145.1,28.0,76.1,95.0,4,1500,5000,18500,HEAVY_RAIN,Pit Waterlogging & Haul Mud Friction,Deploy Dewatering Pumps & Route via High Ramp,95.4,13320
2023-06-08,Ukwa East Mine,145.1,28.0,76.1,95.0,4,1500,5000,18500,HEAVY_RAIN,Pit Waterlogging & Haul Mud Friction,Deploy Dewatering Pumps & Route via High Ramp,91.9,13320
2023-06-09,Balaghat Central Mine,84.9,23.5,61.7,76.6,2,1500,5000,18500,HEAVY_RAIN,Pit Waterlogging & Haul Mud Friction,Deploy Dewatering Pumps & Route via High Ramp,88.6,13320
2023-06-09,Mansar West Mine,84.9,23.5,61.7,76.6,2,1500,5000,18500,HEAVY_RAIN,Pit Waterlogging & Haul Mud Friction,Deploy Dewatering Pumps & Route via High Ramp,86.1,13320
2023-06-09,Dongri Buzurg Mine,84.9,23.5,61.7,76.6,2,1500,5000,18500,HEAVY_RAIN,Pit Waterlogging & Haul Mud Friction,Deploy Dewatering Pumps & Route via High Ramp,85.6,13320
2023-06-09,Ukwa East Mine,84.9,23.5,61.7,76.6,2,1500,5000,18500,HEAVY_RAIN,Pit Waterlogging & Haul Mud Friction,Deploy Dewatering Pumps & Route via High Ramp,92.0,13320
2023-06-10,Balaghat Central Mine,72.6,27.3,79.6,83.2,5,1500,5000,18500,HEAVY_RAIN,Pit Waterlogging & Haul Mud Friction,Deploy Dewatering Pumps & Route via High Ramp,94.7,13320
2023-06-10,Mansar West Mine,72.6,27.3,79.6,83.2,5,1500,5000,18302,HEAVY_RAIN,Pit Waterlogging & Haul Mud Friction,Deploy Dewatering Pumps & Route via High Ramp,86.8,13177
2023-06-10,Dongri Buzurg Mine,72.6,27.3,79.6,83.2,5,1500,5000,18500,HEAVY_RAIN,Pit Waterlogging & Haul Mud Friction,Deploy Dewatering Pumps & Route via High Ramp,89.7,13320
2023-06-10,Ukwa East Mine,72.6,27.3,79.6,83.2,5,1500,5000,18500,HEAVY_RAIN,Pit Waterlogging & Haul Mud Friction,Deploy Dewatering Pumps & Route via High Ramp,95.0,13320
2023-06-11,Balaghat Central Mine,148.6,26.8,64.0,81.5,2,1500,5000,18500,HEAVY_RAIN,Pit Waterlogging & Haul Mud Friction,Deploy Dewatering Pumps & Route via High Ramp,93.6,13320
2023-06-11,Mansar West Mine,148.6,26.8,64.0,81.5,2,1500,5000,18500,HEAVY_RAIN,Pit Waterlogging & Haul Mud Friction,Deploy Dewatering Pumps & Route via High Ramp,89.9,13320
2023-06-11,Dongri Buzurg Mine,148.6,26.8,64.0,81.5,2,1500,5000,18500,HEAVY_RAIN,Pit Waterlogging & Haul Mud Friction,Deploy Dewatering Pumps & Route via High Ramp,88.7,13320
2023-06-11,Ukwa East Mine,148.6,26.8,64.0,81.5,2,1500,5000,18500,HEAVY_RAIN,Pit Waterlogging & Haul Mud Friction,Deploy Dewatering Pumps & Route via High Ramp,95.5,13320
2023-06-12,Balaghat Central Mine,27.2,26.7,69.3,73.8,4,1500,5000,18500,FLEET_BREAKDOWN,Haul Truck & Shovel Mechanical Failure,Reallocate Backup Fleet & Deploy Mobile Mechanics,87.6,14800
2023-06-12,Mansar West Mine,27.2,26.7,69.3,73.8,4,1500,5000,18500,FLEET_BREAKDOWN,Haul Truck & Shovel Mechanical Failure,Reallocate Backup Fleet & Deploy Mobile Mechanics,89.1,14800
2023-06-12,Dongri Buzurg Mine,27.2,26.7,69.3,73.8,4,1500,5000,18500,FLEET_BREAKDOWN,Haul Truck & Shovel Mechanical Failure,Reallocate Backup Fleet & Deploy Mobile Mechanics,92.9,14800
2023-06-12,Ukwa East Mine,27.2,26.7,69.3,73.8,4,1500,5000,18500,FLEET_BREAKDOWN,Haul Truck & Shovel Mechanical Failure,Reallocate Backup Fleet & Deploy Mobile Mechanics,86.3,14800
2023-06-13,Balaghat Central Mine,27.3,25.9,70.4,67.9,2,1500,5000,18500,FLEET_BREAKDOWN,Haul Truck & Shovel Mechanical Failure,Reallocate Backup Fleet & Deploy Mobile Mechanics,90.1,14800
2023-06-13,Mansar West Mine,27.3,25.9,70.4,67.9,2,1500,5000,18500,FLEET_BREAKDOWN,Haul Truck & Shovel Mechanical Failure,Reallocate Backup Fleet & Deploy Mobile Mechanics,95.7,14800
2023-06-13,Dongri Buzurg Mine,27.3,25.9,70.4,67.9,2,1500,5000,18500,FLEET_BREAKDOWN,Haul Truck & Shovel Mechanical Failure,Reallocate Backup Fleet & Deploy Mobile Mechanics,86.7,14800
2023-06-13,Ukwa East Mine,27.3,25.9,70.4,67.9,2,1500,5000,18500,FLEET_BREAKDOWN,Haul Truck & Shovel Mechanical Failure,Reallocate Backup Fleet & Deploy Mobile Mechanics,97.8,14800
2023-06-14,Balaghat Central Mine,70.8,29.6,89.9,66.1,4,1500,5000,15736,HEAVY_RAIN,Pit Waterlogging & Haul Mud Friction,Deploy Dewatering Pumps & Route via High Ramp,94.9,11329
2023-06-14,Mansar West Mine,70.8,29.6,89.9,66.1,4,1500,5000,17769,HEAVY_RAIN,Pit Waterlogging & Haul Mud Friction,Deploy Dewatering Pumps & Route via High Ramp,90.8,12793
2023-06-14,Dongri Buzurg Mine,70.8,29.6,89.9,66.1,4,1500,5000,18500,HEAVY_RAIN,Pit Waterlogging & Haul Mud Friction,Deploy Dewatering Pumps & Route via High Ramp,92.9,13320
2023-06-14,Ukwa East Mine,70.8,29.6,89.9,66.1,4,1500,5000,16101,HEAVY_RAIN,Pit Waterlogging & Haul Mud Friction,Deploy Dewatering Pumps & Route via High Ramp,93.0,11592
2023-06-15,Balaghat Central Mine,122.5,21.4,83.5,92.9,3,1500,5000,18500,HEAVY_RAIN,Pit Waterlogging & Haul Mud Friction,Deploy Dewatering Pumps & Route via High Ramp,93.1,13320
2023-06-15,Mansar West Mine,122.5,21.4,83.5,92.9,3,1500,5000,18500,HEAVY_RAIN,Pit Waterlogging & Haul Mud Friction,Deploy Dewatering Pumps & Route via High Ramp,85.4,13320
2023-06-15,Dongri Buzurg Mine,122.5,21.4,83.5,92.9,3,1500,5000,18500,HEAVY_RAIN,Pit Waterlogging & Haul Mud Friction,Deploy Dewatering Pumps & Route via High Ramp,91.6,13320
2023-06-15,Ukwa East Mine,122.5,21.4,83.5,92.9,3,1500,5000,18500,HEAVY_RAIN,Pit Waterlogging & Haul Mud Friction,Deploy Dewatering Pumps & Route via High Ramp,89.3,13320
2023-06-16,Balaghat Central Mine,143.5,28.4,62.7,78.8,5,1500,5000,18500,HEAVY_RAIN,Pit Waterlogging & Haul Mud Friction,Deploy Dewatering Pumps & Route via High Ramp,94.5,13320
2023-06-16,Mansar West Mine,143.5,28.4,62.7,78.8,5,1500,5000,18500,HEAVY_RAIN,Pit Waterlogging & Haul Mud Friction,Deploy Dewatering Pumps & Route via High Ramp,95.0,13320
2023-06-16,Dongri Buzurg Mine,143.5,28.4,62.7,78.8,5,1500,5000,18500,HEAVY_RAIN,Pit Waterlogging & Haul Mud Friction,Deploy Dewatering Pumps & Route via High Ramp,96.0,13320
2023-06-16,Ukwa East Mine,143.5,28.4,62.7,78.8,5,1500,5000,18500,HEAVY_RAIN,Pit Waterlogging & Haul Mud Friction,Deploy Dewatering Pumps & Route via High Ramp,87.2,13320
2023-06-17,Balaghat Central Mine,155.9,28.0,86.6,85.5,3,1500,5000,18500,HEAVY_RAIN,Pit Waterlogging & Haul Mud Friction,Deploy Dewatering Pumps & Route via High Ramp,91.6,13320
2023-06-17,Mansar West Mine,155.9,28.0,86.6,85.5,3,1500,5000,18500,HEAVY_RAIN,Pit Waterlogging & Haul Mud Friction,Deploy Dewatering Pumps & Route via High Ramp,93.7,13320
2023-06-17,Dongri Buzurg Mine,155.9,28.0,86.6,85.5,3,1500,5000,18500,HEAVY_RAIN,Pit Waterlogging & Haul Mud Friction,Deploy Dewatering Pumps & Route via High Ramp,87.3,13320
2023-06-17,Ukwa East Mine,155.9,28.0,86.6,85.5,3,1500,5000,18500,HEAVY_RAIN,Pit Waterlogging & Haul Mud Friction,Deploy Dewatering Pumps & Route via High Ramp,85.7,13320
2023-06-18,Balaghat Central Mine,166.3,30.2,74.5,69.6,4,1500,5000,18500,HEAVY_RAIN,Pit Waterlogging & Haul Mud Friction,Deploy Dewatering Pumps & Route via High Ramp,91.3,13320
2023-06-18,Mansar West Mine,166.3,30.2,74.5,69.6,4,1500,5000,18500,HEAVY_RAIN,Pit Waterlogging & Haul Mud Friction,Deploy Dewatering Pumps & Route via High Ramp,87.7,13320
2023-06-18,Dongri Buzurg Mine,166.3,30.2,74.5,69.6,4,1500,5000,18500,HEAVY_RAIN,Pit Waterlogging & Haul Mud Friction,Deploy Dewatering Pumps & Route via High Ramp,94.6,13320
2023-06-18,Ukwa East Mine,166.3,30.2,74.5,69.6,4,1500,5000,18500,HEAVY_RAIN,Pit Waterlogging & Haul Mud Friction,Deploy Dewatering Pumps & Route via High Ramp,86.7,13320
2023-06-19,Balaghat Central Mine,86.5,28.6,90.0,59.6,3,1500,5000,18500,HEAVY_RAIN,Pit Waterlogging & Haul Mud Friction,Deploy Dewatering Pumps & Route via High Ramp,89.4,13320
2023-06-19,Mansar West Mine,86.5,28.6,90.0,59.6,3,1500,5000,18500,HEAVY_RAIN,Pit Waterlogging & Haul Mud Friction,Deploy Dewatering Pumps & Route via High Ramp,91.5,13320
2023-06-19,Dongri Buzurg Mine,86.5,28.6,90.0,59.6,3,1500,5000,18500,HEAVY_RAIN,Pit Waterlogging & Haul Mud Friction,Deploy Dewatering Pumps & Route via High Ramp,85.2,13320
2023-06-19,Ukwa East Mine,86.5,28.6,90.0,59.6,3,1500,5000,18500,HEAVY_RAIN,Pit Waterlogging & Haul Mud Friction,Deploy Dewatering Pumps & Route via High Ramp,90.8,13320
2023-06-20,Balaghat Central Mine,62.2,29.4,83.1,61.7,1,1500,5000,11875,HEAVY_RAIN,Pit Waterlogging & Haul Mud Friction,Deploy Dewatering Pumps & Route via High Ramp,86.4,8550
2023-06-20,Mansar West Mine,62.2,29.4,83.1,61.7,1,1500,5000,13733,HEAVY_RAIN,Pit Waterlogging & Haul Mud Friction,Deploy Dewatering Pumps & Route via High Ramp,89.0,9887
2023-06-20,Dongri Buzurg Mine,62.2,29.4,83.1,61.7,1,1500,5000,11665,HEAVY_RAIN,Pit Waterlogging & Haul Mud Friction,Deploy Dewatering Pumps & Route via High Ramp,91.1,8398
2023-06-20,Ukwa East Mine,62.2,29.4,83.1,61.7,1,1500,5000,13495,HEAVY_RAIN,Pit Waterlogging & Haul Mud Friction,Deploy Dewatering Pumps & Route via High Ramp,93.3,9716
2023-06-21,Balaghat Central Mine,53.8,30.7,89.3,97.2,5,1500,5000,12202,HEAVY_RAIN,Pit Waterlogging & Haul Mud Friction,Deploy Dewatering Pumps & Route via High Ramp,97.7,8785
2023-06-21,Mansar West Mine,53.8,30.7,89.3,97.2,5,1500,6457,8543,HEAVY_RAIN,Pit Waterlogging & Haul Mud Friction,Deploy Dewatering Pumps & Route via High Ramp,96.8,6150
2023-06-21,Dongri Buzurg Mine,53.8,30.7,89.3,97.2,5,1500,6527,8473,HEAVY_RAIN,Pit Waterlogging & Haul Mud Friction,Deploy Dewatering Pumps & Route via High Ramp,87.6,6100
2023-06-21,Ukwa East Mine,53.8,30.7,89.3,97.2,5,1500,5000,10829,HEAVY_RAIN,Pit Waterlogging & Haul Mud Friction,Deploy Dewatering Pumps & Route via High Ramp,94.6,7796
2023-06-22,Balaghat Central Mine,43.7,24.7,72.1,82.1,5,1500,5000,11705,HIGH_MOISTURE,Rock Bench Blasting Misfire Risk,Switch to Emulsion Charges & Dry Stemming Sequence,90.1,8778
2023-06-22,Mansar West Mine,43.7,24.7,72.1,82.1,5,1500,5000,10401,HIGH_MOISTURE,Rock Bench Blasting Misfire Risk,Switch to Emulsion Charges & Dry Stemming Sequence,92.5,7800
2023-06-22,Dongri Buzurg Mine,43.7,24.7,72.1,82.1,5,1500,6842,8158,HIGH_MOISTURE,Rock Bench Blasting Misfire Risk,Switch to Emulsion Charges & Dry Stemming Sequence,93.4,6118
2023-06-22,Ukwa East Mine,43.7,24.7,72.1,82.1,5,1500,11224,3776,HIGH_MOISTURE,Rock Bench Blasting Misfire Risk,Switch to Emulsion Charges & Dry Stemming Sequence,91.8,2832
2023-06-23,Balaghat Central Mine,161.5,21.8,83.1,82.5,1,1500,5000,18500,HEAVY_RAIN,Pit Waterlogging & Haul Mud Friction,Deploy Dewatering Pumps & Route via High Ramp,85.8,13320
2023-06-23,Mansar West Mine,161.5,21.8,83.1,82.5,1,1500,5000,18500,HEAVY_RAIN,Pit Waterlogging & Haul Mud Friction,Deploy Dewatering Pumps & Route via High Ramp,93.9,13320
2023-06-23,Dongri Buzurg Mine,161.5,21.8,83.1,82.5,1,1500,5000,18500,HEAVY_RAIN,Pit Waterlogging & Haul Mud Friction,Deploy Dewatering Pumps & Route via High Ramp,92.9,13320
2023-06-23,Ukwa East Mine,161.5,21.8,83.1,82.5,1,1500,5000,18500,HEAVY_RAIN,Pit Waterlogging & Haul Mud Friction,Deploy Dewatering Pumps & Route via High Ramp,96.3,13320
2023-06-24,Balaghat Central Mine,36.1,27.3,72.4,69.9,3,1500,5000,18500,FLEET_BREAKDOWN,Haul Truck & Shovel Mechanical Failure,Reallocate Backup Fleet & Deploy Mobile Mechanics,95.5,14800
2023-06-24,Mansar West Mine,36.1,27.3,72.4,69.9,3,1500,5000,18500,FLEET_BREAKDOWN,Haul Truck & Shovel Mechanical Failure,Reallocate Backup Fleet & Deploy Mobile Mechanics,91.3,14800
2023-06-24,Dongri Buzurg Mine,36.1,27.3,72.4,69.9,3,1500,5000,18500,FLEET_BREAKDOWN,Haul Truck & Shovel Mechanical Failure,Reallocate Backup Fleet & Deploy Mobile Mechanics,91.4,14800
2023-06-24,Ukwa East Mine,36.1,27.3,72.4,69.9,3,1500,5000,18500,FLEET_BREAKDOWN,Haul Truck & Shovel Mechanical Failure,Reallocate Backup Fleet & Deploy Mobile Mechanics,91.5,14800
2023-06-25,Balaghat Central Mine,108.7,22.6,69.3,74.1,5,1500,5000,18500,HEAVY_RAIN,Pit Waterlogging & Haul Mud Friction,Deploy Dewatering Pumps & Route via High Ramp,93.7,13320
2023-06-25,Mansar West Mine,108.7,22.6,69.3,74.1,5,1500,5000,18500,HEAVY_RAIN,Pit Waterlogging & Haul Mud Friction,Deploy Dewatering Pumps & Route via High Ramp,91.1,13320
2023-06-25,Dongri Buzurg Mine,108.7,22.6,69.3,74.1,5,1500,5000,18500,HEAVY_RAIN,Pit Waterlogging & Haul Mud Friction,Deploy Dewatering Pumps & Route via High Ramp,91.9,13320
2023-06-25,Ukwa East Mine,108.7,22.6,69.3,74.1,5,1500,5000,18500,HEAVY_RAIN,Pit Waterlogging & Haul Mud Friction,Deploy Dewatering Pumps & Route via High Ramp,95.4,13320
2023-06-26,Balaghat Central Mine,152.4,24.9,87.0,74.2,4,1500,5000,18500,HEAVY_RAIN,Pit Waterlogging & Haul Mud Friction,Deploy Dewatering Pumps & Route via High Ramp,92.4,13320
2023-06-26,Mansar West Mine,152.4,24.9,87.0,74.2,4,1500,5000,18500,HEAVY_RAIN,Pit Waterlogging & Haul Mud Friction,Deploy Dewatering Pumps & Route via High Ramp,97.1,13320
2023-06-26,Dongri Buzurg Mine,152.4,24.9,87.0,74.2,4,1500,5000,18500,HEAVY_RAIN,Pit Waterlogging & Haul Mud Friction,Deploy Dewatering Pumps & Route via High Ramp,96.1,13320
2023-06-26,Ukwa East Mine,152.4,24.9,87.0,74.2,4,1500,5000,18500,HEAVY_RAIN,Pit Waterlogging & Haul Mud Friction,Deploy Dewatering Pumps & Route via High Ramp,87.3,13320
2023-06-27,Balaghat Central Mine,95.1,24.6,67.9,63.1,3,1500,5000,18500,HEAVY_RAIN,Pit Waterlogging & Haul Mud Friction,Deploy Dewatering Pumps & Route via High Ramp,90.0,13320
2023-06-27,Mansar West Mine,95.1,24.6,67.9,63.1,3,1500,5000,18500,HEAVY_RAIN,Pit Waterlogging & Haul Mud Friction,Deploy Dewatering Pumps & Route via High Ramp,96.9,13320
2023-06-27,Dongri Buzurg Mine,95.1,24.6,67.9,63.1,3,1500,5000,18500,HEAVY_RAIN,Pit Waterlogging & Haul Mud Friction,Deploy Dewatering Pumps & Route via High Ramp,92.4,13320
2023-06-27,Ukwa East Mine,95.1,24.6,67.9,63.1,3,1500,5000,18500,HEAVY_RAIN,Pit Waterlogging & Haul Mud Friction,Deploy Dewatering Pumps & Route via High Ramp,89.8,13320
2023-06-28,Balaghat Central Mine,130.9,30.3,77.4,67.5,3,1500,5000,18500,HEAVY_RAIN,Pit Waterlogging & Haul Mud Friction,Deploy Dewatering Pumps & Route via High Ramp,86.3,13320
2023-06-28,Mansar West Mine,130.9,30.3,77.4,67.5,3,1500,5000,18500,HEAVY_RAIN,Pit Waterlogging & Haul Mud Friction,Deploy Dewatering Pumps & Route via High Ramp,88.7,13320
2023-06-28,Dongri Buzurg Mine,130.9,30.3,77.4,67.5,3,1500,5000,18500,HEAVY_RAIN,Pit Waterlogging & Haul Mud Friction,Deploy Dewatering Pumps & Route via High Ramp,89.2,13320
2023-06-28,Ukwa East Mine,130.9,30.3,77.4,67.5,3,1500,5000,18500,HEAVY_RAIN,Pit Waterlogging & Haul Mud Friction,Deploy Dewatering Pumps & Route via High Ramp,92.2,13320
2023-06-29,Balaghat Central Mine,45.9,29.1,61.4,93.7,5,1500,15000,0,NORMAL,Optimal Mine Operations,Maintain Standard Production Schedule,95.3,0
2023-06-29,Mansar West Mine,45.9,29.1,61.4,93.7,5,1500,12913,2087,NORMAL,Optimal Mine Operations,Maintain Standard Production Schedule,92.3,2087
2023-06-29,Dongri Buzurg Mine,45.9,29.1,61.4,93.7,5,1500,15000,0,NORMAL,Optimal Mine Operations,Maintain Standard Production Schedule,97.3,0
2023-06-29,Ukwa East Mine,45.9,29.1,61.4,93.7,5,1500,15000,0,NORMAL,Optimal Mine Operations,Maintain Standard Production Schedule,88.1,0
2023-06-30,Balaghat Central Mine,156.6,30.6,72.6,63.9,1,1500,5000,18500,HEAVY_RAIN,Pit Waterlogging & Haul Mud Friction,Deploy Dewatering Pumps & Route via High Ramp,87.6,13320
2023-06-30,Mansar West Mine,156.6,30.6,72.6,63.9,1,1500,5000,18500,HEAVY_RAIN,Pit Waterlogging & Haul Mud Friction,Deploy Dewatering Pumps & Route via High Ramp,93.8,13320
2023-06-30,Dongri Buzurg Mine,156.6,30.6,72.6,63.9,1,1500,5000,18500,HEAVY_RAIN,Pit Waterlogging & Haul Mud Friction,Deploy Dewatering Pumps & Route via High Ramp,94.0,13320
2023-06-30,Ukwa East Mine,156.6,30.6,72.6,63.9,1,1500,5000,18500,HEAVY_RAIN,Pit Waterlogging & Haul Mud Friction,Deploy Dewatering Pumps & Route via High Ramp,89.2,13320
2023-07-01,Balaghat Central Mine,77.7,26.1,77.7,68.1,4,1500,5000,17021,HEAVY_RAIN,Pit Waterlogging & Haul Mud Friction,Deploy Dewatering Pumps & Route via High Ramp,91.1,12255
2023-07-01,Mansar West Mine,77.7,26.1,77.7,68.1,4,1500,5000,17408,HEAVY_RAIN,Pit Waterlogging & Haul Mud Friction,Deploy Dewatering Pumps & Route via High Ramp,85.9,12533
2023-07-01,Dongri Buzurg Mine,77.7,26.1,77.7,68.1,4,1500,5000,18500,HEAVY_RAIN,Pit Waterlogging & Haul Mud Friction,Deploy Dewatering Pumps & Route via High Ramp,93.8,13320
2023-07-01,Ukwa East Mine,77.7,26.1,77.7,68.1,4,1500,5000,18500,HEAVY_RAIN,Pit Waterlogging & Haul Mud Friction,Deploy Dewatering Pumps & Route via High Ramp,89.2,13320
2023-07-02,Balaghat Central Mine,53.0,27.1,79.1,74.4,4,1500,8191,6809,HEAVY_RAIN,Pit Waterlogging & Haul Mud Friction,Deploy Dewatering Pumps & Route via High Ramp,97.6,4902
2023-07-02,Mansar West Mine,53.0,27.1,79.1,74.4,4,1500,6802,8198,HEAVY_RAIN,Pit Waterlogging & Haul Mud Friction,Deploy Dewatering Pumps & Route via High Ramp,95.7,5902
2023-07-02,Dongri Buzurg Mine,53.0,27.1,79.1,74.4,4,1500,10897,4103,HEAVY_RAIN,Pit Waterlogging & Haul Mud Friction,Deploy Dewatering Pumps & Route via High Ramp,85.1,2954
2023-07-02,Ukwa East Mine,53.0,27.1,79.1,74.4,4,1500,5229,9771,HEAVY_RAIN,Pit Waterlogging & Haul Mud Friction,Deploy Dewatering Pumps & Route via High Ramp,92.7,7035
2023-07-03,Balaghat Central Mine,25.8,20.8,80.3,61.5,5,1500,5000,18500,FLEET_BREAKDOWN,Haul Truck & Shovel Mechanical Failure,Reallocate Backup Fleet & Deploy Mobile Mechanics,89.9,14800
2023-07-03,Mansar West Mine,25.8,20.8,80.3,61.5,5,1500,5000,18500,FLEET_BREAKDOWN,Haul Truck & Shovel Mechanical Failure,Reallocate Backup Fleet & Deploy Mobile Mechanics,95.7,14800
2023-07-03,Dongri Buzurg Mine,25.8,20.8,80.3,61.5,5,1500,5000,18500,FLEET_BREAKDOWN,Haul Truck & Shovel Mechanical Failure,Reallocate Backup Fleet & Deploy Mobile Mechanics,85.9,14800
2023-07-03,Ukwa East Mine,25.8,20.8,80.3,61.5,5,1500,5000,18500,FLEET_BREAKDOWN,Haul Truck & Shovel Mechanical Failure,Reallocate Backup Fleet & Deploy Mobile Mechanics,88.2,14800
2023-07-04,Balaghat Central Mine,99.0,28.7,67.4,63.2,5,1500,5000,18500,HEAVY_RAIN,Pit Waterlogging & Haul Mud Friction,Deploy Dewatering Pumps & Route via High Ramp,95.4,13320
2023-07-04,Mansar West Mine,99.0,28.7,67.4,63.2,5,1500,5000,18500,HEAVY_RAIN,Pit Waterlogging & Haul Mud Friction,Deploy Dewatering Pumps & Route via High Ramp,92.1,13320
2023-07-04,Dongri Buzurg Mine,99.0,28.7,67.4,63.2,5,1500,5000,18500,HEAVY_RAIN,Pit Waterlogging & Haul Mud Friction,Deploy Dewatering Pumps & Route via High Ramp,96.8,13320
2023-07-04,Ukwa East Mine,99.0,28.7,67.4,63.2,5,1500,5000,18500,HEAVY_RAIN,Pit Waterlogging & Haul Mud Friction,Deploy Dewatering Pumps & Route via High Ramp,93.7,13320
2023-07-05,Balaghat Central Mine,65.8,28.9,91.4,94.2,1,1500,5000,13877,HEAVY_RAIN,Pit Waterlogging & Haul Mud Friction,Deploy Dewatering Pumps & Route via High Ramp,88.6,9991
2023-07-05,Mansar West Mine,65.8,28.9,91.4,94.2,1,1500,5450,9550,HEAVY_RAIN,Pit Waterlogging & Haul Mud Friction,Deploy Dewatering Pumps & Route via High Ramp,95.7,6876
2023-07-05,Dongri Buzurg Mine,65.8,28.9,91.4,94.2,1,1500,5000,18500,HEAVY_RAIN,Pit Waterlogging & Haul Mud Friction,Deploy Dewatering Pumps & Route via High Ramp,91.5,13320
2023-07-05,Ukwa East Mine,65.8,28.9,91.4,94.2,1,1500,5000,18500,HEAVY_RAIN,Pit Waterlogging & Haul Mud Friction,Deploy Dewatering Pumps & Route via High Ramp,89.5,13320
2023-07-06,Balaghat Central Mine,110.8,24.2,77.7,86.0,2,1500,5000,18500,HEAVY_RAIN,Pit Waterlogging & Haul Mud Friction,Deploy Dewatering Pumps & Route via High Ramp,95.0,13320
2023-07-06,Mansar West Mine,110.8,24.2,77.7,86.0,2,1500,5000,18500,HEAVY_RAIN,Pit Waterlogging & Haul Mud Friction,Deploy Dewatering Pumps & Route via High Ramp,88.1,13320
2023-07-06,Dongri Buzurg Mine,110.8,24.2,77.7,86.0,2,1500,5000,18500,HEAVY_RAIN,Pit Waterlogging & Haul Mud Friction,Deploy Dewatering Pumps & Route via High Ramp,87.9,13320
2023-07-06,Ukwa East Mine,110.8,24.2,77.7,86.0,2,1500,5000,18500,HEAVY_RAIN,Pit Waterlogging & Haul Mud Friction,Deploy Dewatering Pumps & Route via High Ramp,92.0,13320
2023-07-07,Balaghat Central Mine,143.1,24.8,90.7,60.6,4,1500,5000,18500,HEAVY_RAIN,Pit Waterlogging & Haul Mud Friction,Deploy Dewatering Pumps & Route via High Ramp,89.8,13320
2023-07-07,Mansar West Mine,143.1,24.8,90.7,60.6,4,1500,5000,18500,HEAVY_RAIN,Pit Waterlogging & Haul Mud Friction,Deploy Dewatering Pumps & Route via High Ramp,93.0,13320
2023-07-07,Dongri Buzurg Mine,143.1,24.8,90.7,60.6,4,1500,5000,18500,HEAVY_RAIN,Pit Waterlogging & Haul Mud Friction,Deploy Dewatering Pumps & Route via High Ramp,89.0,13320
2023-07-07,Ukwa East Mine,143.1,24.8,90.7,60.6,4,1500,5000,18500,HEAVY_RAIN,Pit Waterlogging & Haul Mud Friction,Deploy Dewatering Pumps & Route via High Ramp,94.0,13320
2023-07-08,Balaghat Central Mine,72.2,20.3,88.4,65.8,2,1500,5000,14517,HEAVY_RAIN,Pit Waterlogging & Haul Mud Friction,Deploy Dewatering Pumps & Route via High Ramp,86.5,10452
2023-07-08,Mansar West Mine,72.2,20.3,88.4,65.8,2,1500,5000,18500,HEAVY_RAIN,Pit Waterlogging & Haul Mud Friction,Deploy Dewatering Pumps & Route via High Ramp,87.0,13320
2023-07-08,Dongri Buzurg Mine,72.2,20.3,88.4,65.8,2,1500,5000,18500,HEAVY_RAIN,Pit Waterlogging & Haul Mud Friction,Deploy Dewatering Pumps & Route via High Ramp,94.9,13320
2023-07-08,Ukwa East Mine,72.2,20.3,88.4,65.8,2,1500,5000,18500,HEAVY_RAIN,Pit Waterlogging & Haul Mud Friction,Deploy Dewatering Pumps & Route via High Ramp,87.2,13320
2023-07-09,Balaghat Central Mine,36.7,28.7,76.6,87.4,4,1500,5000,12065,HIGH_MOISTURE,Rock Bench Blasting Misfire Risk,Switch to Emulsion Charges & Dry Stemming Sequence,92.2,9048
2023-07-09,Mansar West Mine,36.7,28.7,76.6,87.4,4,1500,5000,16884,HIGH_MOISTURE,Rock Bench Blasting Misfire Risk,Switch to Emulsion Charges & Dry Stemming Sequence,95.0,12663
2023-07-09,Dongri Buzurg Mine,36.7,28.7,76.6,87.4,4,1500,5000,13649,HIGH_MOISTURE,Rock Bench Blasting Misfire Risk,Switch to Emulsion Charges & Dry Stemming Sequence,94.6,10236
2023-07-09,Ukwa East Mine,36.7,28.7,76.6,87.4,4,1500,5000,18500,HIGH_MOISTURE,Rock Bench Blasting Misfire Risk,Switch to Emulsion Charges & Dry Stemming Sequence,89.4,13875
2023-07-10,Balaghat Central Mine,92.8,29.0,71.6,74.0,4,1500,5000,18500,HEAVY_RAIN,Pit Waterlogging & Haul Mud Friction,Deploy Dewatering Pumps & Route via High Ramp,93.7,13320
2023-07-10,Mansar West Mine,92.8,29.0,71.6,74.0,4,1500,5000,18500,HEAVY_RAIN,Pit Waterlogging & Haul Mud Friction,Deploy Dewatering Pumps & Route via High Ramp,97.2,13320
2023-07-10,Dongri Buzurg Mine,92.8,29.0,71.6,74.0,4,1500,5000,18500,HEAVY_RAIN,Pit Waterlogging & Haul Mud Friction,Deploy Dewatering Pumps & Route via High Ramp,97.7,13320
2023-07-10,Ukwa East Mine,92.8,29.0,71.6,74.0,4,1500,5000,18500,HEAVY_RAIN,Pit Waterlogging & Haul Mud Friction,Deploy Dewatering Pumps & Route via High Ramp,89.4,13320
2023-07-11,Balaghat Central Mine,30.0,23.5,78.8,65.3,3,1500,5000,18500,FLEET_BREAKDOWN,Haul Truck & Shovel Mechanical Failure,Reallocate Backup Fleet & Deploy Mobile Mechanics,88.8,14800
2023-07-11,Mansar West Mine,30.0,23.5,78.8,65.3,3,1500,5000,18500,FLEET_BREAKDOWN,Haul Truck & Shovel Mechanical Failure,Reallocate Backup Fleet & Deploy Mobile Mechanics,94.9,14800
2023-07-11,Dongri Buzurg Mine,30.0,23.5,78.8,65.3,3,1500,5000,18500,FLEET_BREAKDOWN,Haul Truck & Shovel Mechanical Failure,Reallocate Backup Fleet & Deploy Mobile Mechanics,96.4,14800
2023-07-11,Ukwa East Mine,30.0,23.5,78.8,65.3,3,1500,5000,18500,FLEET_BREAKDOWN,Haul Truck & Shovel Mechanical Failure,Reallocate Backup Fleet & Deploy Mobile Mechanics,97.4,14800
2023-07-12,Balaghat Central Mine,130.7,31.8,88.9,66.4,4,1500,5000,18500,HEAVY_RAIN,Pit Waterlogging & Haul Mud Friction,Deploy Dewatering Pumps & Route via High Ramp,87.7,13320
2023-07-12,Mansar West Mine,130.7,31.8,88.9,66.4,4,1500,5000,18500,HEAVY_RAIN,Pit Waterlogging & Haul Mud Friction,Deploy Dewatering Pumps & Route via High Ramp,86.6,13320
2023-07-12,Dongri Buzurg Mine,130.7,31.8,88.9,66.4,4,1500,5000,18500,HEAVY_RAIN,Pit Waterlogging & Haul Mud Friction,Deploy Dewatering Pumps & Route via High Ramp,87.2,13320
2023-07-12,Ukwa East Mine,130.7,31.8,88.9,66.4,4,1500,5000,18500,HEAVY_RAIN,Pit Waterlogging & Haul Mud Friction,Deploy Dewatering Pumps & Route via High Ramp,88.8,13320
2023-07-13,Balaghat Central Mine,59.1,30.3,66.0,81.2,4,1500,5000,12691,HEAVY_RAIN,Pit Waterlogging & Haul Mud Friction,Deploy Dewatering Pumps & Route via High Ramp,97.8,9137
2023-07-13,Mansar West Mine,59.1,30.3,66.0,81.2,4,1500,5918,9082,HEAVY_RAIN,Pit Waterlogging & Haul Mud Friction,Deploy Dewatering Pumps & Route via High Ramp,95.9,6539
2023-07-13,Dongri Buzurg Mine,59.1,30.3,66.0,81.2,4,1500,6018,8982,HEAVY_RAIN,Pit Waterlogging & Haul Mud Friction,Deploy Dewatering Pumps & Route via High Ramp,92.4,6467
2023-07-13,Ukwa East Mine,59.1,30.3,66.0,81.2,4,1500,5000,14190,HEAVY_RAIN,Pit Waterlogging & Haul Mud Friction,Deploy Dewatering Pumps & Route via High Ramp,91.5,10216
2023-07-14,Balaghat Central Mine,103.8,31.7,84.0,80.1,1,1500,5000,18500,HEAVY_RAIN,Pit Waterlogging & Haul Mud Friction,Deploy Dewatering Pumps & Route via High Ramp,94.9,13320
2023-07-14,Mansar West Mine,103.8,31.7,84.0,80.1,1,1500,5000,18500,HEAVY_RAIN,Pit Waterlogging & Haul Mud Friction,Deploy Dewatering Pumps & Route via High Ramp,90.3,13320
2023-07-14,Dongri Buzurg Mine,103.8,31.7,84.0,80.1,1,1500,5000,18500,HEAVY_RAIN,Pit Waterlogging & Haul Mud Friction,Deploy Dewatering Pumps & Route via High Ramp,86.9,13320
2023-07-14,Ukwa East Mine,103.8,31.7,84.0,80.1,1,1500,5000,18500,HEAVY_RAIN,Pit Waterlogging & Haul Mud Friction,Deploy Dewatering Pumps & Route via High Ramp,86.5,13320
2023-07-15,Balaghat Central Mine,167.2,24.8,75.5,72.9,5,1500,5000,18500,HEAVY_RAIN,Pit Waterlogging & Haul Mud Friction,Deploy Dewatering Pumps & Route via High Ramp,90.1,13320
2023-07-15,Mansar West Mine,167.2,24.8,75.5,72.9,5,1500,5000,18500,HEAVY_RAIN,Pit Waterlogging & Haul Mud Friction,Deploy Dewatering Pumps & Route via High Ramp,95.6,13320
2023-07-15,Dongri Buzurg Mine,167.2,24.8,75.5,72.9,5,1500,5000,18500,HEAVY_RAIN,Pit Waterlogging & Haul Mud Friction,Deploy Dewatering Pumps & Route via High Ramp,86.1,13320
2023-07-15,Ukwa East Mine,167.2,24.8,75.5,72.9,5,1500,5000,18500,HEAVY_RAIN,Pit Waterlogging & Haul Mud Friction,Deploy Dewatering Pumps & Route via High Ramp,90.2,13320
2023-07-16,Balaghat Central Mine,148.1,28.9,89.1,61.5,4,1500,5000,18500,HEAVY_RAIN,Pit Waterlogging & Haul Mud Friction,Deploy Dewatering Pumps & Route via High Ramp,85.7,13320
2023-07-16,Mansar West Mine,148.1,28.9,89.1,61.5,4,1500,5000,18500,HEAVY_RAIN,Pit Waterlogging & Haul Mud Friction,Deploy Dewatering Pumps & Route via High Ramp,95.6,13320
2023-07-16,Dongri Buzurg Mine,148.1,28.9,89.1,61.5,4,1500,5000,18500,HEAVY_RAIN,Pit Waterlogging & Haul Mud Friction,Deploy Dewatering Pumps & Route via High Ramp,85.0,13320
2023-07-16,Ukwa East Mine,148.1,28.9,89.1,61.5,4,1500,5000,18500,HEAVY_RAIN,Pit Waterlogging & Haul Mud Friction,Deploy Dewatering Pumps & Route via High Ramp,94.7,13320
2023-07-17,Balaghat Central Mine,159.0,24.4,71.9,77.7,4,1500,5000,18500,HEAVY_RAIN,Pit Waterlogging & Haul Mud Friction,Deploy Dewatering Pumps & Route via High Ramp,91.6,13320
2023-07-17,Mansar West Mine,159.0,24.4,71.9,77.7,4,1500,5000,18500,HEAVY_RAIN,Pit Waterlogging & Haul Mud Friction,Deploy Dewatering Pumps & Route via High Ramp,86.6,13320
2023-07-17,Dongri Buzurg Mine,159.0,24.4,71.9,77.7,4,1500,5000,18500,HEAVY_RAIN,Pit Waterlogging & Haul Mud Friction,Deploy Dewatering Pumps & Route via High Ramp,96.7,13320
2023-07-17,Ukwa East Mine,159.0,24.4,71.9,77.7,4,1500,5000,18500,HEAVY_RAIN,Pit Waterlogging & Haul Mud Friction,Deploy Dewatering Pumps & Route via High Ramp,85.2,13320
2023-07-18,Balaghat Central Mine,41.8,28.7,83.6,86.8,1,1500,5000,18500,HIGH_MOISTURE,Rock Bench Blasting Misfire Risk,Switch to Emulsion Charges & Dry Stemming Sequence,90.5,13875
2023-07-18,Mansar West Mine,41.8,28.7,83.6,86.8,1,1500,5000,16381,HIGH_MOISTURE,Rock Bench Blasting Misfire Risk,Switch to Emulsion Charges & Dry Stemming Sequence,91.0,12285
2023-07-18,Dongri Buzurg Mine,41.8,28.7,83.6,86.8,1,1500,5000,18500,HIGH_MOISTURE,Rock Bench Blasting Misfire Risk,Switch to Emulsion Charges & Dry Stemming Sequence,87.3,13875
2023-07-18,Ukwa East Mine,41.8,28.7,83.6,86.8,1,1500,5000,18500,HIGH_MOISTURE,Rock Bench Blasting Misfire Risk,Switch to Emulsion Charges & Dry Stemming Sequence,94.0,13875
2023-07-19,Balaghat Central Mine,80.2,25.7,72.8,83.5,2,1500,5000,18500,HEAVY_RAIN,Pit Waterlogging & Haul Mud Friction,Deploy Dewatering Pumps & Route via High Ramp,94.9,13320
2023-07-19,Mansar West Mine,80.2,25.7,72.8,83.5,2,1500,5000,18500,HEAVY_RAIN,Pit Waterlogging & Haul Mud Friction,Deploy Dewatering Pumps & Route via High Ramp,89.9,13320
2023-07-19,Dongri Buzurg Mine,80.2,25.7,72.8,83.5,2,1500,5000,18500,HEAVY_RAIN,Pit Waterlogging & Haul Mud Friction,Deploy Dewatering Pumps & Route via High Ramp,85.6,13320
2023-07-19,Ukwa East Mine,80.2,25.7,72.8,83.5,2,1500,5000,18500,HEAVY_RAIN,Pit Waterlogging & Haul Mud Friction,Deploy Dewatering Pumps & Route via High Ramp,93.5,13320
2023-07-20,Balaghat Central Mine,25.4,28.2,69.8,63.2,4,1500,5000,18500,FLEET_BREAKDOWN,Haul Truck & Shovel Mechanical Failure,Reallocate Backup Fleet & Deploy Mobile Mechanics,96.8,14800
2023-07-20,Mansar West Mine,25.4,28.2,69.8,63.2,4,1500,5000,18500,FLEET_BREAKDOWN,Haul Truck & Shovel Mechanical Failure,Reallocate Backup Fleet & Deploy Mobile Mechanics,86.3,14800
2023-07-20,Dongri Buzurg Mine,25.4,28.2,69.8,63.2,4,1500,5000,18500,FLEET_BREAKDOWN,Haul Truck & Shovel Mechanical Failure,Reallocate Backup Fleet & Deploy Mobile Mechanics,95.4,14800
2023-07-20,Ukwa East Mine,25.4,28.2,69.8,63.2,4,1500,5000,18500,FLEET_BREAKDOWN,Haul Truck & Shovel Mechanical Failure,Reallocate Backup Fleet & Deploy Mobile Mechanics,91.6,14800
2023-07-21,Balaghat Central Mine,131.2,21.4,65.4,57.1,1,1500,5000,18500,HEAVY_RAIN,Pit Waterlogging & Haul Mud Friction,Deploy Dewatering Pumps & Route via High Ramp,93.5,13320
2023-07-21,Mansar West Mine,131.2,21.4,65.4,57.1,1,1500,5000,18500,HEAVY_RAIN,Pit Waterlogging & Haul Mud Friction,Deploy Dewatering Pumps & Route via High Ramp,86.7,13320
2023-07-21,Dongri Buzurg Mine,131.2,21.4,65.4,57.1,1,1500,5000,18500,HEAVY_RAIN,Pit Waterlogging & Haul Mud Friction,Deploy Dewatering Pumps & Route via High Ramp,92.9,13320
2023-07-21,Ukwa East Mine,131.2,21.4,65.4,57.1,1,1500,5000,18500,HEAVY_RAIN,Pit Waterlogging & Haul Mud Friction,Deploy Dewatering Pumps & Route via High Ramp,96.8,13320
2023-07-22,Balaghat Central Mine,178.8,25.8,78.4,58.8,1,1500,5000,18500,HEAVY_RAIN,Pit Waterlogging & Haul Mud Friction,Deploy Dewatering Pumps & Route via High Ramp,93.3,13320
2023-07-22,Mansar West Mine,178.8,25.8,78.4,58.8,1,1500,5000,18500,HEAVY_RAIN,Pit Waterlogging & Haul Mud Friction,Deploy Dewatering Pumps & Route via High Ramp,86.7,13320
2023-07-22,Dongri Buzurg Mine,178.8,25.8,78.4,58.8,1,1500,5000,18500,HEAVY_RAIN,Pit Waterlogging & Haul Mud Friction,Deploy Dewatering Pumps & Route via High Ramp,90.5,13320
2023-07-22,Ukwa East Mine,178.8,25.8,78.4,58.8,1,1500,5000,18500,HEAVY_RAIN,Pit Waterlogging & Haul Mud Friction,Deploy Dewatering Pumps & Route via High Ramp,94.6,13320
2023-07-23,Balaghat Central Mine,147.4,28.0,68.0,57.9,5,1500,5000,18500,HEAVY_RAIN,Pit Waterlogging & Haul Mud Friction,Deploy Dewatering Pumps & Route via High Ramp,90.6,13320
2023-07-23,Mansar West Mine,147.4,28.0,68.0,57.9,5,1500,5000,18500,HEAVY_RAIN,Pit Waterlogging & Haul Mud Friction,Deploy Dewatering Pumps & Route via High Ramp,85.5,13320
2023-07-23,Dongri Buzurg Mine,147.4,28.0,68.0,57.9,5,1500,5000,18500,HEAVY_RAIN,Pit Waterlogging & Haul Mud Friction,Deploy Dewatering Pumps & Route via High Ramp,88.0,13320
2023-07-23,Ukwa East Mine,147.4,28.0,68.0,57.9,5,1500,5000,18500,HEAVY_RAIN,Pit Waterlogging & Haul Mud Friction,Deploy Dewatering Pumps & Route via High Ramp,90.1,13320
2023-07-24,Balaghat Central Mine,51.7,31.6,64.6,97.7,4,1500,10120,4880,HEAVY_RAIN,Pit Waterlogging & Haul Mud Friction,Deploy Dewatering Pumps & Route via High Ramp,96.3,3513
2023-07-24,Mansar West Mine,51.7,31.6,64.6,97.7,4,1500,7147,7853,HEAVY_RAIN,Pit Waterlogging & Haul Mud Friction,Deploy Dewatering Pumps & Route via High Ramp,86.1,5654
2023-07-24,Dongri Buzurg Mine,51.7,31.6,64.6,97.7,4,1500,10275,4725,HEAVY_RAIN,Pit Waterlogging & Haul Mud Friction,Deploy Dewatering Pumps & Route via High Ramp,95.2,3402
2023-07-24,Ukwa East Mine,51.7,31.6,64.6,97.7,4,1500,10706,4294,HEAVY_RAIN,Pit Waterlogging & Haul Mud Friction,Deploy Dewatering Pumps & Route via High Ramp,97.3,3091
2023-07-25,Balaghat Central Mine,85.5,24.2,82.5,70.1,3,1500,5000,18500,HEAVY_RAIN,Pit Waterlogging & Haul Mud Friction,Deploy Dewatering Pumps & Route via High Ramp,88.9,13320
2023-07-25,Mansar West Mine,85.5,24.2,82.5,70.1,3,1500,5000,18500,HEAVY_RAIN,Pit Waterlogging & Haul Mud Friction,Deploy Dewatering Pumps & Route via High Ramp,93.0,13320
2023-07-25,Dongri Buzurg Mine,85.5,24.2,82.5,70.1,3,1500,5000,18500,HEAVY_RAIN,Pit Waterlogging & Haul Mud Friction,Deploy Dewatering Pumps & Route via High Ramp,88.0,13320
2023-07-25,Ukwa East Mine,85.5,24.2,82.5,70.1,3,1500,5000,18500,HEAVY_RAIN,Pit Waterlogging & Haul Mud Friction,Deploy Dewatering Pumps & Route via High Ramp,92.5,13320
2023-07-26,Balaghat Central Mine,84.4,24.0,74.7,58.1,3,1500,5000,18500,HEAVY_RAIN,Pit Waterlogging & Haul Mud Friction,Deploy Dewatering Pumps & Route via High Ramp,92.7,13320
2023-07-26,Mansar West Mine,84.4,24.0,74.7,58.1,3,1500,5000,18500,HEAVY_RAIN,Pit Waterlogging & Haul Mud Friction,Deploy Dewatering Pumps & Route via High Ramp,94.2,13320
2023-07-26,Dongri Buzurg Mine,84.4,24.0,74.7,58.1,3,1500,5000,18500,HEAVY_RAIN,Pit Waterlogging & Haul Mud Friction,Deploy Dewatering Pumps & Route via High Ramp,93.9,13320
2023-07-26,Ukwa East Mine,84.4,24.0,74.7,58.1,3,1500,5000,18500,HEAVY_RAIN,Pit Waterlogging & Haul Mud Friction,Deploy Dewatering Pumps & Route via High Ramp,85.3,13320
2023-07-27,Balaghat Central Mine,133.7,28.6,78.9,77.1,2,1500,5000,18500,HEAVY_RAIN,Pit Waterlogging & Haul Mud Friction,Deploy Dewatering Pumps & Route via High Ramp,91.6,13320
2023-07-27,Mansar West Mine,133.7,28.6,78.9,77.1,2,1500,5000,18500,HEAVY_RAIN,Pit Waterlogging & Haul Mud Friction,Deploy Dewatering Pumps & Route via High Ramp,91.6,13320
2023-07-27,Dongri Buzurg Mine,133.7,28.6,78.9,77.1,2,1500,5000,18500,HEAVY_RAIN,Pit Waterlogging & Haul Mud Friction,Deploy Dewatering Pumps & Route via High Ramp,90.1,13320
2023-07-27,Ukwa East Mine,133.7,28.6,78.9,77.1,2,1500,5000,18500,HEAVY_RAIN,Pit Waterlogging & Haul Mud Friction,Deploy Dewatering Pumps & Route via High Ramp,87.1,13320
2023-07-28,Balaghat Central Mine,73.2,29.8,71.4,86.9,1,1500,5000,18500,HEAVY_RAIN,Pit Waterlogging & Haul Mud Friction,Deploy Dewatering Pumps & Route via High Ramp,92.3,13320
2023-07-28,Mansar West Mine,73.2,29.8,71.4,86.9,1,1500,5000,18500,HEAVY_RAIN,Pit Waterlogging & Haul Mud Friction,Deploy Dewatering Pumps & Route via High Ramp,91.3,13320
2023-07-28,Dongri Buzurg Mine,73.2,29.8,71.4,86.9,1,1500,5000,17806,HEAVY_RAIN,Pit Waterlogging & Haul Mud Friction,Deploy Dewatering Pumps & Route via High Ramp,96.3,12820
2023-07-28,Ukwa East Mine,73.2,29.8,71.4,86.9,1,1500,5000,18230,HEAVY_RAIN,Pit Waterlogging & Haul Mud Friction,Deploy Dewatering Pumps & Route via High Ramp,87.6,13125
2023-07-29,Balaghat Central Mine,104.8,25.8,74.0,65.1,1,1500,5000,18500,HEAVY_RAIN,Pit Waterlogging & Haul Mud Friction,Deploy Dewatering Pumps & Route via High Ramp,92.6,13320
2023-07-29,Mansar West Mine,104.8,25.8,74.0,65.1,1,1500,5000,18500,HEAVY_RAIN,Pit Waterlogging & Haul Mud Friction,Deploy Dewatering Pumps & Route via High Ramp,94.7,13320
2023-07-29,Dongri Buzurg Mine,104.8,25.8,74.0,65.1,1,1500,5000,18500,HEAVY_RAIN,Pit Waterlogging & Haul Mud Friction,Deploy Dewatering Pumps & Route via High Ramp,95.2,13320
2023-07-29,Ukwa East Mine,104.8,25.8,74.0,65.1,1,1500,5000,18500,HEAVY_RAIN,Pit Waterlogging & Haul Mud Friction,Deploy Dewatering Pumps & Route via High Ramp,86.8,13320
2023-07-30,Balaghat Central Mine,28.1,30.4,87.0,88.4,4,1500,5000,16780,HIGH_MOISTURE,Rock Bench Blasting Misfire Risk,Switch to Emulsion Charges & Dry Stemming Sequence,85.3,12585
2023-07-30,Mansar West Mine,28.1,30.4,87.0,88.4,4,1500,5000,18500,HIGH_MOISTURE,Rock Bench Blasting Misfire Risk,Switch to Emulsion Charges & Dry Stemming Sequence,94.2,13875
2023-07-30,Dongri Buzurg Mine,28.1,30.4,87.0,88.4,4,1500,5000,18500,HIGH_MOISTURE,Rock Bench Blasting Misfire Risk,Switch to Emulsion Charges & Dry Stemming Sequence,86.9,13875
2023-07-30,Ukwa East Mine,28.1,30.4,87.0,88.4,4,1500,5000,18500,HIGH_MOISTURE,Rock Bench Blasting Misfire Risk,Switch to Emulsion Charges & Dry Stemming Sequence,91.5,13875
2023-07-31,Balaghat Central Mine,27.4,20.3,63.9,72.3,3,1500,5000,18500,FLEET_BREAKDOWN,Haul Truck & Shovel Mechanical Failure,Reallocate Backup Fleet & Deploy Mobile Mechanics,90.4,14800
2023-07-31,Mansar West Mine,27.4,20.3,63.9,72.3,3,1500,5000,18500,FLEET_BREAKDOWN,Haul Truck & Shovel Mechanical Failure,Reallocate Backup Fleet & Deploy Mobile Mechanics,95.8,14800
2023-07-31,Dongri Buzurg Mine,27.4,20.3,63.9,72.3,3,1500,5000,18500,FLEET_BREAKDOWN,Haul Truck & Shovel Mechanical Failure,Reallocate Backup Fleet & Deploy Mobile Mechanics,91.6,14800
2023-07-31,Ukwa East Mine,27.4,20.3,63.9,72.3,3,1500,5000,18500,FLEET_BREAKDOWN,Haul Truck & Shovel Mechanical Failure,Reallocate Backup Fleet & Deploy Mobile Mechanics,90.6,14800
2023-08-01,Balaghat Central Mine,125.5,22.5,83.9,90.4,1,1500,5000,18500,HEAVY_RAIN,Pit Waterlogging & Haul Mud Friction,Deploy Dewatering Pumps & Route via High Ramp,88.0,13320
2023-08-01,Mansar West Mine,125.5,22.5,83.9,90.4,1,1500,5000,18500,HEAVY_RAIN,Pit Waterlogging & Haul Mud Friction,Deploy Dewatering Pumps & Route via High Ramp,95.2,13320
2023-08-01,Dongri Buzurg Mine,125.5,22.5,83.9,90.4,1,1500,5000,18500,HEAVY_RAIN,Pit Waterlogging & Haul Mud Friction,Deploy Dewatering Pumps & Route via High Ramp,92.3,13320
2023-08-01,Ukwa East Mine,125.5,22.5,83.9,90.4,1,1500,5000,18500,HEAVY_RAIN,Pit Waterlogging & Haul Mud Friction,Deploy Dewatering Pumps & Route via High Ramp,89.4,13320
2023-08-02,Balaghat Central Mine,140.5,31.4,82.3,75.2,2,1500,5000,18500,HEAVY_RAIN,Pit Waterlogging & Haul Mud Friction,Deploy Dewatering Pumps & Route via High Ramp,97.1,13320
2023-08-02,Mansar West Mine,140.5,31.4,82.3,75.2,2,1500,5000,18500,HEAVY_RAIN,Pit Waterlogging & Haul Mud Friction,Deploy Dewatering Pumps & Route via High Ramp,97.2,13320
2023-08-02,Dongri Buzurg Mine,140.5,31.4,82.3,75.2,2,1500,5000,18500,HEAVY_RAIN,Pit Waterlogging & Haul Mud Friction,Deploy Dewatering Pumps & Route via High Ramp,86.4,13320
2023-08-02,Ukwa East Mine,140.5,31.4,82.3,75.2,2,1500,5000,18500,HEAVY_RAIN,Pit Waterlogging & Haul Mud Friction,Deploy Dewatering Pumps & Route via High Ramp,88.6,13320
2023-08-03,Balaghat Central Mine,136.3,21.8,64.2,69.7,2,1500,5000,18500,HEAVY_RAIN,Pit Waterlogging & Haul Mud Friction,Deploy Dewatering Pumps & Route via High Ramp,88.2,13320
2023-08-03,Mansar West Mine,136.3,21.8,64.2,69.7,2,1500,5000,18500,HEAVY_RAIN,Pit Waterlogging & Haul Mud Friction,Deploy Dewatering Pumps & Route via High Ramp,87.9,13320
2023-08-03,Dongri Buzurg Mine,136.3,21.8,64.2,69.7,2,1500,5000,18500,HEAVY_RAIN,Pit Waterlogging & Haul Mud Friction,Deploy Dewatering Pumps & Route via High Ramp,90.2,13320
2023-08-03,Ukwa East Mine,136.3,21.8,64.2,69.7,2,1500,5000,18500,HEAVY_RAIN,Pit Waterlogging & Haul Mud Friction,Deploy Dewatering Pumps & Route via High Ramp,91.9,13320
2023-08-04,Balaghat Central Mine,149.4,32.0,62.7,56.3,2,1500,5000,18500,HEAVY_RAIN,Pit Waterlogging & Haul Mud Friction,Deploy Dewatering Pumps & Route via High Ramp,97.3,13320
2023-08-04,Mansar West Mine,149.4,32.0,62.7,56.3,2,1500,5000,18500,HEAVY_RAIN,Pit Waterlogging & Haul Mud Friction,Deploy Dewatering Pumps & Route via High Ramp,91.7,13320
2023-08-04,Dongri Buzurg Mine,149.4,32.0,62.7,56.3,2,1500,5000,18500,HEAVY_RAIN,Pit Waterlogging & Haul Mud Friction,Deploy Dewatering Pumps & Route via High Ramp,94.1,13320
2023-08-04,Ukwa East Mine,149.4,32.0,62.7,56.3,2,1500,5000,18500,HEAVY_RAIN,Pit Waterlogging & Haul Mud Friction,Deploy Dewatering Pumps & Route via High Ramp,94.8,13320
2023-08-05,Balaghat Central Mine,140.1,29.1,63.7,73.0,3,1500,5000,18500,HEAVY_RAIN,Pit Waterlogging & Haul Mud Friction,Deploy Dewatering Pumps & Route via High Ramp,95.7,13320
2023-08-05,Mansar West Mine,140.1,29.1,63.7,73.0,3,1500,5000,18500,HEAVY_RAIN,Pit Waterlogging & Haul Mud Friction,Deploy Dewatering Pumps & Route via High Ramp,85.8,13320
2023-08-05,Dongri Buzurg Mine,140.1,29.1,63.7,73.0,3,1500,5000,18500,HEAVY_RAIN,Pit Waterlogging & Haul Mud Friction,Deploy Dewatering Pumps & Route via High Ramp,96.5,13320
2023-08-05,Ukwa East Mine,140.1,29.1,63.7,73.0,3,1500,5000,18500,HEAVY_RAIN,Pit Waterlogging & Haul Mud Friction,Deploy Dewatering Pumps & Route via High Ramp,97.8,13320
2023-08-06,Balaghat Central Mine,86.3,30.6,91.6,74.2,4,1500,5000,18500,HEAVY_RAIN,Pit Waterlogging & Haul Mud Friction,Deploy Dewatering Pumps & Route via High Ramp,87.9,13320
2023-08-06,Mansar West Mine,86.3,30.6,91.6,74.2,4,1500,5000,18500,HEAVY_RAIN,Pit Waterlogging & Haul Mud Friction,Deploy Dewatering Pumps & Route via High Ramp,89.2,13320
2023-08-06,Dongri Buzurg Mine,86.3,30.6,91.6,74.2,4,1500,5000,18500,HEAVY_RAIN,Pit Waterlogging & Haul Mud Friction,Deploy Dewatering Pumps & Route via High Ramp,90.0,13320
2023-08-06,Ukwa East Mine,86.3,30.6,91.6,74.2,4,1500,5000,18500,HEAVY_RAIN,Pit Waterlogging & Haul Mud Friction,Deploy Dewatering Pumps & Route via High Ramp,91.0,13320
2023-08-07,Balaghat Central Mine,85.9,28.9,71.5,79.2,2,1500,5000,18500,HEAVY_RAIN,Pit Waterlogging & Haul Mud Friction,Deploy Dewatering Pumps & Route via High Ramp,94.1,13320
2023-08-07,Mansar West Mine,85.9,28.9,71.5,79.2,2,1500,5000,18500,HEAVY_RAIN,Pit Waterlogging & Haul Mud Friction,Deploy Dewatering Pumps & Route via High Ramp,86.1,13320
2023-08-07,Dongri Buzurg Mine,85.9,28.9,71.5,79.2,2,1500,5000,18500,HEAVY_RAIN,Pit Waterlogging & Haul Mud Friction,Deploy Dewatering Pumps & Route via High Ramp,89.4,13320
2023-08-07,Ukwa East Mine,85.9,28.9,71.5,79.2,2,1500,5000,18500,HEAVY_RAIN,Pit Waterlogging & Haul Mud Friction,Deploy Dewatering Pumps & Route via High Ramp,92.8,13320
2023-08-08,Balaghat Central Mine,85.2,22.8,75.4,66.3,5,1500,5000,18500,HEAVY_RAIN,Pit Waterlogging & Haul Mud Friction,Deploy Dewatering Pumps & Route via High Ramp,89.3,13320
2023-08-08,Mansar West Mine,85.2,22.8,75.4,66.3,5,1500,5000,18500,HEAVY_RAIN,Pit Waterlogging & Haul Mud Friction,Deploy Dewatering Pumps & Route via High Ramp,94.2,13320
2023-08-08,Dongri Buzurg Mine,85.2,22.8,75.4,66.3,5,1500,5000,18500,HEAVY_RAIN,Pit Waterlogging & Haul Mud Friction,Deploy Dewatering Pumps & Route via High Ramp,87.0,13320
2023-08-08,Ukwa East Mine,85.2,22.8,75.4,66.3,5,1500,5000,18500,HEAVY_RAIN,Pit Waterlogging & Haul Mud Friction,Deploy Dewatering Pumps & Route via High Ramp,90.5,13320
2023-08-09,Balaghat Central Mine,76.4,27.6,80.0,73.5,3,1500,5000,18500,HEAVY_RAIN,Pit Waterlogging & Haul Mud Friction,Deploy Dewatering Pumps & Route via High Ramp,90.4,13320
2023-08-09,Mansar West Mine,76.4,27.6,80.0,73.5,3,1500,5000,18500,HEAVY_RAIN,Pit Waterlogging & Haul Mud Friction,Deploy Dewatering Pumps & Route via High Ramp,92.2,13320
2023-08-09,Dongri Buzurg Mine,76.4,27.6,80.0,73.5,3,1500,5000,18500,HEAVY_RAIN,Pit Waterlogging & Haul Mud Friction,Deploy Dewatering Pumps & Route via High Ramp,94.0,13320
2023-08-09,Ukwa East Mine,76.4,27.6,80.0,73.5,3,1500,5000,18500,HEAVY_RAIN,Pit Waterlogging & Haul Mud Friction,Deploy Dewatering Pumps & Route via High Ramp,90.7,13320
2023-08-10,Balaghat Central Mine,119.5,27.4,86.6,95.1,3,1500,5000,18500,HEAVY_RAIN,Pit Waterlogging & Haul Mud Friction,Deploy Dewatering Pumps & Route via High Ramp,90.7,13320
2023-08-10,Mansar West Mine,119.5,27.4,86.6,95.1,3,1500,5000,18500,HEAVY_RAIN,Pit Waterlogging & Haul Mud Friction,Deploy Dewatering Pumps & Route via High Ramp,95.9,13320
2023-08-10,Dongri Buzurg Mine,119.5,27.4,86.6,95.1,3,1500,5000,18500,HEAVY_RAIN,Pit Waterlogging & Haul Mud Friction,Deploy Dewatering Pumps & Route via High Ramp,98.0,13320
2023-08-10,Ukwa East Mine,119.5,27.4,86.6,95.1,3,1500,5000,18500,HEAVY_RAIN,Pit Waterlogging & Haul Mud Friction,Deploy Dewatering Pumps & Route via High Ramp,92.0,13320
2023-08-11,Balaghat Central Mine,47.0,20.3,79.7,67.0,4,1500,5000,18500,FLEET_BREAKDOWN,Haul Truck & Shovel Mechanical Failure,Reallocate Backup Fleet & Deploy Mobile Mechanics,96.6,14800
2023-08-11,Mansar West Mine,47.0,20.3,79.7,67.0,4,1500,5000,18500,FLEET_BREAKDOWN,Haul Truck & Shovel Mechanical Failure,Reallocate Backup Fleet & Deploy Mobile Mechanics,92.7,14800
2023-08-11,Dongri Buzurg Mine,47.0,20.3,79.7,67.0,4,1500,5000,18500,FLEET_BREAKDOWN,Haul Truck & Shovel Mechanical Failure,Reallocate Backup Fleet & Deploy Mobile Mechanics,95.7,14800
2023-08-11,Ukwa East Mine,47.0,20.3,79.7,67.0,4,1500,5000,18500,FLEET_BREAKDOWN,Haul Truck & Shovel Mechanical Failure,Reallocate Backup Fleet & Deploy Mobile Mechanics,96.3,14800
2023-08-12,Balaghat Central Mine,124.7,22.1,66.7,61.3,1,1500,5000,18500,HEAVY_RAIN,Pit Waterlogging & Haul Mud Friction,Deploy Dewatering Pumps & Route via High Ramp,90.1,13320
2023-08-12,Mansar West Mine,124.7,22.1,66.7,61.3,1,1500,5000,18500,HEAVY_RAIN,Pit Waterlogging & Haul Mud Friction,Deploy Dewatering Pumps & Route via High Ramp,92.4,13320
2023-08-12,Dongri Buzurg Mine,124.7,22.1,66.7,61.3,1,1500,5000,18500,HEAVY_RAIN,Pit Waterlogging & Haul Mud Friction,Deploy Dewatering Pumps & Route via High Ramp,89.4,13320
2023-08-12,Ukwa East Mine,124.7,22.1,66.7,61.3,1,1500,5000,18500,HEAVY_RAIN,Pit Waterlogging & Haul Mud Friction,Deploy Dewatering Pumps & Route via High Ramp,94.9,13320
2023-08-13,Balaghat Central Mine,125.8,23.8,71.5,91.2,5,1500,5000,18500,HEAVY_RAIN,Pit Waterlogging & Haul Mud Friction,Deploy Dewatering Pumps & Route via High Ramp,96.9,13320
2023-08-13,Mansar West Mine,125.8,23.8,71.5,91.2,5,1500,5000,18500,HEAVY_RAIN,Pit Waterlogging & Haul Mud Friction,Deploy Dewatering Pumps & Route via High Ramp,90.7,13320
2023-08-13,Dongri Buzurg Mine,125.8,23.8,71.5,91.2,5,1500,5000,18500,HEAVY_RAIN,Pit Waterlogging & Haul Mud Friction,Deploy Dewatering Pumps & Route via High Ramp,88.2,13320
2023-08-13,Ukwa East Mine,125.8,23.8,71.5,91.2,5,1500,5000,18500,HEAVY_RAIN,Pit Waterlogging & Haul Mud Friction,Deploy Dewatering Pumps & Route via High Ramp,90.8,13320
2023-08-14,Balaghat Central Mine,137.2,21.9,61.3,74.7,1,1500,5000,18500,HEAVY_RAIN,Pit Waterlogging & Haul Mud Friction,Deploy Dewatering Pumps & Route via High Ramp,96.2,13320
2023-08-14,Mansar West Mine,137.2,21.9,61.3,74.7,1,1500,5000,18500,HEAVY_RAIN,Pit Waterlogging & Haul Mud Friction,Deploy Dewatering Pumps & Route via High Ramp,87.7,13320
2023-08-14,Dongri Buzurg Mine,137.2,21.9,61.3,74.7,1,1500,5000,18500,HEAVY_RAIN,Pit Waterlogging & Haul Mud Friction,Deploy Dewatering Pumps & Route via High Ramp,87.5,13320
2023-08-14,Ukwa East Mine,137.2,21.9,61.3,74.7,1,1500,5000,18500,HEAVY_RAIN,Pit Waterlogging & Haul Mud Friction,Deploy Dewatering Pumps & Route via High Ramp,96.3,13320
2023-08-15,Balaghat Central Mine,168.8,29.2,86.5,81.7,2,1500,5000,18500,HEAVY_RAIN,Pit Waterlogging & Haul Mud Friction,Deploy Dewatering Pumps & Route via High Ramp,92.5,13320
2023-08-15,Mansar West Mine,168.8,29.2,86.5,81.7,2,1500,5000,18500,HEAVY_RAIN,Pit Waterlogging & Haul Mud Friction,Deploy Dewatering Pumps & Route via High Ramp,89.3,13320
2023-08-15,Dongri Buzurg Mine,168.8,29.2,86.5,81.7,2,1500,5000,18500,HEAVY_RAIN,Pit Waterlogging & Haul Mud Friction,Deploy Dewatering Pumps & Route via High Ramp,94.6,13320
2023-08-15,Ukwa East Mine,168.8,29.2,86.5,81.7,2,1500,5000,18500,HEAVY_RAIN,Pit Waterlogging & Haul Mud Friction,Deploy Dewatering Pumps & Route via High Ramp,85.3,13320
2023-08-16,Balaghat Central Mine,127.5,21.6,70.4,87.6,3,1500,5000,18500,HEAVY_RAIN,Pit Waterlogging & Haul Mud Friction,Deploy Dewatering Pumps & Route via High Ramp,92.8,13320
2023-08-16,Mansar West Mine,127.5,21.6,70.4,87.6,3,1500,5000,18500,HEAVY_RAIN,Pit Waterlogging & Haul Mud Friction,Deploy Dewatering Pumps & Route via High Ramp,92.4,13320
2023-08-16,Dongri Buzurg Mine,127.5,21.6,70.4,87.6,3,1500,5000,18500,HEAVY_RAIN,Pit Waterlogging & Haul Mud Friction,Deploy Dewatering Pumps & Route via High Ramp,89.4,13320
2023-08-16,Ukwa East Mine,127.5,21.6,70.4,87.6,3,1500,5000,18500,HEAVY_RAIN,Pit Waterlogging & Haul Mud Friction,Deploy Dewatering Pumps & Route via High Ramp,87.0,13320
2023-08-17,Balaghat Central Mine,166.6,24.5,71.7,59.4,5,1500,5000,18500,HEAVY_RAIN,Pit Waterlogging & Haul Mud Friction,Deploy Dewatering Pumps & Route via High Ramp,92.3,13320
2023-08-17,Mansar West Mine,166.6,24.5,71.7,59.4,5,1500,5000,18500,HEAVY_RAIN,Pit Waterlogging & Haul Mud Friction,Deploy Dewatering Pumps & Route via High Ramp,92.2,13320
2023-08-17,Dongri Buzurg Mine,166.6,24.5,71.7,59.4,5,1500,5000,18500,HEAVY_RAIN,Pit Waterlogging & Haul Mud Friction,Deploy Dewatering Pumps & Route via High Ramp,88.2,13320
2023-08-17,Ukwa East Mine,166.6,24.5,71.7,59.4,5,1500,5000,18500,HEAVY_RAIN,Pit Waterlogging & Haul Mud Friction,Deploy Dewatering Pumps & Route via High Ramp,94.9,13320
2023-08-18,Balaghat Central Mine,153.2,29.1,90.2,73.4,4,1500,5000,18500,HEAVY_RAIN,Pit Waterlogging & Haul Mud Friction,Deploy Dewatering Pumps & Route via High Ramp,97.5,13320
2023-08-18,Mansar West Mine,153.2,29.1,90.2,73.4,4,1500,5000,18500,HEAVY_RAIN,Pit Waterlogging & Haul Mud Friction,Deploy Dewatering Pumps & Route via High Ramp,90.9,13320
2023-08-18,Dongri Buzurg Mine,153.2,29.1,90.2,73.4,4,1500,5000,18500,HEAVY_RAIN,Pit Waterlogging & Haul Mud Friction,Deploy Dewatering Pumps & Route via High Ramp,87.8,13320
2023-08-18,Ukwa East Mine,153.2,29.1,90.2,73.4,4,1500,5000,18500,HEAVY_RAIN,Pit Waterlogging & Haul Mud Friction,Deploy Dewatering Pumps & Route via High Ramp,93.3,13320
2023-08-19,Balaghat Central Mine,59.6,26.2,70.5,63.9,4,1500,5000,13181,HEAVY_RAIN,Pit Waterlogging & Haul Mud Friction,Deploy Dewatering Pumps & Route via High Ramp,89.3,9490
2023-08-19,Mansar West Mine,59.6,26.2,70.5,63.9,4,1500,5000,10761,HEAVY_RAIN,Pit Waterlogging & Haul Mud Friction,Deploy Dewatering Pumps & Route via High Ramp,91.0,7747
2023-08-19,Dongri Buzurg Mine,59.6,26.2,70.5,63.9,4,1500,7874,7126,HEAVY_RAIN,Pit Waterlogging & Haul Mud Friction,Deploy Dewatering Pumps & Route via High Ramp,94.4,5130
2023-08-19,Ukwa East Mine,59.6,26.2,70.5,63.9,4,1500,5000,12167,HEAVY_RAIN,Pit Waterlogging & Haul Mud Friction,Deploy Dewatering Pumps & Route via High Ramp,93.9,8760
2023-08-20,Balaghat Central Mine,49.6,21.9,77.4,64.8,5,1500,5000,18500,FLEET_BREAKDOWN,Haul Truck & Shovel Mechanical Failure,Reallocate Backup Fleet & Deploy Mobile Mechanics,96.6,14800
2023-08-20,Mansar West Mine,49.6,21.9,77.4,64.8,5,1500,5000,18500,FLEET_BREAKDOWN,Haul Truck & Shovel Mechanical Failure,Reallocate Backup Fleet & Deploy Mobile Mechanics,87.8,14800
2023-08-20,Dongri Buzurg Mine,49.6,21.9,77.4,64.8,5,1500,5000,18500,FLEET_BREAKDOWN,Haul Truck & Shovel Mechanical Failure,Reallocate Backup Fleet & Deploy Mobile Mechanics,87.3,14800
2023-08-20,Ukwa East Mine,49.6,21.9,77.4,64.8,5,1500,5000,18500,FLEET_BREAKDOWN,Haul Truck & Shovel Mechanical Failure,Reallocate Backup Fleet & Deploy Mobile Mechanics,91.2,14800
2023-08-21,Balaghat Central Mine,113.5,31.1,88.0,67.0,1,1500,5000,18500,HEAVY_RAIN,Pit Waterlogging & Haul Mud Friction,Deploy Dewatering Pumps & Route via High Ramp,87.1,13320
2023-08-21,Mansar West Mine,113.5,31.1,88.0,67.0,1,1500,5000,18500,HEAVY_RAIN,Pit Waterlogging & Haul Mud Friction,Deploy Dewatering Pumps & Route via High Ramp,88.4,13320
2023-08-21,Dongri Buzurg Mine,113.5,31.1,88.0,67.0,1,1500,5000,18500,HEAVY_RAIN,Pit Waterlogging & Haul Mud Friction,Deploy Dewatering Pumps & Route via High Ramp,95.5,13320
2023-08-21,Ukwa East Mine,113.5,31.1,88.0,67.0,1,1500,5000,18500,HEAVY_RAIN,Pit Waterlogging & Haul Mud Friction,Deploy Dewatering Pumps & Route via High Ramp,87.9,13320
2023-08-22,Balaghat Central Mine,147.9,22.2,72.7,68.4,4,1500,5000,18500,HEAVY_RAIN,Pit Waterlogging & Haul Mud Friction,Deploy Dewatering Pumps & Route via High Ramp,86.0,13320
2023-08-22,Mansar West Mine,147.9,22.2,72.7,68.4,4,1500,5000,18500,HEAVY_RAIN,Pit Waterlogging & Haul Mud Friction,Deploy Dewatering Pumps & Route via High Ramp,95.5,13320
2023-08-22,Dongri Buzurg Mine,147.9,22.2,72.7,68.4,4,1500,5000,18500,HEAVY_RAIN,Pit Waterlogging & Haul Mud Friction,Deploy Dewatering Pumps & Route via High Ramp,85.1,13320
2023-08-22,Ukwa East Mine,147.9,22.2,72.7,68.4,4,1500,5000,18500,HEAVY_RAIN,Pit Waterlogging & Haul Mud Friction,Deploy Dewatering Pumps & Route via High Ramp,94.1,13320
2023-08-23,Balaghat Central Mine,138.9,25.2,75.2,58.3,3,1500,5000,18500,HEAVY_RAIN,Pit Waterlogging & Haul Mud Friction,Deploy Dewatering Pumps & Route via High Ramp,96.5,13320
2023-08-23,Mansar West Mine,138.9,25.2,75.2,58.3,3,1500,5000,18500,HEAVY_RAIN,Pit Waterlogging & Haul Mud Friction,Deploy Dewatering Pumps & Route via High Ramp,87.5,13320
2023-08-23,Dongri Buzurg Mine,138.9,25.2,75.2,58.3,3,1500,5000,18500,HEAVY_RAIN,Pit Waterlogging & Haul Mud Friction,Deploy Dewatering Pumps & Route via High Ramp,89.1,13320
2023-08-23,Ukwa East Mine,138.9,25.2,75.2,58.3,3,1500,5000,18500,HEAVY_RAIN,Pit Waterlogging & Haul Mud Friction,Deploy Dewatering Pumps & Route via High Ramp,87.5,13320
2023-08-24,Balaghat Central Mine,162.6,32.0,73.7,64.9,1,1500,5000,18500,HEAVY_RAIN,Pit Waterlogging & Haul Mud Friction,Deploy Dewatering Pumps & Route via High Ramp,90.2,13320
2023-08-24,Mansar West Mine,162.6,32.0,73.7,64.9,1,1500,5000,18500,HEAVY_RAIN,Pit Waterlogging & Haul Mud Friction,Deploy Dewatering Pumps & Route via High Ramp,94.8,13320
2023-08-24,Dongri Buzurg Mine,162.6,32.0,73.7,64.9,1,1500,5000,18500,HEAVY_RAIN,Pit Waterlogging & Haul Mud Friction,Deploy Dewatering Pumps & Route via High Ramp,94.6,13320
2023-08-24,Ukwa East Mine,162.6,32.0,73.7,64.9,1,1500,5000,18500,HEAVY_RAIN,Pit Waterlogging & Haul Mud Friction,Deploy Dewatering Pumps & Route via High Ramp,89.8,13320
2023-08-25,Balaghat Central Mine,122.4,30.3,74.5,81.1,1,1500,5000,18500,HEAVY_RAIN,Pit Waterlogging & Haul Mud Friction,Deploy Dewatering Pumps & Route via High Ramp,97.2,13320
2023-08-25,Mansar West Mine,122.4,30.3,74.5,81.1,1,1500,5000,18500,HEAVY_RAIN,Pit Waterlogging & Haul Mud Friction,Deploy Dewatering Pumps & Route via High Ramp,93.8,13320
2023-08-25,Dongri Buzurg Mine,122.4,30.3,74.5,81.1,1,1500,5000,18500,HEAVY_RAIN,Pit Waterlogging & Haul Mud Friction,Deploy Dewatering Pumps & Route via High Ramp,91.8,13320
2023-08-25,Ukwa East Mine,122.4,30.3,74.5,81.1,1,1500,5000,18500,HEAVY_RAIN,Pit Waterlogging & Haul Mud Friction,Deploy Dewatering Pumps & Route via High Ramp,97.7,13320
2023-08-26,Balaghat Central Mine,125.7,22.9,88.8,87.3,5,1500,5000,18500,HEAVY_RAIN,Pit Waterlogging & Haul Mud Friction,Deploy Dewatering Pumps & Route via High Ramp,88.8,13320
2023-08-26,Mansar West Mine,125.7,22.9,88.8,87.3,5,1500,5000,18500,HEAVY_RAIN,Pit Waterlogging & Haul Mud Friction,Deploy Dewatering Pumps & Route via High Ramp,89.1,13320
2023-08-26,Dongri Buzurg Mine,125.7,22.9,88.8,87.3,5,1500,5000,18500,HEAVY_RAIN,Pit Waterlogging & Haul Mud Friction,Deploy Dewatering Pumps & Route via High Ramp,94.7,13320
2023-08-26,Ukwa East Mine,125.7,22.9,88.8,87.3,5,1500,5000,18500,HEAVY_RAIN,Pit Waterlogging & Haul Mud Friction,Deploy Dewatering Pumps & Route via High Ramp,93.3,13320
2023-08-27,Balaghat Central Mine,51.3,24.0,73.6,79.4,1,1500,5281,9719,HEAVY_RAIN,Pit Waterlogging & Haul Mud Friction,Deploy Dewatering Pumps & Route via High Ramp,88.4,6997
2023-08-27,Mansar West Mine,51.3,24.0,73.6,79.4,1,1500,6481,8519,HEAVY_RAIN,Pit Waterlogging & Haul Mud Friction,Deploy Dewatering Pumps & Route via High Ramp,87.8,6133
2023-08-27,Dongri Buzurg Mine,51.3,24.0,73.6,79.4,1,1500,7146,7854,HEAVY_RAIN,Pit Waterlogging & Haul Mud Friction,Deploy Dewatering Pumps & Route via High Ramp,95.7,5654
2023-08-27,Ukwa East Mine,51.3,24.0,73.6,79.4,1,1500,12250,2750,HEAVY_RAIN,Pit Waterlogging & Haul Mud Friction,Deploy Dewatering Pumps & Route via High Ramp,91.4,1980
2023-08-28,Balaghat Central Mine,33.1,29.2,80.4,90.5,3,1500,5000,18500,HIGH_MOISTURE,Rock Bench Blasting Misfire Risk,Switch to Emulsion Charges & Dry Stemming Sequence,91.3,13875
2023-08-28,Mansar West Mine,33.1,29.2,80.4,90.5,3,1500,5000,16649,HIGH_MOISTURE,Rock Bench Blasting Misfire Risk,Switch to Emulsion Charges & Dry Stemming Sequence,93.8,12486
2023-08-28,Dongri Buzurg Mine,33.1,29.2,80.4,90.5,3,1500,5000,13145,HIGH_MOISTURE,Rock Bench Blasting Misfire Risk,Switch to Emulsion Charges & Dry Stemming Sequence,86.7,9858
2023-08-28,Ukwa East Mine,33.1,29.2,80.4,90.5,3,1500,5000,13752,HIGH_MOISTURE,Rock Bench Blasting Misfire Risk,Switch to Emulsion Charges & Dry Stemming Sequence,93.9,10314
2023-08-29,Balaghat Central Mine,46.8,31.8,87.6,69.3,5,1500,5000,18500,FLEET_BREAKDOWN,Haul Truck & Shovel Mechanical Failure,Reallocate Backup Fleet & Deploy Mobile Mechanics,91.7,14800
2023-08-29,Mansar West Mine,46.8,31.8,87.6,69.3,5,1500,5000,18500,FLEET_BREAKDOWN,Haul Truck & Shovel Mechanical Failure,Reallocate Backup Fleet & Deploy Mobile Mechanics,92.1,14800
2023-08-29,Dongri Buzurg Mine,46.8,31.8,87.6,69.3,5,1500,5000,18500,FLEET_BREAKDOWN,Haul Truck & Shovel Mechanical Failure,Reallocate Backup Fleet & Deploy Mobile Mechanics,94.9,14800
2023-08-29,Ukwa East Mine,46.8,31.8,87.6,69.3,5,1500,5000,18500,FLEET_BREAKDOWN,Haul Truck & Shovel Mechanical Failure,Reallocate Backup Fleet & Deploy Mobile Mechanics,87.0,14800
2023-08-30,Balaghat Central Mine,95.0,22.4,82.9,73.4,3,1500,5000,18500,HEAVY_RAIN,Pit Waterlogging & Haul Mud Friction,Deploy Dewatering Pumps & Route via High Ramp,93.7,13320
2023-08-30,Mansar West Mine,95.0,22.4,82.9,73.4,3,1500,5000,18500,HEAVY_RAIN,Pit Waterlogging & Haul Mud Friction,Deploy Dewatering Pumps & Route via High Ramp,89.0,13320
2023-08-30,Dongri Buzurg Mine,95.0,22.4,82.9,73.4,3,1500,5000,18500,HEAVY_RAIN,Pit Waterlogging & Haul Mud Friction,Deploy Dewatering Pumps & Route via High Ramp,89.3,13320
2023-08-30,Ukwa East Mine,95.0,22.4,82.9,73.4,3,1500,5000,18500,HEAVY_RAIN,Pit Waterlogging & Haul Mud Friction,Deploy Dewatering Pumps & Route via High Ramp,96.8,13320
2023-08-31,Balaghat Central Mine,72.6,24.4,83.2,63.8,3,1500,5000,18500,HEAVY_RAIN,Pit Waterlogging & Haul Mud Friction,Deploy Dewatering Pumps & Route via High Ramp,97.1,13320
2023-08-31,Mansar West Mine,72.6,24.4,83.2,63.8,3,1500,5000,18500,HEAVY_RAIN,Pit Waterlogging & Haul Mud Friction,Deploy Dewatering Pumps & Route via High Ramp,95.6,13320
2023-08-31,Dongri Buzurg Mine,72.6,24.4,83.2,63.8,3,1500,5000,18500,HEAVY_RAIN,Pit Waterlogging & Haul Mud Friction,Deploy Dewatering Pumps & Route via High Ramp,85.3,13320
2023-08-31,Ukwa East Mine,72.6,24.4,83.2,63.8,3,1500,5000,16864,HEAVY_RAIN,Pit Waterlogging & Haul Mud Friction,Deploy Dewatering Pumps & Route via High Ramp,93.9,12142
2023-09-01,Balaghat Central Mine,138.2,21.7,80.5,73.7,2,1500,5000,18500,HEAVY_RAIN,Pit Waterlogging & Haul Mud Friction,Deploy Dewatering Pumps & Route via High Ramp,94.9,13320
2023-09-01,Mansar West Mine,138.2,21.7,80.5,73.7,2,1500,5000,18500,HEAVY_RAIN,Pit Waterlogging & Haul Mud Friction,Deploy Dewatering Pumps & Route via High Ramp,97.5,13320
2023-09-01,Dongri Buzurg Mine,138.2,21.7,80.5,73.7,2,1500,5000,18500,HEAVY_RAIN,Pit Waterlogging & Haul Mud Friction,Deploy Dewatering Pumps & Route via High Ramp,86.2,13320
2023-09-01,Ukwa East Mine,138.2,21.7,80.5,73.7,2,1500,5000,18500,HEAVY_RAIN,Pit Waterlogging & Haul Mud Friction,Deploy Dewatering Pumps & Route via High Ramp,89.8,13320
2023-09-02,Balaghat Central Mine,155.9,30.3,86.5,76.4,4,1500,5000,18500,HEAVY_RAIN,Pit Waterlogging & Haul Mud Friction,Deploy Dewatering Pumps & Route via High Ramp,96.0,13320
2023-09-02,Mansar West Mine,155.9,30.3,86.5,76.4,4,1500,5000,18500,HEAVY_RAIN,Pit Waterlogging & Haul Mud Friction,Deploy Dewatering Pumps & Route via High Ramp,89.2,13320
2023-09-02,Dongri Buzurg Mine,155.9,30.3,86.5,76.4,4,1500,5000,18500,HEAVY_RAIN,Pit Waterlogging & Haul Mud Friction,Deploy Dewatering Pumps & Route via High Ramp,88.7,13320
2023-09-02,Ukwa East Mine,155.9,30.3,86.5,76.4,4,1500,5000,18500,HEAVY_RAIN,Pit Waterlogging & Haul Mud Friction,Deploy Dewatering Pumps & Route via High Ramp,87.9,13320
2023-09-03,Balaghat Central Mine,95.4,27.5,86.1,56.2,5,1500,5000,18500,HEAVY_RAIN,Pit Waterlogging & Haul Mud Friction,Deploy Dewatering Pumps & Route via High Ramp,97.2,13320
2023-09-03,Mansar West Mine,95.4,27.5,86.1,56.2,5,1500,5000,18500,HEAVY_RAIN,Pit Waterlogging & Haul Mud Friction,Deploy Dewatering Pumps & Route via High Ramp,92.0,13320
2023-09-03,Dongri Buzurg Mine,95.4,27.5,86.1,56.2,5,1500,5000,18500,HEAVY_RAIN,Pit Waterlogging & Haul Mud Friction,Deploy Dewatering Pumps & Route via High Ramp,91.4,13320
2023-09-03,Ukwa East Mine,95.4,27.5,86.1,56.2,5,1500,5000,18500,HEAVY_RAIN,Pit Waterlogging & Haul Mud Friction,Deploy Dewatering Pumps & Route via High Ramp,90.4,13320
2023-09-04,Balaghat Central Mine,27.1,27.1,85.8,85.1,1,1500,5000,18500,HIGH_MOISTURE,Rock Bench Blasting Misfire Risk,Switch to Emulsion Charges & Dry Stemming Sequence,94.9,13875
2023-09-04,Mansar West Mine,27.1,27.1,85.8,85.1,1,1500,5000,18178,HIGH_MOISTURE,Rock Bench Blasting Misfire Risk,Switch to Emulsion Charges & Dry Stemming Sequence,96.8,13633
2023-09-04,Dongri Buzurg Mine,27.1,27.1,85.8,85.1,1,1500,5000,18500,HIGH_MOISTURE,Rock Bench Blasting Misfire Risk,Switch to Emulsion Charges & Dry Stemming Sequence,92.6,13875
2023-09-04,Ukwa East Mine,27.1,27.1,85.8,85.1,1,1500,5000,18500,HIGH_MOISTURE,Rock Bench Blasting Misfire Risk,Switch to Emulsion Charges & Dry Stemming Sequence,89.8,13875
2023-09-05,Balaghat Central Mine,28.2,23.4,65.9,78.6,1,1500,10511,4489,HIGH_MOISTURE,Rock Bench Blasting Misfire Risk,Switch to Emulsion Charges & Dry Stemming Sequence,91.4,3366
2023-09-05,Mansar West Mine,28.2,23.4,65.9,78.6,1,1500,9154,5846,HIGH_MOISTURE,Rock Bench Blasting Misfire Risk,Switch to Emulsion Charges & Dry Stemming Sequence,97.3,4384
2023-09-05,Dongri Buzurg Mine,28.2,23.4,65.9,78.6,1,1500,10264,4736,HIGH_MOISTURE,Rock Bench Blasting Misfire Risk,Switch to Emulsion Charges & Dry Stemming Sequence,86.2,3552
2023-09-05,Ukwa East Mine,28.2,23.4,65.9,78.6,1,1500,13792,1208,HIGH_MOISTURE,Rock Bench Blasting Misfire Risk,Switch to Emulsion Charges & Dry Stemming Sequence,90.1,906
2023-09-06,Balaghat Central Mine,152.1,27.6,81.8,80.8,3,1500,5000,18500,HEAVY_RAIN,Pit Waterlogging & Haul Mud Friction,Deploy Dewatering Pumps & Route via High Ramp,85.2,13320
2023-09-06,Mansar West Mine,152.1,27.6,81.8,80.8,3,1500,5000,18500,HEAVY_RAIN,Pit Waterlogging & Haul Mud Friction,Deploy Dewatering Pumps & Route via High Ramp,90.7,13320
2023-09-06,Dongri Buzurg Mine,152.1,27.6,81.8,80.8,3,1500,5000,18500,HEAVY_RAIN,Pit Waterlogging & Haul Mud Friction,Deploy Dewatering Pumps & Route via High Ramp,93.3,13320
2023-09-06,Ukwa East Mine,152.1,27.6,81.8,80.8,3,1500,5000,18500,HEAVY_RAIN,Pit Waterlogging & Haul Mud Friction,Deploy Dewatering Pumps & Route via High Ramp,96.0,13320
2023-09-07,Balaghat Central Mine,42.6,29.3,78.5,66.2,4,1500,5000,18500,FLEET_BREAKDOWN,Haul Truck & Shovel Mechanical Failure,Reallocate Backup Fleet & Deploy Mobile Mechanics,90.4,14800
2023-09-07,Mansar West Mine,42.6,29.3,78.5,66.2,4,1500,5000,18500,FLEET_BREAKDOWN,Haul Truck & Shovel Mechanical Failure,Reallocate Backup Fleet & Deploy Mobile Mechanics,90.3,14800
2023-09-07,Dongri Buzurg Mine,42.6,29.3,78.5,66.2,4,1500,5000,18500,FLEET_BREAKDOWN,Haul Truck & Shovel Mechanical Failure,Reallocate Backup Fleet & Deploy Mobile Mechanics,88.8,14800
2023-09-07,Ukwa East Mine,42.6,29.3,78.5,66.2,4,1500,5000,18500,FLEET_BREAKDOWN,Haul Truck & Shovel Mechanical Failure,Reallocate Backup Fleet & Deploy Mobile Mechanics,94.2,14800
2023-09-08,Balaghat Central Mine,59.4,20.5,64.7,85.8,5,1500,5000,17205,HEAVY_RAIN,Pit Waterlogging & Haul Mud Friction,Deploy Dewatering Pumps & Route via High Ramp,93.8,12387
2023-09-08,Mansar West Mine,59.4,20.5,64.7,85.8,5,1500,5000,12046,HEAVY_RAIN,Pit Waterlogging & Haul Mud Friction,Deploy Dewatering Pumps & Route via High Ramp,90.3,8673
2023-09-08,Dongri Buzurg Mine,59.4,20.5,64.7,85.8,5,1500,5000,11273,HEAVY_RAIN,Pit Waterlogging & Haul Mud Friction,Deploy Dewatering Pumps & Route via High Ramp,89.0,8116
2023-09-08,Ukwa East Mine,59.4,20.5,64.7,85.8,5,1500,5000,11669,HEAVY_RAIN,Pit Waterlogging & Haul Mud Friction,Deploy Dewatering Pumps & Route via High Ramp,96.0,8401
2023-09-09,Balaghat Central Mine,129.2,25.8,80.0,69.4,4,1500,5000,18500,HEAVY_RAIN,Pit Waterlogging & Haul Mud Friction,Deploy Dewatering Pumps & Route via High Ramp,93.5,13320
2023-09-09,Mansar West Mine,129.2,25.8,80.0,69.4,4,1500,5000,18500,HEAVY_RAIN,Pit Waterlogging & Haul Mud Friction,Deploy Dewatering Pumps & Route via High Ramp,86.0,13320
2023-09-09,Dongri Buzurg Mine,129.2,25.8,80.0,69.4,4,1500,5000,18500,HEAVY_RAIN,Pit Waterlogging & Haul Mud Friction,Deploy Dewatering Pumps & Route via High Ramp,97.3,13320
2023-09-09,Ukwa East Mine,129.2,25.8,80.0,69.4,4,1500,5000,18500,HEAVY_RAIN,Pit Waterlogging & Haul Mud Friction,Deploy Dewatering Pumps & Route via High Ramp,86.6,13320
2023-09-10,Balaghat Central Mine,143.5,22.2,90.3,67.8,2,1500,5000,18500,HEAVY_RAIN,Pit Waterlogging & Haul Mud Friction,Deploy Dewatering Pumps & Route via High Ramp,94.9,13320
2023-09-10,Mansar West Mine,143.5,22.2,90.3,67.8,2,1500,5000,18500,HEAVY_RAIN,Pit Waterlogging & Haul Mud Friction,Deploy Dewatering Pumps & Route via High Ramp,96.9,13320
2023-09-10,Dongri Buzurg Mine,143.5,22.2,90.3,67.8,2,1500,5000,18500,HEAVY_RAIN,Pit Waterlogging & Haul Mud Friction,Deploy Dewatering Pumps & Route via High Ramp,86.8,13320
2023-09-10,Ukwa East Mine,143.5,22.2,90.3,67.8,2,1500,5000,18500,HEAVY_RAIN,Pit Waterlogging & Haul Mud Friction,Deploy Dewatering Pumps & Route via High Ramp,92.4,13320
2023-09-11,Balaghat Central Mine,26.8,31.8,62.2,82.9,4,1500,14249,751,NORMAL,Optimal Mine Operations,Maintain Standard Production Schedule,85.2,751
2023-09-11,Mansar West Mine,26.8,31.8,62.2,82.9,4,1500,14786,214,NORMAL,Optimal Mine Operations,Maintain Standard Production Schedule,96.9,214
2023-09-11,Dongri Buzurg Mine,26.8,31.8,62.2,82.9,4,1500,14901,99,NORMAL,Optimal Mine Operations,Maintain Standard Production Schedule,89.6,99
2023-09-11,Ukwa East Mine,26.8,31.8,62.2,82.9,4,1500,14399,601,NORMAL,Optimal Mine Operations,Maintain Standard Production Schedule,91.1,601
2023-09-12,Balaghat Central Mine,55.4,26.8,68.2,84.6,5,1500,5000,10982,HEAVY_RAIN,Pit Waterlogging & Haul Mud Friction,Deploy Dewatering Pumps & Route via High Ramp,88.6,7907
2023-09-12,Mansar West Mine,55.4,26.8,68.2,84.6,5,1500,14471,529,HEAVY_RAIN,Pit Waterlogging & Haul Mud Friction,Deploy Dewatering Pumps & Route via High Ramp,87.7,380
2023-09-12,Dongri Buzurg Mine,55.4,26.8,68.2,84.6,5,1500,5000,11938,HEAVY_RAIN,Pit Waterlogging & Haul Mud Friction,Deploy Dewatering Pumps & Route via High Ramp,85.0,8595
2023-09-12,Ukwa East Mine,55.4,26.8,68.2,84.6,5,1500,9239,5761,HEAVY_RAIN,Pit Waterlogging & Haul Mud Friction,Deploy Dewatering Pumps & Route via High Ramp,95.5,4147
2023-09-13,Balaghat Central Mine,83.8,20.8,87.2,56.5,4,1500,5000,18500,HEAVY_RAIN,Pit Waterlogging & Haul Mud Friction,Deploy Dewatering Pumps & Route via High Ramp,86.0,13320
2023-09-13,Mansar West Mine,83.8,20.8,87.2,56.5,4,1500,5000,18500,HEAVY_RAIN,Pit Waterlogging & Haul Mud Friction,Deploy Dewatering Pumps & Route via High Ramp,88.7,13320
2023-09-13,Dongri Buzurg Mine,83.8,20.8,87.2,56.5,4,1500,5000,18500,HEAVY_RAIN,Pit Waterlogging & Haul Mud Friction,Deploy Dewatering Pumps & Route via High Ramp,86.6,13320
2023-09-13,Ukwa East Mine,83.8,20.8,87.2,56.5,4,1500,5000,18500,HEAVY_RAIN,Pit Waterlogging & Haul Mud Friction,Deploy Dewatering Pumps & Route via High Ramp,91.4,13320
2023-09-14,Balaghat Central Mine,149.8,27.6,70.6,94.2,5,1500,5000,18500,HEAVY_RAIN,Pit Waterlogging & Haul Mud Friction,Deploy Dewatering Pumps & Route via High Ramp,91.5,13320
2023-09-14,Mansar West Mine,149.8,27.6,70.6,94.2,5,1500,5000,18500,HEAVY_RAIN,Pit Waterlogging & Haul Mud Friction,Deploy Dewatering Pumps & Route via High Ramp,89.5,13320
2023-09-14,Dongri Buzurg Mine,149.8,27.6,70.6,94.2,5,1500,5000,18500,HEAVY_RAIN,Pit Waterlogging & Haul Mud Friction,Deploy Dewatering Pumps & Route via High Ramp,91.2,13320
2023-09-14,Ukwa East Mine,149.8,27.6,70.6,94.2,5,1500,5000,18500,HEAVY_RAIN,Pit Waterlogging & Haul Mud Friction,Deploy Dewatering Pumps & Route via High Ramp,93.2,13320
2023-09-15,Balaghat Central Mine,150.3,22.9,78.5,89.5,5,1500,5000,18500,HEAVY_RAIN,Pit Waterlogging & Haul Mud Friction,Deploy Dewatering Pumps & Route via High Ramp,92.2,13320
2023-09-15,Mansar West Mine,150.3,22.9,78.5,89.5,5,1500,5000,18500,HEAVY_RAIN,Pit Waterlogging & Haul Mud Friction,Deploy Dewatering Pumps & Route via High Ramp,92.1,13320
2023-09-15,Dongri Buzurg Mine,150.3,22.9,78.5,89.5,5,1500,5000,18500,HEAVY_RAIN,Pit Waterlogging & Haul Mud Friction,Deploy Dewatering Pumps & Route via High Ramp,87.1,13320
2023-09-15,Ukwa East Mine,150.3,22.9,78.5,89.5,5,1500,5000,18500,HEAVY_RAIN,Pit Waterlogging & Haul Mud Friction,Deploy Dewatering Pumps & Route via High Ramp,93.8,13320
2023-09-16,Balaghat Central Mine,155.1,24.1,63.1,81.4,5,1500,5000,18500,HEAVY_RAIN,Pit Waterlogging & Haul Mud Friction,Deploy Dewatering Pumps & Route via High Ramp,89.0,13320
2023-09-16,Mansar West Mine,155.1,24.1,63.1,81.4,5,1500,5000,18500,HEAVY_RAIN,Pit Waterlogging & Haul Mud Friction,Deploy Dewatering Pumps & Route via High Ramp,89.7,13320
2023-09-16,Dongri Buzurg Mine,155.1,24.1,63.1,81.4,5,1500,5000,18500,HEAVY_RAIN,Pit Waterlogging & Haul Mud Friction,Deploy Dewatering Pumps & Route via High Ramp,86.4,13320
2023-09-16,Ukwa East Mine,155.1,24.1,63.1,81.4,5,1500,5000,18500,HEAVY_RAIN,Pit Waterlogging & Haul Mud Friction,Deploy Dewatering Pumps & Route via High Ramp,86.7,13320
2023-09-17,Balaghat Central Mine,118.4,29.5,78.5,69.6,4,1500,5000,18500,HEAVY_RAIN,Pit Waterlogging & Haul Mud Friction,Deploy Dewatering Pumps & Route via High Ramp,87.3,13320
2023-09-17,Mansar West Mine,118.4,29.5,78.5,69.6,4,1500,5000,18500,HEAVY_RAIN,Pit Waterlogging & Haul Mud Friction,Deploy Dewatering Pumps & Route via High Ramp,85.8,13320
2023-09-17,Dongri Buzurg Mine,118.4,29.5,78.5,69.6,4,1500,5000,18500,HEAVY_RAIN,Pit Waterlogging & Haul Mud Friction,Deploy Dewatering Pumps & Route via High Ramp,93.1,13320
2023-09-17,Ukwa East Mine,118.4,29.5,78.5,69.6,4,1500,5000,18500,HEAVY_RAIN,Pit Waterlogging & Haul Mud Friction,Deploy Dewatering Pumps & Route via High Ramp,97.5,13320
2023-09-18,Balaghat Central Mine,108.3,26.3,88.2,86.3,4,1500,5000,18500,HEAVY_RAIN,Pit Waterlogging & Haul Mud Friction,Deploy Dewatering Pumps & Route via High Ramp,87.8,13320
2023-09-18,Mansar West Mine,108.3,26.3,88.2,86.3,4,1500,5000,18500,HEAVY_RAIN,Pit Waterlogging & Haul Mud Friction,Deploy Dewatering Pumps & Route via High Ramp,89.7,13320
2023-09-18,Dongri Buzurg Mine,108.3,26.3,88.2,86.3,4,1500,5000,18500,HEAVY_RAIN,Pit Waterlogging & Haul Mud Friction,Deploy Dewatering Pumps & Route via High Ramp,89.1,13320
2023-09-18,Ukwa East Mine,108.3,26.3,88.2,86.3,4,1500,5000,18500,HEAVY_RAIN,Pit Waterlogging & Haul Mud Friction,Deploy Dewatering Pumps & Route via High Ramp,91.4,13320
2023-09-19,Balaghat Central Mine,157.7,24.4,76.2,80.5,2,1500,5000,18500,HEAVY_RAIN,Pit Waterlogging & Haul Mud Friction,Deploy Dewatering Pumps & Route via High Ramp,86.1,13320
2023-09-19,Mansar West Mine,157.7,24.4,76.2,80.5,2,1500,5000,18500,HEAVY_RAIN,Pit Waterlogging & Haul Mud Friction,Deploy Dewatering Pumps & Route via High Ramp,89.4,13320
2023-09-19,Dongri Buzurg Mine,157.7,24.4,76.2,80.5,2,1500,5000,18500,HEAVY_RAIN,Pit Waterlogging & Haul Mud Friction,Deploy Dewatering Pumps & Route via High Ramp,90.1,13320
2023-09-19,Ukwa East Mine,157.7,24.4,76.2,80.5,2,1500,5000,18500,HEAVY_RAIN,Pit Waterlogging & Haul Mud Friction,Deploy Dewatering Pumps & Route via High Ramp,91.2,13320
2023-09-20,Balaghat Central Mine,85.3,31.5,74.3,59.5,4,1500,5000,18500,HEAVY_RAIN,Pit Waterlogging & Haul Mud Friction,Deploy Dewatering Pumps & Route via High Ramp,92.1,13320
2023-09-20,Mansar West Mine,85.3,31.5,74.3,59.5,4,1500,5000,18500,HEAVY_RAIN,Pit Waterlogging & Haul Mud Friction,Deploy Dewatering Pumps & Route via High Ramp,89.5,13320
2023-09-20,Dongri Buzurg Mine,85.3,31.5,74.3,59.5,4,1500,5000,18500,HEAVY_RAIN,Pit Waterlogging & Haul Mud Friction,Deploy Dewatering Pumps & Route via High Ramp,87.9,13320
2023-09-20,Ukwa East Mine,85.3,31.5,74.3,59.5,4,1500,5000,18500,HEAVY_RAIN,Pit Waterlogging & Haul Mud Friction,Deploy Dewatering Pumps & Route via High Ramp,96.8,13320
2023-09-21,Balaghat Central Mine,161.1,29.9,79.8,80.1,3,1500,5000,18500,HEAVY_RAIN,Pit Waterlogging & Haul Mud Friction,Deploy Dewatering Pumps & Route via High Ramp,89.0,13320
2023-09-21,Mansar West Mine,161.1,29.9,79.8,80.1,3,1500,5000,18500,HEAVY_RAIN,Pit Waterlogging & Haul Mud Friction,Deploy Dewatering Pumps & Route via High Ramp,93.2,13320
2023-09-21,Dongri Buzurg Mine,161.1,29.9,79.8,80.1,3,1500,5000,18500,HEAVY_RAIN,Pit Waterlogging & Haul Mud Friction,Deploy Dewatering Pumps & Route via High Ramp,88.5,13320
2023-09-21,Ukwa East Mine,161.1,29.9,79.8,80.1,3,1500,5000,18500,HEAVY_RAIN,Pit Waterlogging & Haul Mud Friction,Deploy Dewatering Pumps & Route via High Ramp,86.5,13320
2023-09-22,Balaghat Central Mine,137.8,20.5,76.1,76.3,5,1500,5000,18500,HEAVY_RAIN,Pit Waterlogging & Haul Mud Friction,Deploy Dewatering Pumps & Route via High Ramp,90.1,13320
2023-09-22,Mansar West Mine,137.8,20.5,76.1,76.3,5,1500,5000,18500,HEAVY_RAIN,Pit Waterlogging & Haul Mud Friction,Deploy Dewatering Pumps & Route via High Ramp,94.9,13320
2023-09-22,Dongri Buzurg Mine,137.8,20.5,76.1,76.3,5,1500,5000,18500,HEAVY_RAIN,Pit Waterlogging & Haul Mud Friction,Deploy Dewatering Pumps & Route via High Ramp,88.5,13320
2023-09-22,Ukwa East Mine,137.8,20.5,76.1,76.3,5,1500,5000,18500,HEAVY_RAIN,Pit Waterlogging & Haul Mud Friction,Deploy Dewatering Pumps & Route via High Ramp,87.6,13320
2023-09-23,Balaghat Central Mine,76.6,31.4,77.6,86.3,1,1500,5000,18500,HEAVY_RAIN,Pit Waterlogging & Haul Mud Friction,Deploy Dewatering Pumps & Route via High Ramp,89.4,13320
2023-09-23,Mansar West Mine,76.6,31.4,77.6,86.3,1,1500,5000,18500,HEAVY_RAIN,Pit Waterlogging & Haul Mud Friction,Deploy Dewatering Pumps & Route via High Ramp,88.6,13320
2023-09-23,Dongri Buzurg Mine,76.6,31.4,77.6,86.3,1,1500,5000,18500,HEAVY_RAIN,Pit Waterlogging & Haul Mud Friction,Deploy Dewatering Pumps & Route via High Ramp,87.7,13320
2023-09-23,Ukwa East Mine,76.6,31.4,77.6,86.3,1,1500,5000,18500,HEAVY_RAIN,Pit Waterlogging & Haul Mud Friction,Deploy Dewatering Pumps & Route via High Ramp,92.0,13320
2023-09-24,Balaghat Central Mine,34.2,21.0,71.1,67.4,4,1500,5000,18500,FLEET_BREAKDOWN,Haul Truck & Shovel Mechanical Failure,Reallocate Backup Fleet & Deploy Mobile Mechanics,97.7,14800
2023-09-24,Mansar West Mine,34.2,21.0,71.1,67.4,4,1500,5000,18500,FLEET_BREAKDOWN,Haul Truck & Shovel Mechanical Failure,Reallocate Backup Fleet & Deploy Mobile Mechanics,97.0,14800
2023-09-24,Dongri Buzurg Mine,34.2,21.0,71.1,67.4,4,1500,5000,18500,FLEET_BREAKDOWN,Haul Truck & Shovel Mechanical Failure,Reallocate Backup Fleet & Deploy Mobile Mechanics,95.0,14800
2023-09-24,Ukwa East Mine,34.2,21.0,71.1,67.4,4,1500,5000,18500,FLEET_BREAKDOWN,Haul Truck & Shovel Mechanical Failure,Reallocate Backup Fleet & Deploy Mobile Mechanics,96.6,14800
2023-09-25,Balaghat Central Mine,91.7,27.6,85.6,93.4,5,1500,5000,18500,HEAVY_RAIN,Pit Waterlogging & Haul Mud Friction,Deploy Dewatering Pumps & Route via High Ramp,86.2,13320
2023-09-25,Mansar West Mine,91.7,27.6,85.6,93.4,5,1500,5000,18500,HEAVY_RAIN,Pit Waterlogging & Haul Mud Friction,Deploy Dewatering Pumps & Route via High Ramp,87.0,13320
2023-09-25,Dongri Buzurg Mine,91.7,27.6,85.6,93.4,5,1500,5000,18500,HEAVY_RAIN,Pit Waterlogging & Haul Mud Friction,Deploy Dewatering Pumps & Route via High Ramp,93.2,13320
2023-09-25,Ukwa East Mine,91.7,27.6,85.6,93.4,5,1500,5000,18500,HEAVY_RAIN,Pit Waterlogging & Haul Mud Friction,Deploy Dewatering Pumps & Route via High Ramp,94.7,13320
2023-09-26,Balaghat Central Mine,32.7,28.1,88.3,72.6,2,1500,5000,18500,FLEET_BREAKDOWN,Haul Truck & Shovel Mechanical Failure,Reallocate Backup Fleet & Deploy Mobile Mechanics,85.7,14800
2023-09-26,Mansar West Mine,32.7,28.1,88.3,72.6,2,1500,5000,18500,FLEET_BREAKDOWN,Haul Truck & Shovel Mechanical Failure,Reallocate Backup Fleet & Deploy Mobile Mechanics,95.2,14800
2023-09-26,Dongri Buzurg Mine,32.7,28.1,88.3,72.6,2,1500,5000,18500,FLEET_BREAKDOWN,Haul Truck & Shovel Mechanical Failure,Reallocate Backup Fleet & Deploy Mobile Mechanics,86.5,14800
2023-09-26,Ukwa East Mine,32.7,28.1,88.3,72.6,2,1500,5000,18500,FLEET_BREAKDOWN,Haul Truck & Shovel Mechanical Failure,Reallocate Backup Fleet & Deploy Mobile Mechanics,90.3,14800
2023-09-27,Balaghat Central Mine,152.0,27.9,65.2,56.5,4,1500,5000,18500,HEAVY_RAIN,Pit Waterlogging & Haul Mud Friction,Deploy Dewatering Pumps & Route via High Ramp,91.1,13320
2023-09-27,Mansar West Mine,152.0,27.9,65.2,56.5,4,1500,5000,18500,HEAVY_RAIN,Pit Waterlogging & Haul Mud Friction,Deploy Dewatering Pumps & Route via High Ramp,85.9,13320
2023-09-27,Dongri Buzurg Mine,152.0,27.9,65.2,56.5,4,1500,5000,18500,HEAVY_RAIN,Pit Waterlogging & Haul Mud Friction,Deploy Dewatering Pumps & Route via High Ramp,95.3,13320
2023-09-27,Ukwa East Mine,152.0,27.9,65.2,56.5,4,1500,5000,18500,HEAVY_RAIN,Pit Waterlogging & Haul Mud Friction,Deploy Dewatering Pumps & Route via High Ramp,86.9,13320
2023-09-28,Balaghat Central Mine,51.9,24.8,62.2,58.7,1,1500,9117,5883,HEAVY_RAIN,Pit Waterlogging & Haul Mud Friction,Deploy Dewatering Pumps & Route via High Ramp,93.8,4235
2023-09-28,Mansar West Mine,51.9,24.8,62.2,58.7,1,1500,10923,4077,HEAVY_RAIN,Pit Waterlogging & Haul Mud Friction,Deploy Dewatering Pumps & Route via High Ramp,88.8,2935
2023-09-28,Dongri Buzurg Mine,51.9,24.8,62.2,58.7,1,1500,9442,5558,HEAVY_RAIN,Pit Waterlogging & Haul Mud Friction,Deploy Dewatering Pumps & Route via High Ramp,88.8,4001
2023-09-28,Ukwa East Mine,51.9,24.8,62.2,58.7,1,1500,5000,10393,HEAVY_RAIN,Pit Waterlogging & Haul Mud Friction,Deploy Dewatering Pumps & Route via High Ramp,95.4,7482
2023-09-29,Balaghat Central Mine,151.0,25.6,63.2,80.2,5,1500,5000,18500,HEAVY_RAIN,Pit Waterlogging & Haul Mud Friction,Deploy Dewatering Pumps & Route via High Ramp,88.5,13320
2023-09-29,Mansar West Mine,151.0,25.6,63.2,80.2,5,1500,5000,18500,HEAVY_RAIN,Pit Waterlogging & Haul Mud Friction,Deploy Dewatering Pumps & Route via High Ramp,89.5,13320
2023-09-29,Dongri Buzurg Mine,151.0,25.6,63.2,80.2,5,1500,5000,18500,HEAVY_RAIN,Pit Waterlogging & Haul Mud Friction,Deploy Dewatering Pumps & Route via High Ramp,91.8,13320
2023-09-29,Ukwa East Mine,151.0,25.6,63.2,80.2,5,1500,5000,18500,HEAVY_RAIN,Pit Waterlogging & Haul Mud Friction,Deploy Dewatering Pumps & Route via High Ramp,97.6,13320
2023-09-30,Balaghat Central Mine,50.6,21.9,88.2,60.1,5,1500,7895,7105,HEAVY_RAIN,Pit Waterlogging & Haul Mud Friction,Deploy Dewatering Pumps & Route via High Ramp,91.9,5115
2023-09-30,Mansar West Mine,50.6,21.9,88.2,60.1,5,1500,10278,4722,HEAVY_RAIN,Pit Waterlogging & Haul Mud Friction,Deploy Dewatering Pumps & Route via High Ramp,95.5,3399
2023-09-30,Dongri Buzurg Mine,50.6,21.9,88.2,60.1,5,1500,5000,12370,HEAVY_RAIN,Pit Waterlogging & Haul Mud Friction,Deploy Dewatering Pumps & Route via High Ramp,87.5,8906
2023-09-30,Ukwa East Mine,50.6,21.9,88.2,60.1,5,1500,5634,9366,HEAVY_RAIN,Pit Waterlogging & Haul Mud Friction,Deploy Dewatering Pumps & Route via High Ramp,90.6,6743
2023-10-01,Balaghat Central Mine,4.5,25.5,32.2,97.8,2,1500,13481,1519,NORMAL,Optimal Mine Operations,Maintain Standard Production Schedule,94.7,1519
2023-10-01,Mansar West Mine,4.5,25.5,32.2,97.8,2,1500,15000,0,NORMAL,Optimal Mine Operations,Maintain Standard Production Schedule,89.9,0
2023-10-01,Dongri Buzurg Mine,4.5,25.5,32.2,97.8,2,1500,8108,6892,NORMAL,Optimal Mine Operations,Maintain Standard Production Schedule,88.8,6892
2023-10-01,Ukwa East Mine,4.5,25.5,32.2,97.8,2,1500,15000,0,NORMAL,Optimal Mine Operations,Maintain Standard Production Schedule,95.3,0
2023-10-02,Balaghat Central Mine,13.9,20.8,26.1,84.5,1,1500,10448,4552,NORMAL,Optimal Mine Operations,Maintain Standard Production Schedule,87.9,4552
2023-10-02,Mansar West Mine,13.9,20.8,26.1,84.5,1,1500,13323,1677,NORMAL,Optimal Mine Operations,Maintain Standard Production Schedule,96.3,1677
2023-10-02,Dongri Buzurg Mine,13.9,20.8,26.1,84.5,1,1500,11985,3015,NORMAL,Optimal Mine Operations,Maintain Standard Production Schedule,89.0,3015
2023-10-02,Ukwa East Mine,13.9,20.8,26.1,84.5,1,1500,15000,0,NORMAL,Optimal Mine Operations,Maintain Standard Production Schedule,94.7,0
2023-10-03,Balaghat Central Mine,19.5,30.3,35.4,59.4,1,1500,5000,18500,FLEET_BREAKDOWN,Haul Truck & Shovel Mechanical Failure,Reallocate Backup Fleet & Deploy Mobile Mechanics,97.5,14800
2023-10-03,Mansar West Mine,19.5,30.3,35.4,59.4,1,1500,5000,18500,FLEET_BREAKDOWN,Haul Truck & Shovel Mechanical Failure,Reallocate Backup Fleet & Deploy Mobile Mechanics,98.0,14800
2023-10-03,Dongri Buzurg Mine,19.5,30.3,35.4,59.4,1,1500,5000,18500,FLEET_BREAKDOWN,Haul Truck & Shovel Mechanical Failure,Reallocate Backup Fleet & Deploy Mobile Mechanics,94.9,14800
2023-10-03,Ukwa East Mine,19.5,30.3,35.4,59.4,1,1500,5000,18500,FLEET_BREAKDOWN,Haul Truck & Shovel Mechanical Failure,Reallocate Backup Fleet & Deploy Mobile Mechanics,96.3,14800
2023-10-04,Balaghat Central Mine,1.3,23.3,22.2,59.9,2,1500,5000,18500,FLEET_BREAKDOWN,Haul Truck & Shovel Mechanical Failure,Reallocate Backup Fleet & Deploy Mobile Mechanics,88.2,14800
2023-10-04,Mansar West Mine,1.3,23.3,22.2,59.9,2,1500,5000,18500,FLEET_BREAKDOWN,Haul Truck & Shovel Mechanical Failure,Reallocate Backup Fleet & Deploy Mobile Mechanics,94.9,14800
2023-10-04,Dongri Buzurg Mine,1.3,23.3,22.2,59.9,2,1500,5000,18500,FLEET_BREAKDOWN,Haul Truck & Shovel Mechanical Failure,Reallocate Backup Fleet & Deploy Mobile Mechanics,94.3,14800
2023-10-04,Ukwa East Mine,1.3,23.3,22.2,59.9,2,1500,5000,18500,FLEET_BREAKDOWN,Haul Truck & Shovel Mechanical Failure,Reallocate Backup Fleet & Deploy Mobile Mechanics,97.0,14800
2023-10-05,Balaghat Central Mine,11.5,28.8,41.1,73.9,4,1500,5000,18500,FLEET_BREAKDOWN,Haul Truck & Shovel Mechanical Failure,Reallocate Backup Fleet & Deploy Mobile Mechanics,85.6,14800
2023-10-05,Mansar West Mine,11.5,28.8,41.1,73.9,4,1500,5000,18500,FLEET_BREAKDOWN,Haul Truck & Shovel Mechanical Failure,Reallocate Backup Fleet & Deploy Mobile Mechanics,85.6,14800
2023-10-05,Dongri Buzurg Mine,11.5,28.8,41.1,73.9,4,1500,5000,18500,FLEET_BREAKDOWN,Haul Truck & Shovel Mechanical Failure,Reallocate Backup Fleet & Deploy Mobile Mechanics,86.6,14800
2023-10-05,Ukwa East Mine,11.5,28.8,41.1,73.9,4,1500,5000,18500,FLEET_BREAKDOWN,Haul Truck & Shovel Mechanical Failure,Reallocate Backup Fleet & Deploy Mobile Mechanics,88.6,14800
2023-10-06,Balaghat Central Mine,14.9,22.4,34.1,71.5,5,1500,5000,18500,FLEET_BREAKDOWN,Haul Truck & Shovel Mechanical Failure,Reallocate Backup Fleet & Deploy Mobile Mechanics,86.6,14800
2023-10-06,Mansar West Mine,14.9,22.4,34.1,71.5,5,1500,5000,18500,FLEET_BREAKDOWN,Haul Truck & Shovel Mechanical Failure,Reallocate Backup Fleet & Deploy Mobile Mechanics,97.3,14800
2023-10-06,Dongri Buzurg Mine,14.9,22.4,34.1,71.5,5,1500,5000,18500,FLEET_BREAKDOWN,Haul Truck & Shovel Mechanical Failure,Reallocate Backup Fleet & Deploy Mobile Mechanics,97.7,14800
2023-10-06,Ukwa East Mine,14.9,22.4,34.1,71.5,5,1500,5000,18500,FLEET_BREAKDOWN,Haul Truck & Shovel Mechanical Failure,Reallocate Backup Fleet & Deploy Mobile Mechanics,90.8,14800
2023-10-07,Balaghat Central Mine,18.7,31.9,24.2,76.1,1,1500,15000,0,NORMAL,Optimal Mine Operations,Maintain Standard Production Schedule,87.6,0
2023-10-07,Mansar West Mine,18.7,31.9,24.2,76.1,1,1500,15000,0,NORMAL,Optimal Mine Operations,Maintain Standard Production Schedule,89.2,0
2023-10-07,Dongri Buzurg Mine,18.7,31.9,24.2,76.1,1,1500,15000,0,NORMAL,Optimal Mine Operations,Maintain Standard Production Schedule,86.1,0
2023-10-07,Ukwa East Mine,18.7,31.9,24.2,76.1,1,1500,11126,3874,NORMAL,Optimal Mine Operations,Maintain Standard Production Schedule,91.7,3874
2023-10-08,Balaghat Central Mine,17.1,20.8,32.1,61.7,5,1500,5000,18500,FLEET_BREAKDOWN,Haul Truck & Shovel Mechanical Failure,Reallocate Backup Fleet & Deploy Mobile Mechanics,91.8,14800
2023-10-08,Mansar West Mine,17.1,20.8,32.1,61.7,5,1500,5000,18500,FLEET_BREAKDOWN,Haul Truck & Shovel Mechanical Failure,Reallocate Backup Fleet & Deploy Mobile Mechanics,97.9,14800
2023-10-08,Dongri Buzurg Mine,17.1,20.8,32.1,61.7,5,1500,5000,18500,FLEET_BREAKDOWN,Haul Truck & Shovel Mechanical Failure,Reallocate Backup Fleet & Deploy Mobile Mechanics,97.2,14800
2023-10-08,Ukwa East Mine,17.1,20.8,32.1,61.7,5,1500,5000,18500,FLEET_BREAKDOWN,Haul Truck & Shovel Mechanical Failure,Reallocate Backup Fleet & Deploy Mobile Mechanics,86.9,14800
2023-10-09,Balaghat Central Mine,7.8,21.3,31.3,75.2,2,1500,15000,0,NORMAL,Optimal Mine Operations,Maintain Standard Production Schedule,89.4,0
2023-10-09,Mansar West Mine,7.8,21.3,31.3,75.2,2,1500,11033,3967,NORMAL,Optimal Mine Operations,Maintain Standard Production Schedule,90.8,3967
2023-10-09,Dongri Buzurg Mine,7.8,21.3,31.3,75.2,2,1500,14624,376,NORMAL,Optimal Mine Operations,Maintain Standard Production Schedule,87.9,376
2023-10-09,Ukwa East Mine,7.8,21.3,31.3,75.2,2,1500,11453,3547,NORMAL,Optimal Mine Operations,Maintain Standard Production Schedule,85.3,3547
2023-10-10,Balaghat Central Mine,5.0,21.8,15.8,71.2,2,1500,5000,18500,FLEET_BREAKDOWN,Haul Truck & Shovel Mechanical Failure,Reallocate Backup Fleet & Deploy Mobile Mechanics,97.5,14800
2023-10-10,Mansar West Mine,5.0,21.8,15.8,71.2,2,1500,5000,18500,FLEET_BREAKDOWN,Haul Truck & Shovel Mechanical Failure,Reallocate Backup Fleet & Deploy Mobile Mechanics,95.3,14800
2023-10-10,Dongri Buzurg Mine,5.0,21.8,15.8,71.2,2,1500,5000,18500,FLEET_BREAKDOWN,Haul Truck & Shovel Mechanical Failure,Reallocate Backup Fleet & Deploy Mobile Mechanics,86.2,14800
2023-10-10,Ukwa East Mine,5.0,21.8,15.8,71.2,2,1500,5000,18500,FLEET_BREAKDOWN,Haul Truck & Shovel Mechanical Failure,Reallocate Backup Fleet & Deploy Mobile Mechanics,86.3,14800
2023-10-11,Balaghat Central Mine,13.6,26.4,18.2,87.6,5,1500,11895,3105,NORMAL,Optimal Mine Operations,Maintain Standard Production Schedule,95.5,3105
2023-10-11,Mansar West Mine,13.6,26.4,18.2,87.6,5,1500,15000,0,NORMAL,Optimal Mine Operations,Maintain Standard Production Schedule,94.9,0
2023-10-11,Dongri Buzurg Mine,13.6,26.4,18.2,87.6,5,1500,12829,2171,NORMAL,Optimal Mine Operations,Maintain Standard Production Schedule,88.6,2171
2023-10-11,Ukwa East Mine,13.6,26.4,18.2,87.6,5,1500,14123,877,NORMAL,Optimal Mine Operations,Maintain Standard Production Schedule,91.2,877
2023-10-12,Balaghat Central Mine,19.6,29.6,37.9,67.0,2,1500,5000,18500,FLEET_BREAKDOWN,Haul Truck & Shovel Mechanical Failure,Reallocate Backup Fleet & Deploy Mobile Mechanics,89.6,14800
2023-10-12,Mansar West Mine,19.6,29.6,37.9,67.0,2,1500,5000,18500,FLEET_BREAKDOWN,Haul Truck & Shovel Mechanical Failure,Reallocate Backup Fleet & Deploy Mobile Mechanics,88.3,14800
2023-10-12,Dongri Buzurg Mine,19.6,29.6,37.9,67.0,2,1500,5000,18500,FLEET_BREAKDOWN,Haul Truck & Shovel Mechanical Failure,Reallocate Backup Fleet & Deploy Mobile Mechanics,86.2,14800
2023-10-12,Ukwa East Mine,19.6,29.6,37.9,67.0,2,1500,5000,18500,FLEET_BREAKDOWN,Haul Truck & Shovel Mechanical Failure,Reallocate Backup Fleet & Deploy Mobile Mechanics,88.0,14800
2023-10-13,Balaghat Central Mine,18.6,25.2,22.6,67.1,3,1500,5000,18500,FLEET_BREAKDOWN,Haul Truck & Shovel Mechanical Failure,Reallocate Backup Fleet & Deploy Mobile Mechanics,97.7,14800
2023-10-13,Mansar West Mine,18.6,25.2,22.6,67.1,3,1500,5000,18500,FLEET_BREAKDOWN,Haul Truck & Shovel Mechanical Failure,Reallocate Backup Fleet & Deploy Mobile Mechanics,94.3,14800
2023-10-13,Dongri Buzurg Mine,18.6,25.2,22.6,67.1,3,1500,5000,18500,FLEET_BREAKDOWN,Haul Truck & Shovel Mechanical Failure,Reallocate Backup Fleet & Deploy Mobile Mechanics,90.9,14800
2023-10-13,Ukwa East Mine,18.6,25.2,22.6,67.1,3,1500,5000,18500,FLEET_BREAKDOWN,Haul Truck & Shovel Mechanical Failure,Reallocate Backup Fleet & Deploy Mobile Mechanics,88.3,14800
2023-10-14,Balaghat Central Mine,10.0,25.5,27.2,85.8,5,1500,14352,648,NORMAL,Optimal Mine Operations,Maintain Standard Production Schedule,85.5,648
2023-10-14,Mansar West Mine,10.0,25.5,27.2,85.8,5,1500,15000,0,NORMAL,Optimal Mine Operations,Maintain Standard Production Schedule,88.3,0
2023-10-14,Dongri Buzurg Mine,10.0,25.5,27.2,85.8,5,1500,15000,0,NORMAL,Optimal Mine Operations,Maintain Standard Production Schedule,89.8,0
2023-10-14,Ukwa East Mine,10.0,25.5,27.2,85.8,5,1500,15000,0,NORMAL,Optimal Mine Operations,Maintain Standard Production Schedule,95.8,0
2023-10-15,Balaghat Central Mine,2.3,25.8,25.0,90.1,5,1500,14063,937,NORMAL,Optimal Mine Operations,Maintain Standard Production Schedule,88.9,937
2023-10-15,Mansar West Mine,2.3,25.8,25.0,90.1,5,1500,15000,0,NORMAL,Optimal Mine Operations,Maintain Standard Production Schedule,85.9,0
2023-10-15,Dongri Buzurg Mine,2.3,25.8,25.0,90.1,5,1500,15000,0,NORMAL,Optimal Mine Operations,Maintain Standard Production Schedule,96.9,0
2023-10-15,Ukwa East Mine,2.3,25.8,25.0,90.1,5,1500,12811,2189,NORMAL,Optimal Mine Operations,Maintain Standard Production Schedule,85.7,2189
2023-10-16,Balaghat Central Mine,11.6,25.4,37.3,93.4,1,1500,15000,0,NORMAL,Optimal Mine Operations,Maintain Standard Production Schedule,90.7,0
2023-10-16,Mansar West Mine,11.6,25.4,37.3,93.4,1,1500,15000,0,NORMAL,Optimal Mine Operations,Maintain Standard Production Schedule,93.2,0
2023-10-16,Dongri Buzurg Mine,11.6,25.4,37.3,93.4,1,1500,14043,957,NORMAL,Optimal Mine Operations,Maintain Standard Production Schedule,88.8,957
2023-10-16,Ukwa East Mine,11.6,25.4,37.3,93.4,1,1500,14753,247,NORMAL,Optimal Mine Operations,Maintain Standard Production Schedule,85.7,247
2023-10-17,Balaghat Central Mine,14.2,26.8,41.5,79.3,2,1500,13613,1387,NORMAL,Optimal Mine Operations,Maintain Standard Production Schedule,90.6,1387
2023-10-17,Mansar West Mine,14.2,26.8,41.5,79.3,2,1500,11001,3999,NORMAL,Optimal Mine Operations,Maintain Standard Production Schedule,94.7,3999
2023-10-17,Dongri Buzurg Mine,14.2,26.8,41.5,79.3,2,1500,15000,0,NORMAL,Optimal Mine Operations,Maintain Standard Production Schedule,87.2,0
2023-10-17,Ukwa East Mine,14.2,26.8,41.5,79.3,2,1500,9141,5859,NORMAL,Optimal Mine Operations,Maintain Standard Production Schedule,90.2,5859
2023-10-18,Balaghat Central Mine,16.9,28.7,25.9,97.3,3,1500,15000,0,NORMAL,Optimal Mine Operations,Maintain Standard Production Schedule,90.9,0
2023-10-18,Mansar West Mine,16.9,28.7,25.9,97.3,3,1500,11384,3616,NORMAL,Optimal Mine Operations,Maintain Standard Production Schedule,85.8,3616
2023-10-18,Dongri Buzurg Mine,16.9,28.7,25.9,97.3,3,1500,15000,0,NORMAL,Optimal Mine Operations,Maintain Standard Production Schedule,94.1,0
2023-10-18,Ukwa East Mine,16.9,28.7,25.9,97.3,3,1500,15000,0,NORMAL,Optimal Mine Operations,Maintain Standard Production Schedule,90.6,0
2023-10-19,Balaghat Central Mine,8.8,27.0,16.9,78.4,5,1500,15000,0,NORMAL,Optimal Mine Operations,Maintain Standard Production Schedule,91.3,0
2023-10-19,Mansar West Mine,8.8,27.0,16.9,78.4,5,1500,15000,0,NORMAL,Optimal Mine Operations,Maintain Standard Production Schedule,85.6,0
2023-10-19,Dongri Buzurg Mine,8.8,27.0,16.9,78.4,5,1500,15000,0,NORMAL,Optimal Mine Operations,Maintain Standard Production Schedule,93.9,0
2023-10-19,Ukwa East Mine,8.8,27.0,16.9,78.4,5,1500,12710,2290,NORMAL,Optimal Mine Operations,Maintain Standard Production Schedule,92.3,2290
2023-10-20,Balaghat Central Mine,18.7,28.4,29.0,82.0,2,1500,12512,2488,NORMAL,Optimal Mine Operations,Maintain Standard Production Schedule,95.0,2488
2023-10-20,Mansar West Mine,18.7,28.4,29.0,82.0,2,1500,15000,0,NORMAL,Optimal Mine Operations,Maintain Standard Production Schedule,86.9,0
2023-10-20,Dongri Buzurg Mine,18.7,28.4,29.0,82.0,2,1500,11598,3402,NORMAL,Optimal Mine Operations,Maintain Standard Production Schedule,96.6,3402
2023-10-20,Ukwa East Mine,18.7,28.4,29.0,82.0,2,1500,15000,0,NORMAL,Optimal Mine Operations,Maintain Standard Production Schedule,88.5,0
2023-10-21,Balaghat Central Mine,5.8,27.0,19.0,94.6,4,1500,15000,0,NORMAL,Optimal Mine Operations,Maintain Standard Production Schedule,89.1,0
2023-10-21,Mansar West Mine,5.8,27.0,19.0,94.6,4,1500,14236,764,NORMAL,Optimal Mine Operations,Maintain Standard Production Schedule,90.1,764
2023-10-21,Dongri Buzurg Mine,5.8,27.0,19.0,94.6,4,1500,14297,703,NORMAL,Optimal Mine Operations,Maintain Standard Production Schedule,90.0,703
2023-10-21,Ukwa East Mine,5.8,27.0,19.0,94.6,4,1500,14683,317,NORMAL,Optimal Mine Operations,Maintain Standard Production Schedule,94.0,317
2023-10-22,Balaghat Central Mine,8.2,23.8,15.2,91.9,3,1500,11114,3886,NORMAL,Optimal Mine Operations,Maintain Standard Production Schedule,89.9,3886
2023-10-22,Mansar West Mine,8.2,23.8,15.2,91.9,3,1500,15000,0,NORMAL,Optimal Mine Operations,Maintain Standard Production Schedule,97.0,0
2023-10-22,Dongri Buzurg Mine,8.2,23.8,15.2,91.9,3,1500,13515,1485,NORMAL,Optimal Mine Operations,Maintain Standard Production Schedule,89.2,1485
2023-10-22,Ukwa East Mine,8.2,23.8,15.2,91.9,3,1500,11774,3226,NORMAL,Optimal Mine Operations,Maintain Standard Production Schedule,88.0,3226
2023-10-23,Balaghat Central Mine,7.9,22.8,35.3,62.3,4,1500,5000,18500,FLEET_BREAKDOWN,Haul Truck & Shovel Mechanical Failure,Reallocate Backup Fleet & Deploy Mobile Mechanics,85.1,14800
2023-10-23,Mansar West Mine,7.9,22.8,35.3,62.3,4,1500,5000,18500,FLEET_BREAKDOWN,Haul Truck & Shovel Mechanical Failure,Reallocate Backup Fleet & Deploy Mobile Mechanics,90.5,14800
2023-10-23,Dongri Buzurg Mine,7.9,22.8,35.3,62.3,4,1500,5000,18500,FLEET_BREAKDOWN,Haul Truck & Shovel Mechanical Failure,Reallocate Backup Fleet & Deploy Mobile Mechanics,96.8,14800
2023-10-23,Ukwa East Mine,7.9,22.8,35.3,62.3,4,1500,5000,18500,FLEET_BREAKDOWN,Haul Truck & Shovel Mechanical Failure,Reallocate Backup Fleet & Deploy Mobile Mechanics,91.4,14800
2023-10-24,Balaghat Central Mine,16.2,30.5,25.3,70.0,4,1500,5000,18500,FLEET_BREAKDOWN,Haul Truck & Shovel Mechanical Failure,Reallocate Backup Fleet & Deploy Mobile Mechanics,97.2,14800
2023-10-24,Mansar West Mine,16.2,30.5,25.3,70.0,4,1500,5000,18500,FLEET_BREAKDOWN,Haul Truck & Shovel Mechanical Failure,Reallocate Backup Fleet & Deploy Mobile Mechanics,92.5,14800
2023-10-24,Dongri Buzurg Mine,16.2,30.5,25.3,70.0,4,1500,5000,18500,FLEET_BREAKDOWN,Haul Truck & Shovel Mechanical Failure,Reallocate Backup Fleet & Deploy Mobile Mechanics,93.4,14800
2023-10-24,Ukwa East Mine,16.2,30.5,25.3,70.0,4,1500,5000,18500,FLEET_BREAKDOWN,Haul Truck & Shovel Mechanical Failure,Reallocate Backup Fleet & Deploy Mobile Mechanics,91.6,14800
2023-10-25,Balaghat Central Mine,16.7,21.9,40.3,83.7,3,1500,11790,3210,NORMAL,Optimal Mine Operations,Maintain Standard Production Schedule,95.2,3210
2023-10-25,Mansar West Mine,16.7,21.9,40.3,83.7,3,1500,15000,0,NORMAL,Optimal Mine Operations,Maintain Standard Production Schedule,92.5,0
2023-10-25,Dongri Buzurg Mine,16.7,21.9,40.3,83.7,3,1500,15000,0,NORMAL,Optimal Mine Operations,Maintain Standard Production Schedule,91.0,0
2023-10-25,Ukwa East Mine,16.7,21.9,40.3,83.7,3,1500,15000,0,NORMAL,Optimal Mine Operations,Maintain Standard Production Schedule,96.0,0
2023-10-26,Balaghat Central Mine,10.4,29.3,29.2,71.6,3,1500,5000,18500,FLEET_BREAKDOWN,Haul Truck & Shovel Mechanical Failure,Reallocate Backup Fleet & Deploy Mobile Mechanics,85.3,14800
2023-10-26,Mansar West Mine,10.4,29.3,29.2,71.6,3,1500,5000,18500,FLEET_BREAKDOWN,Haul Truck & Shovel Mechanical Failure,Reallocate Backup Fleet & Deploy Mobile Mechanics,95.2,14800
2023-10-26,Dongri Buzurg Mine,10.4,29.3,29.2,71.6,3,1500,5000,18500,FLEET_BREAKDOWN,Haul Truck & Shovel Mechanical Failure,Reallocate Backup Fleet & Deploy Mobile Mechanics,92.5,14800
2023-10-26,Ukwa East Mine,10.4,29.3,29.2,71.6,3,1500,5000,18500,FLEET_BREAKDOWN,Haul Truck & Shovel Mechanical Failure,Reallocate Backup Fleet & Deploy Mobile Mechanics,87.0,14800
2023-10-27,Balaghat Central Mine,15.0,31.4,33.7,95.6,4,1500,15000,0,NORMAL,Optimal Mine Operations,Maintain Standard Production Schedule,85.4,0
2023-10-27,Mansar West Mine,15.0,31.4,33.7,95.6,4,1500,15000,0,NORMAL,Optimal Mine Operations,Maintain Standard Production Schedule,96.2,0
2023-10-27,Dongri Buzurg Mine,15.0,31.4,33.7,95.6,4,1500,14155,845,NORMAL,Optimal Mine Operations,Maintain Standard Production Schedule,86.8,845
2023-10-27,Ukwa East Mine,15.0,31.4,33.7,95.6,4,1500,7232,7768,NORMAL,Optimal Mine Operations,Maintain Standard Production Schedule,89.5,7768
2023-10-28,Balaghat Central Mine,16.9,20.5,26.0,80.7,3,1500,6776,8224,NORMAL,Optimal Mine Operations,Maintain Standard Production Schedule,94.7,8224
2023-10-28,Mansar West Mine,16.9,20.5,26.0,80.7,3,1500,15000,0,NORMAL,Optimal Mine Operations,Maintain Standard Production Schedule,89.3,0
2023-10-28,Dongri Buzurg Mine,16.9,20.5,26.0,80.7,3,1500,11833,3167,NORMAL,Optimal Mine Operations,Maintain Standard Production Schedule,89.8,3167
2023-10-28,Ukwa East Mine,16.9,20.5,26.0,80.7,3,1500,6764,8236,NORMAL,Optimal Mine Operations,Maintain Standard Production Schedule,89.3,8236
2023-10-29,Balaghat Central Mine,1.1,21.6,38.8,70.8,3,1500,5000,18500,FLEET_BREAKDOWN,Haul Truck & Shovel Mechanical Failure,Reallocate Backup Fleet & Deploy Mobile Mechanics,91.6,14800
2023-10-29,Mansar West Mine,1.1,21.6,38.8,70.8,3,1500,5000,18500,FLEET_BREAKDOWN,Haul Truck & Shovel Mechanical Failure,Reallocate Backup Fleet & Deploy Mobile Mechanics,93.8,14800
2023-10-29,Dongri Buzurg Mine,1.1,21.6,38.8,70.8,3,1500,5000,18500,FLEET_BREAKDOWN,Haul Truck & Shovel Mechanical Failure,Reallocate Backup Fleet & Deploy Mobile Mechanics,91.7,14800
2023-10-29,Ukwa East Mine,1.1,21.6,38.8,70.8,3,1500,5000,18500,FLEET_BREAKDOWN,Haul Truck & Shovel Mechanical Failure,Reallocate Backup Fleet & Deploy Mobile Mechanics,95.4,14800
2023-10-30,Balaghat Central Mine,15.3,21.0,37.5,68.9,1,1500,5000,18500,FLEET_BREAKDOWN,Haul Truck & Shovel Mechanical Failure,Reallocate Backup Fleet & Deploy Mobile Mechanics,91.7,14800
2023-10-30,Mansar West Mine,15.3,21.0,37.5,68.9,1,1500,5000,18500,FLEET_BREAKDOWN,Haul Truck & Shovel Mechanical Failure,Reallocate Backup Fleet & Deploy Mobile Mechanics,90.3,14800
2023-10-30,Dongri Buzurg Mine,15.3,21.0,37.5,68.9,1,1500,5000,18500,FLEET_BREAKDOWN,Haul Truck & Shovel Mechanical Failure,Reallocate Backup Fleet & Deploy Mobile Mechanics,94.3,14800
2023-10-30,Ukwa East Mine,15.3,21.0,37.5,68.9,1,1500,5000,18500,FLEET_BREAKDOWN,Haul Truck & Shovel Mechanical Failure,Reallocate Backup Fleet & Deploy Mobile Mechanics,86.8,14800
2023-10-31,Balaghat Central Mine,11.8,27.2,28.6,58.8,3,1500,5000,18500,FLEET_BREAKDOWN,Haul Truck & Shovel Mechanical Failure,Reallocate Backup Fleet & Deploy Mobile Mechanics,93.1,14800
2023-10-31,Mansar West Mine,11.8,27.2,28.6,58.8,3,1500,5000,18500,FLEET_BREAKDOWN,Haul Truck & Shovel Mechanical Failure,Reallocate Backup Fleet & Deploy Mobile Mechanics,95.2,14800
2023-10-31,Dongri Buzurg Mine,11.8,27.2,28.6,58.8,3,1500,5000,18500,FLEET_BREAKDOWN,Haul Truck & Shovel Mechanical Failure,Reallocate Backup Fleet & Deploy Mobile Mechanics,86.5,14800
2023-10-31,Ukwa East Mine,11.8,27.2,28.6,58.8,3,1500,5000,18500,FLEET_BREAKDOWN,Haul Truck & Shovel Mechanical Failure,Reallocate Backup Fleet & Deploy Mobile Mechanics,89.8,14800
2023-11-01,Balaghat Central Mine,15.7,22.5,39.6,73.5,5,1500,5000,18500,FLEET_BREAKDOWN,Haul Truck & Shovel Mechanical Failure,Reallocate Backup Fleet & Deploy Mobile Mechanics,90.7,14800
2023-11-01,Mansar West Mine,15.7,22.5,39.6,73.5,5,1500,5000,18500,FLEET_BREAKDOWN,Haul Truck & Shovel Mechanical Failure,Reallocate Backup Fleet & Deploy Mobile Mechanics,89.9,14800
2023-11-01,Dongri Buzurg Mine,15.7,22.5,39.6,73.5,5,1500,5000,18500,FLEET_BREAKDOWN,Haul Truck & Shovel Mechanical Failure,Reallocate Backup Fleet & Deploy Mobile Mechanics,86.5,14800
2023-11-01,Ukwa East Mine,15.7,22.5,39.6,73.5,5,1500,5000,18500,FLEET_BREAKDOWN,Haul Truck & Shovel Mechanical Failure,Reallocate Backup Fleet & Deploy Mobile Mechanics,91.1,14800
2023-11-02,Balaghat Central Mine,9.3,30.5,34.5,86.4,4,1500,11957,3043,NORMAL,Optimal Mine Operations,Maintain Standard Production Schedule,96.2,3043
2023-11-02,Mansar West Mine,9.3,30.5,34.5,86.4,4,1500,15000,0,NORMAL,Optimal Mine Operations,Maintain Standard Production Schedule,92.8,0
2023-11-02,Dongri Buzurg Mine,9.3,30.5,34.5,86.4,4,1500,10353,4647,NORMAL,Optimal Mine Operations,Maintain Standard Production Schedule,88.4,4647
2023-11-02,Ukwa East Mine,9.3,30.5,34.5,86.4,4,1500,15000,0,NORMAL,Optimal Mine Operations,Maintain Standard Production Schedule,91.0,0
2023-11-03,Balaghat Central Mine,17.3,30.0,38.0,92.9,1,1500,15000,0,NORMAL,Optimal Mine Operations,Maintain Standard Production Schedule,91.5,0
2023-11-03,Mansar West Mine,17.3,30.0,38.0,92.9,1,1500,15000,0,NORMAL,Optimal Mine Operations,Maintain Standard Production Schedule,88.3,0
2023-11-03,Dongri Buzurg Mine,17.3,30.0,38.0,92.9,1,1500,13458,1542,NORMAL,Optimal Mine Operations,Maintain Standard Production Schedule,89.4,1542
2023-11-03,Ukwa East Mine,17.3,30.0,38.0,92.9,1,1500,15000,0,NORMAL,Optimal Mine Operations,Maintain Standard Production Schedule,97.1,0
2023-11-04,Balaghat Central Mine,15.6,22.0,22.2,92.8,1,1500,15000,0,NORMAL,Optimal Mine Operations,Maintain Standard Production Schedule,90.2,0
2023-11-04,Mansar West Mine,15.6,22.0,22.2,92.8,1,1500,15000,0,NORMAL,Optimal Mine Operations,Maintain Standard Production Schedule,94.8,0
2023-11-04,Dongri Buzurg Mine,15.6,22.0,22.2,92.8,1,1500,14345,655,NORMAL,Optimal Mine Operations,Maintain Standard Production Schedule,87.4,655
2023-11-04,Ukwa East Mine,15.6,22.0,22.2,92.8,1,1500,15000,0,NORMAL,Optimal Mine Operations,Maintain Standard Production Schedule,88.5,0
2023-11-05,Balaghat Central Mine,4.7,20.9,23.0,61.5,3,1500,5000,18500,FLEET_BREAKDOWN,Haul Truck & Shovel Mechanical Failure,Reallocate Backup Fleet & Deploy Mobile Mechanics,96.0,14800
2023-11-05,Mansar West Mine,4.7,20.9,23.0,61.5,3,1500,5000,18500,FLEET_BREAKDOWN,Haul Truck & Shovel Mechanical Failure,Reallocate Backup Fleet & Deploy Mobile Mechanics,93.6,14800
2023-11-05,Dongri Buzurg Mine,4.7,20.9,23.0,61.5,3,1500,5000,18500,FLEET_BREAKDOWN,Haul Truck & Shovel Mechanical Failure,Reallocate Backup Fleet & Deploy Mobile Mechanics,92.5,14800
2023-11-05,Ukwa East Mine,4.7,20.9,23.0,61.5,3,1500,5000,18500,FLEET_BREAKDOWN,Haul Truck & Shovel Mechanical Failure,Reallocate Backup Fleet & Deploy Mobile Mechanics,90.3,14800
2023-11-06,Balaghat Central Mine,19.8,26.5,39.2,64.3,1,1500,5000,18500,FLEET_BREAKDOWN,Haul Truck & Shovel Mechanical Failure,Reallocate Backup Fleet & Deploy Mobile Mechanics,86.9,14800
2023-11-06,Mansar West Mine,19.8,26.5,39.2,64.3,1,1500,5000,18500,FLEET_BREAKDOWN,Haul Truck & Shovel Mechanical Failure,Reallocate Backup Fleet & Deploy Mobile Mechanics,95.9,14800
2023-11-06,Dongri Buzurg Mine,19.8,26.5,39.2,64.3,1,1500,5000,18500,FLEET_BREAKDOWN,Haul Truck & Shovel Mechanical Failure,Reallocate Backup Fleet & Deploy Mobile Mechanics,88.5,14800
2023-11-06,Ukwa East Mine,19.8,26.5,39.2,64.3,1,1500,5000,18500,FLEET_BREAKDOWN,Haul Truck & Shovel Mechanical Failure,Reallocate Backup Fleet & Deploy Mobile Mechanics,96.9,14800
2023-11-07,Balaghat Central Mine,5.3,29.5,36.7,72.6,1,1500,5000,18500,FLEET_BREAKDOWN,Haul Truck & Shovel Mechanical Failure,Reallocate Backup Fleet & Deploy Mobile Mechanics,97.3,14800
2023-11-07,Mansar West Mine,5.3,29.5,36.7,72.6,1,1500,5000,18500,FLEET_BREAKDOWN,Haul Truck & Shovel Mechanical Failure,Reallocate Backup Fleet & Deploy Mobile Mechanics,89.7,14800
2023-11-07,Dongri Buzurg Mine,5.3,29.5,36.7,72.6,1,1500,5000,18500,FLEET_BREAKDOWN,Haul Truck & Shovel Mechanical Failure,Reallocate Backup Fleet & Deploy Mobile Mechanics,87.6,14800
2023-11-07,Ukwa East Mine,5.3,29.5,36.7,72.6,1,1500,5000,18500,FLEET_BREAKDOWN,Haul Truck & Shovel Mechanical Failure,Reallocate Backup Fleet & Deploy Mobile Mechanics,91.0,14800
2023-11-08,Balaghat Central Mine,18.8,23.0,18.0,84.3,2,1500,15000,0,NORMAL,Optimal Mine Operations,Maintain Standard Production Schedule,91.5,0
2023-11-08,Mansar West Mine,18.8,23.0,18.0,84.3,2,1500,10842,4158,NORMAL,Optimal Mine Operations,Maintain Standard Production Schedule,96.3,4158
2023-11-08,Dongri Buzurg Mine,18.8,23.0,18.0,84.3,2,1500,15000,0,NORMAL,Optimal Mine Operations,Maintain Standard Production Schedule,96.8,0
2023-11-08,Ukwa East Mine,18.8,23.0,18.0,84.3,2,1500,14825,175,NORMAL,Optimal Mine Operations,Maintain Standard Production Schedule,91.9,175
2023-11-09,Balaghat Central Mine,13.3,23.9,38.6,82.5,3,1500,7693,7307,NORMAL,Optimal Mine Operations,Maintain Standard Production Schedule,87.0,7307
2023-11-09,Mansar West Mine,13.3,23.9,38.6,82.5,3,1500,15000,0,NORMAL,Optimal Mine Operations,Maintain Standard Production Schedule,92.1,0
2023-11-09,Dongri Buzurg Mine,13.3,23.9,38.6,82.5,3,1500,15000,0,NORMAL,Optimal Mine Operations,Maintain Standard Production Schedule,92.7,0
2023-11-09,Ukwa East Mine,13.3,23.9,38.6,82.5,3,1500,15000,0,NORMAL,Optimal Mine Operations,Maintain Standard Production Schedule,90.2,0
2023-11-10,Balaghat Central Mine,18.2,21.2,16.8,73.4,1,1500,5000,18500,FLEET_BREAKDOWN,Haul Truck & Shovel Mechanical Failure,Reallocate Backup Fleet & Deploy Mobile Mechanics,97.9,14800
2023-11-10,Mansar West Mine,18.2,21.2,16.8,73.4,1,1500,5000,18500,FLEET_BREAKDOWN,Haul Truck & Shovel Mechanical Failure,Reallocate Backup Fleet & Deploy Mobile Mechanics,97.3,14800
2023-11-10,Dongri Buzurg Mine,18.2,21.2,16.8,73.4,1,1500,5000,18500,FLEET_BREAKDOWN,Haul Truck & Shovel Mechanical Failure,Reallocate Backup Fleet & Deploy Mobile Mechanics,94.0,14800
2023-11-10,Ukwa East Mine,18.2,21.2,16.8,73.4,1,1500,5000,18500,FLEET_BREAKDOWN,Haul Truck & Shovel Mechanical Failure,Reallocate Backup Fleet & Deploy Mobile Mechanics,91.7,14800
2023-11-11,Balaghat Central Mine,18.1,20.0,34.5,62.2,3,1500,5000,18500,FLEET_BREAKDOWN,Haul Truck & Shovel Mechanical Failure,Reallocate Backup Fleet & Deploy Mobile Mechanics,86.2,14800
2023-11-11,Mansar West Mine,18.1,20.0,34.5,62.2,3,1500,5000,18500,FLEET_BREAKDOWN,Haul Truck & Shovel Mechanical Failure,Reallocate Backup Fleet & Deploy Mobile Mechanics,96.6,14800
2023-11-11,Dongri Buzurg Mine,18.1,20.0,34.5,62.2,3,1500,5000,18500,FLEET_BREAKDOWN,Haul Truck & Shovel Mechanical Failure,Reallocate Backup Fleet & Deploy Mobile Mechanics,87.5,14800
2023-11-11,Ukwa East Mine,18.1,20.0,34.5,62.2,3,1500,5000,18500,FLEET_BREAKDOWN,Haul Truck & Shovel Mechanical Failure,Reallocate Backup Fleet & Deploy Mobile Mechanics,97.9,14800
2023-11-12,Balaghat Central Mine,7.3,20.1,42.1,66.1,1,1500,5000,18500,FLEET_BREAKDOWN,Haul Truck & Shovel Mechanical Failure,Reallocate Backup Fleet & Deploy Mobile Mechanics,93.1,14800
2023-11-12,Mansar West Mine,7.3,20.1,42.1,66.1,1,1500,5000,18500,FLEET_BREAKDOWN,Haul Truck & Shovel Mechanical Failure,Reallocate Backup Fleet & Deploy Mobile Mechanics,96.9,14800
2023-11-12,Dongri Buzurg Mine,7.3,20.1,42.1,66.1,1,1500,5000,18500,FLEET_BREAKDOWN,Haul Truck & Shovel Mechanical Failure,Reallocate Backup Fleet & Deploy Mobile Mechanics,85.2,14800
2023-11-12,Ukwa East Mine,7.3,20.1,42.1,66.1,1,1500,5000,18500,FLEET_BREAKDOWN,Haul Truck & Shovel Mechanical Failure,Reallocate Backup Fleet & Deploy Mobile Mechanics,89.6,14800
2023-11-13,Balaghat Central Mine,17.2,28.6,44.5,68.2,5,1500,5000,18500,FLEET_BREAKDOWN,Haul Truck & Shovel Mechanical Failure,Reallocate Backup Fleet & Deploy Mobile Mechanics,87.6,14800
2023-11-13,Mansar West Mine,17.2,28.6,44.5,68.2,5,1500,5000,18500,FLEET_BREAKDOWN,Haul Truck & Shovel Mechanical Failure,Reallocate Backup Fleet & Deploy Mobile Mechanics,89.2,14800
2023-11-13,Dongri Buzurg Mine,17.2,28.6,44.5,68.2,5,1500,5000,18500,FLEET_BREAKDOWN,Haul Truck & Shovel Mechanical Failure,Reallocate Backup Fleet & Deploy Mobile Mechanics,88.2,14800
2023-11-13,Ukwa East Mine,17.2,28.6,44.5,68.2,5,1500,5000,18500,FLEET_BREAKDOWN,Haul Truck & Shovel Mechanical Failure,Reallocate Backup Fleet & Deploy Mobile Mechanics,94.0,14800
2023-11-14,Balaghat Central Mine,14.9,29.0,33.4,58.7,1,1500,5000,18500,FLEET_BREAKDOWN,Haul Truck & Shovel Mechanical Failure,Reallocate Backup Fleet & Deploy Mobile Mechanics,88.5,14800
2023-11-14,Mansar West Mine,14.9,29.0,33.4,58.7,1,1500,5000,18500,FLEET_BREAKDOWN,Haul Truck & Shovel Mechanical Failure,Reallocate Backup Fleet & Deploy Mobile Mechanics,87.0,14800
2023-11-14,Dongri Buzurg Mine,14.9,29.0,33.4,58.7,1,1500,5000,18500,FLEET_BREAKDOWN,Haul Truck & Shovel Mechanical Failure,Reallocate Backup Fleet & Deploy Mobile Mechanics,97.8,14800
2023-11-14,Ukwa East Mine,14.9,29.0,33.4,58.7,1,1500,5000,18500,FLEET_BREAKDOWN,Haul Truck & Shovel Mechanical Failure,Reallocate Backup Fleet & Deploy Mobile Mechanics,89.9,14800
2023-11-15,Balaghat Central Mine,15.2,29.7,20.4,87.4,4,1500,14859,141,NORMAL,Optimal Mine Operations,Maintain Standard Production Schedule,96.1,141
2023-11-15,Mansar West Mine,15.2,29.7,20.4,87.4,4,1500,15000,0,NORMAL,Optimal Mine Operations,Maintain Standard Production Schedule,85.3,0
2023-11-15,Dongri Buzurg Mine,15.2,29.7,20.4,87.4,4,1500,15000,0,NORMAL,Optimal Mine Operations,Maintain Standard Production Schedule,94.1,0
2023-11-15,Ukwa East Mine,15.2,29.7,20.4,87.4,4,1500,15000,0,NORMAL,Optimal Mine Operations,Maintain Standard Production Schedule,87.9,0
2023-11-16,Balaghat Central Mine,1.8,27.7,30.6,80.1,4,1500,15000,0,NORMAL,Optimal Mine Operations,Maintain Standard Production Schedule,97.8,0
2023-11-16,Mansar West Mine,1.8,27.7,30.6,80.1,4,1500,12029,2971,NORMAL,Optimal Mine Operations,Maintain Standard Production Schedule,96.4,2971
2023-11-16,Dongri Buzurg Mine,1.8,27.7,30.6,80.1,4,1500,13193,1807,NORMAL,Optimal Mine Operations,Maintain Standard Production Schedule,97.2,1807
2023-11-16,Ukwa East Mine,1.8,27.7,30.6,80.1,4,1500,14137,863,NORMAL,Optimal Mine Operations,Maintain Standard Production Schedule,92.7,863
2023-11-17,Balaghat Central Mine,2.8,22.5,39.6,93.1,5,1500,11038,3962,NORMAL,Optimal Mine Operations,Maintain Standard Production Schedule,88.8,3962
2023-11-17,Mansar West Mine,2.8,22.5,39.6,93.1,5,1500,13123,1877,NORMAL,Optimal Mine Operations,Maintain Standard Production Schedule,97.4,1877
2023-11-17,Dongri Buzurg Mine,2.8,22.5,39.6,93.1,5,1500,15000,0,NORMAL,Optimal Mine Operations,Maintain Standard Production Schedule,95.3,0
2023-11-17,Ukwa East Mine,2.8,22.5,39.6,93.1,5,1500,10962,4038,NORMAL,Optimal Mine Operations,Maintain Standard Production Schedule,86.3,4038
2023-11-18,Balaghat Central Mine,2.4,29.8,22.8,59.1,2,1500,5000,18500,FLEET_BREAKDOWN,Haul Truck & Shovel Mechanical Failure,Reallocate Backup Fleet & Deploy Mobile Mechanics,91.2,14800
2023-11-18,Mansar West Mine,2.4,29.8,22.8,59.1,2,1500,5000,18500,FLEET_BREAKDOWN,Haul Truck & Shovel Mechanical Failure,Reallocate Backup Fleet & Deploy Mobile Mechanics,90.3,14800
2023-11-18,Dongri Buzurg Mine,2.4,29.8,22.8,59.1,2,1500,5000,18500,FLEET_BREAKDOWN,Haul Truck & Shovel Mechanical Failure,Reallocate Backup Fleet & Deploy Mobile Mechanics,89.0,14800
2023-11-18,Ukwa East Mine,2.4,29.8,22.8,59.1,2,1500,5000,18500,FLEET_BREAKDOWN,Haul Truck & Shovel Mechanical Failure,Reallocate Backup Fleet & Deploy Mobile Mechanics,94.7,14800
2023-11-19,Balaghat Central Mine,6.4,21.7,35.0,82.9,5,1500,15000,0,NORMAL,Optimal Mine Operations,Maintain Standard Production Schedule,85.4,0
2023-11-19,Mansar West Mine,6.4,21.7,35.0,82.9,5,1500,14262,738,NORMAL,Optimal Mine Operations,Maintain Standard Production Schedule,85.4,738
2023-11-19,Dongri Buzurg Mine,6.4,21.7,35.0,82.9,5,1500,15000,0,NORMAL,Optimal Mine Operations,Maintain Standard Production Schedule,90.8,0
2023-11-19,Ukwa East Mine,6.4,21.7,35.0,82.9,5,1500,15000,0,NORMAL,Optimal Mine Operations,Maintain Standard Production Schedule,92.9,0
2023-11-20,Balaghat Central Mine,3.2,21.6,16.8,59.6,3,1500,5000,18500,FLEET_BREAKDOWN,Haul Truck & Shovel Mechanical Failure,Reallocate Backup Fleet & Deploy Mobile Mechanics,93.1,14800
2023-11-20,Mansar West Mine,3.2,21.6,16.8,59.6,3,1500,5000,18500,FLEET_BREAKDOWN,Haul Truck & Shovel Mechanical Failure,Reallocate Backup Fleet & Deploy Mobile Mechanics,85.2,14800
2023-11-20,Dongri Buzurg Mine,3.2,21.6,16.8,59.6,3,1500,5000,18500,FLEET_BREAKDOWN,Haul Truck & Shovel Mechanical Failure,Reallocate Backup Fleet & Deploy Mobile Mechanics,91.2,14800
2023-11-20,Ukwa East Mine,3.2,21.6,16.8,59.6,3,1500,5000,18500,FLEET_BREAKDOWN,Haul Truck & Shovel Mechanical Failure,Reallocate Backup Fleet & Deploy Mobile Mechanics,89.2,14800
2023-11-21,Balaghat Central Mine,18.6,28.6,31.3,97.0,2,1500,15000,0,NORMAL,Optimal Mine Operations,Maintain Standard Production Schedule,95.1,0
2023-11-21,Mansar West Mine,18.6,28.6,31.3,97.0,2,1500,15000,0,NORMAL,Optimal Mine Operations,Maintain Standard Production Schedule,88.8,0
2023-11-21,Dongri Buzurg Mine,18.6,28.6,31.3,97.0,2,1500,12892,2108,NORMAL,Optimal Mine Operations,Maintain Standard Production Schedule,89.9,2108
2023-11-21,Ukwa East Mine,18.6,28.6,31.3,97.0,2,1500,15000,0,NORMAL,Optimal Mine Operations,Maintain Standard Production Schedule,86.8,0
2023-11-22,Balaghat Central Mine,8.7,22.2,20.9,75.7,5,1500,7601,7399,NORMAL,Optimal Mine Operations,Maintain Standard Production Schedule,95.2,7399
2023-11-22,Mansar West Mine,8.7,22.2,20.9,75.7,5,1500,14298,702,NORMAL,Optimal Mine Operations,Maintain Standard Production Schedule,96.7,702
2023-11-22,Dongri Buzurg Mine,8.7,22.2,20.9,75.7,5,1500,15000,0,NORMAL,Optimal Mine Operations,Maintain Standard Production Schedule,90.6,0
2023-11-22,Ukwa East Mine,8.7,22.2,20.9,75.7,5,1500,15000,0,NORMAL,Optimal Mine Operations,Maintain Standard Production Schedule,95.2,0
2023-11-23,Balaghat Central Mine,7.8,22.9,21.3,56.8,5,1500,5000,18500,FLEET_BREAKDOWN,Haul Truck & Shovel Mechanical Failure,Reallocate Backup Fleet & Deploy Mobile Mechanics,90.2,14800
2023-11-23,Mansar West Mine,7.8,22.9,21.3,56.8,5,1500,5000,18500,FLEET_BREAKDOWN,Haul Truck & Shovel Mechanical Failure,Reallocate Backup Fleet & Deploy Mobile Mechanics,85.6,14800
2023-11-23,Dongri Buzurg Mine,7.8,22.9,21.3,56.8,5,1500,5000,18500,FLEET_BREAKDOWN,Haul Truck & Shovel Mechanical Failure,Reallocate Backup Fleet & Deploy Mobile Mechanics,97.4,14800
2023-11-23,Ukwa East Mine,7.8,22.9,21.3,56.8,5,1500,5000,18500,FLEET_BREAKDOWN,Haul Truck & Shovel Mechanical Failure,Reallocate Backup Fleet & Deploy Mobile Mechanics,97.8,14800
2023-11-24,Balaghat Central Mine,2.1,30.4,42.1,74.0,4,1500,5000,18500,FLEET_BREAKDOWN,Haul Truck & Shovel Mechanical Failure,Reallocate Backup Fleet & Deploy Mobile Mechanics,93.5,14800
2023-11-24,Mansar West Mine,2.1,30.4,42.1,74.0,4,1500,5000,18500,FLEET_BREAKDOWN,Haul Truck & Shovel Mechanical Failure,Reallocate Backup Fleet & Deploy Mobile Mechanics,88.0,14800
2023-11-24,Dongri Buzurg Mine,2.1,30.4,42.1,74.0,4,1500,5000,18500,FLEET_BREAKDOWN,Haul Truck & Shovel Mechanical Failure,Reallocate Backup Fleet & Deploy Mobile Mechanics,97.5,14800
2023-11-24,Ukwa East Mine,2.1,30.4,42.1,74.0,4,1500,5000,18500,FLEET_BREAKDOWN,Haul Truck & Shovel Mechanical Failure,Reallocate Backup Fleet & Deploy Mobile Mechanics,95.7,14800
2023-11-25,Balaghat Central Mine,7.2,31.9,41.3,61.1,2,1500,5000,18500,FLEET_BREAKDOWN,Haul Truck & Shovel Mechanical Failure,Reallocate Backup Fleet & Deploy Mobile Mechanics,90.9,14800
2023-11-25,Mansar West Mine,7.2,31.9,41.3,61.1,2,1500,5000,18500,FLEET_BREAKDOWN,Haul Truck & Shovel Mechanical Failure,Reallocate Backup Fleet & Deploy Mobile Mechanics,86.8,14800
2023-11-25,Dongri Buzurg Mine,7.2,31.9,41.3,61.1,2,1500,5000,18500,FLEET_BREAKDOWN,Haul Truck & Shovel Mechanical Failure,Reallocate Backup Fleet & Deploy Mobile Mechanics,88.3,14800
2023-11-25,Ukwa East Mine,7.2,31.9,41.3,61.1,2,1500,5000,18500,FLEET_BREAKDOWN,Haul Truck & Shovel Mechanical Failure,Reallocate Backup Fleet & Deploy Mobile Mechanics,88.8,14800
2023-11-26,Balaghat Central Mine,7.1,26.7,31.2,64.8,4,1500,5000,18500,FLEET_BREAKDOWN,Haul Truck & Shovel Mechanical Failure,Reallocate Backup Fleet & Deploy Mobile Mechanics,85.9,14800
2023-11-26,Mansar West Mine,7.1,26.7,31.2,64.8,4,1500,5000,18500,FLEET_BREAKDOWN,Haul Truck & Shovel Mechanical Failure,Reallocate Backup Fleet & Deploy Mobile Mechanics,92.7,14800
2023-11-26,Dongri Buzurg Mine,7.1,26.7,31.2,64.8,4,1500,5000,18500,FLEET_BREAKDOWN,Haul Truck & Shovel Mechanical Failure,Reallocate Backup Fleet & Deploy Mobile Mechanics,90.8,14800
2023-11-26,Ukwa East Mine,7.1,26.7,31.2,64.8,4,1500,5000,18500,FLEET_BREAKDOWN,Haul Truck & Shovel Mechanical Failure,Reallocate Backup Fleet & Deploy Mobile Mechanics,94.2,14800
2023-11-27,Balaghat Central Mine,10.7,27.4,29.8,60.2,4,1500,5000,18500,FLEET_BREAKDOWN,Haul Truck & Shovel Mechanical Failure,Reallocate Backup Fleet & Deploy Mobile Mechanics,97.5,14800
2023-11-27,Mansar West Mine,10.7,27.4,29.8,60.2,4,1500,5000,18500,FLEET_BREAKDOWN,Haul Truck & Shovel Mechanical Failure,Reallocate Backup Fleet & Deploy Mobile Mechanics,92.8,14800
2023-11-27,Dongri Buzurg Mine,10.7,27.4,29.8,60.2,4,1500,5000,18500,FLEET_BREAKDOWN,Haul Truck & Shovel Mechanical Failure,Reallocate Backup Fleet & Deploy Mobile Mechanics,96.0,14800
2023-11-27,Ukwa East Mine,10.7,27.4,29.8,60.2,4,1500,5000,18500,FLEET_BREAKDOWN,Haul Truck & Shovel Mechanical Failure,Reallocate Backup Fleet & Deploy Mobile Mechanics,89.2,14800
2023-11-28,Balaghat Central Mine,17.2,30.0,22.4,93.4,3,1500,12771,2229,NORMAL,Optimal Mine Operations,Maintain Standard Production Schedule,89.1,2229
2023-11-28,Mansar West Mine,17.2,30.0,22.4,93.4,3,1500,10565,4435,NORMAL,Optimal Mine Operations,Maintain Standard Production Schedule,97.5,4435
2023-11-28,Dongri Buzurg Mine,17.2,30.0,22.4,93.4,3,1500,15000,0,NORMAL,Optimal Mine Operations,Maintain Standard Production Schedule,95.0,0
2023-11-28,Ukwa East Mine,17.2,30.0,22.4,93.4,3,1500,9283,5717,NORMAL,Optimal Mine Operations,Maintain Standard Production Schedule,89.1,5717
2023-11-29,Balaghat Central Mine,15.8,21.1,19.6,60.7,5,1500,5000,18500,FLEET_BREAKDOWN,Haul Truck & Shovel Mechanical Failure,Reallocate Backup Fleet & Deploy Mobile Mechanics,95.0,14800
2023-11-29,Mansar West Mine,15.8,21.1,19.6,60.7,5,1500,5000,18500,FLEET_BREAKDOWN,Haul Truck & Shovel Mechanical Failure,Reallocate Backup Fleet & Deploy Mobile Mechanics,86.6,14800
2023-11-29,Dongri Buzurg Mine,15.8,21.1,19.6,60.7,5,1500,5000,18500,FLEET_BREAKDOWN,Haul Truck & Shovel Mechanical Failure,Reallocate Backup Fleet & Deploy Mobile Mechanics,95.5,14800
2023-11-29,Ukwa East Mine,15.8,21.1,19.6,60.7,5,1500,5000,18500,FLEET_BREAKDOWN,Haul Truck & Shovel Mechanical Failure,Reallocate Backup Fleet & Deploy Mobile Mechanics,85.8,14800
2023-11-30,Balaghat Central Mine,2.6,28.9,28.8,93.4,4,1500,9830,5170,NORMAL,Optimal Mine Operations,Maintain Standard Production Schedule,97.4,5170
2023-11-30,Mansar West Mine,2.6,28.9,28.8,93.4,4,1500,10495,4505,NORMAL,Optimal Mine Operations,Maintain Standard Production Schedule,95.5,4505
2023-11-30,Dongri Buzurg Mine,2.6,28.9,28.8,93.4,4,1500,11765,3235,NORMAL,Optimal Mine Operations,Maintain Standard Production Schedule,91.7,3235
2023-11-30,Ukwa East Mine,2.6,28.9,28.8,93.4,4,1500,14286,714,NORMAL,Optimal Mine Operations,Maintain Standard Production Schedule,92.2,714
2023-12-01,Balaghat Central Mine,11.3,28.9,38.5,59.4,2,1500,5000,18500,FLEET_BREAKDOWN,Haul Truck & Shovel Mechanical Failure,Reallocate Backup Fleet & Deploy Mobile Mechanics,97.9,14800
2023-12-01,Mansar West Mine,11.3,28.9,38.5,59.4,2,1500,5000,18500,FLEET_BREAKDOWN,Haul Truck & Shovel Mechanical Failure,Reallocate Backup Fleet & Deploy Mobile Mechanics,92.4,14800
2023-12-01,Dongri Buzurg Mine,11.3,28.9,38.5,59.4,2,1500,5000,18500,FLEET_BREAKDOWN,Haul Truck & Shovel Mechanical Failure,Reallocate Backup Fleet & Deploy Mobile Mechanics,91.4,14800
2023-12-01,Ukwa East Mine,11.3,28.9,38.5,59.4,2,1500,5000,18500,FLEET_BREAKDOWN,Haul Truck & Shovel Mechanical Failure,Reallocate Backup Fleet & Deploy Mobile Mechanics,85.4,14800
2023-12-02,Balaghat Central Mine,8.0,21.0,18.8,59.0,3,1500,5000,18500,FLEET_BREAKDOWN,Haul Truck & Shovel Mechanical Failure,Reallocate Backup Fleet & Deploy Mobile Mechanics,97.3,14800
2023-12-02,Mansar West Mine,8.0,21.0,18.8,59.0,3,1500,5000,18500,FLEET_BREAKDOWN,Haul Truck & Shovel Mechanical Failure,Reallocate Backup Fleet & Deploy Mobile Mechanics,85.4,14800
2023-12-02,Dongri Buzurg Mine,8.0,21.0,18.8,59.0,3,1500,5000,18500,FLEET_BREAKDOWN,Haul Truck & Shovel Mechanical Failure,Reallocate Backup Fleet & Deploy Mobile Mechanics,93.3,14800
2023-12-02,Ukwa East Mine,8.0,21.0,18.8,59.0,3,1500,5000,18500,FLEET_BREAKDOWN,Haul Truck & Shovel Mechanical Failure,Reallocate Backup Fleet & Deploy Mobile Mechanics,87.3,14800
2023-12-03,Balaghat Central Mine,19.3,31.3,34.3,61.8,1,1500,5000,18500,FLEET_BREAKDOWN,Haul Truck & Shovel Mechanical Failure,Reallocate Backup Fleet & Deploy Mobile Mechanics,97.1,14800
2023-12-03,Mansar West Mine,19.3,31.3,34.3,61.8,1,1500,5000,18500,FLEET_BREAKDOWN,Haul Truck & Shovel Mechanical Failure,Reallocate Backup Fleet & Deploy Mobile Mechanics,93.8,14800
2023-12-03,Dongri Buzurg Mine,19.3,31.3,34.3,61.8,1,1500,5000,18500,FLEET_BREAKDOWN,Haul Truck & Shovel Mechanical Failure,Reallocate Backup Fleet & Deploy Mobile Mechanics,88.8,14800
2023-12-03,Ukwa East Mine,19.3,31.3,34.3,61.8,1,1500,5000,18500,FLEET_BREAKDOWN,Haul Truck & Shovel Mechanical Failure,Reallocate Backup Fleet & Deploy Mobile Mechanics,95.1,14800
2023-12-04,Balaghat Central Mine,19.3,22.0,26.1,71.3,4,1500,5000,18500,FLEET_BREAKDOWN,Haul Truck & Shovel Mechanical Failure,Reallocate Backup Fleet & Deploy Mobile Mechanics,86.2,14800
2023-12-04,Mansar West Mine,19.3,22.0,26.1,71.3,4,1500,5000,18500,FLEET_BREAKDOWN,Haul Truck & Shovel Mechanical Failure,Reallocate Backup Fleet & Deploy Mobile Mechanics,88.8,14800
2023-12-04,Dongri Buzurg Mine,19.3,22.0,26.1,71.3,4,1500,5000,18500,FLEET_BREAKDOWN,Haul Truck & Shovel Mechanical Failure,Reallocate Backup Fleet & Deploy Mobile Mechanics,86.0,14800
2023-12-04,Ukwa East Mine,19.3,22.0,26.1,71.3,4,1500,5000,18500,FLEET_BREAKDOWN,Haul Truck & Shovel Mechanical Failure,Reallocate Backup Fleet & Deploy Mobile Mechanics,94.4,14800
2023-12-05,Balaghat Central Mine,0.5,30.2,29.7,57.3,4,1500,5000,18500,FLEET_BREAKDOWN,Haul Truck & Shovel Mechanical Failure,Reallocate Backup Fleet & Deploy Mobile Mechanics,89.9,14800
2023-12-05,Mansar West Mine,0.5,30.2,29.7,57.3,4,1500,5000,18500,FLEET_BREAKDOWN,Haul Truck & Shovel Mechanical Failure,Reallocate Backup Fleet & Deploy Mobile Mechanics,93.9,14800
2023-12-05,Dongri Buzurg Mine,0.5,30.2,29.7,57.3,4,1500,5000,18500,FLEET_BREAKDOWN,Haul Truck & Shovel Mechanical Failure,Reallocate Backup Fleet & Deploy Mobile Mechanics,90.9,14800
2023-12-05,Ukwa East Mine,0.5,30.2,29.7,57.3,4,1500,5000,18500,FLEET_BREAKDOWN,Haul Truck & Shovel Mechanical Failure,Reallocate Backup Fleet & Deploy Mobile Mechanics,86.6,14800
2023-12-06,Balaghat Central Mine,9.7,22.4,40.9,58.1,1,1500,5000,18500,FLEET_BREAKDOWN,Haul Truck & Shovel Mechanical Failure,Reallocate Backup Fleet & Deploy Mobile Mechanics,92.9,14800
2023-12-06,Mansar West Mine,9.7,22.4,40.9,58.1,1,1500,5000,18500,FLEET_BREAKDOWN,Haul Truck & Shovel Mechanical Failure,Reallocate Backup Fleet & Deploy Mobile Mechanics,87.8,14800
2023-12-06,Dongri Buzurg Mine,9.7,22.4,40.9,58.1,1,1500,5000,18500,FLEET_BREAKDOWN,Haul Truck & Shovel Mechanical Failure,Reallocate Backup Fleet & Deploy Mobile Mechanics,92.3,14800
2023-12-06,Ukwa East Mine,9.7,22.4,40.9,58.1,1,1500,5000,18500,FLEET_BREAKDOWN,Haul Truck & Shovel Mechanical Failure,Reallocate Backup Fleet & Deploy Mobile Mechanics,88.4,14800
2023-12-07,Balaghat Central Mine,2.9,28.9,22.5,55.5,2,1500,5000,18500,FLEET_BREAKDOWN,Haul Truck & Shovel Mechanical Failure,Reallocate Backup Fleet & Deploy Mobile Mechanics,92.0,14800
2023-12-07,Mansar West Mine,2.9,28.9,22.5,55.5,2,1500,5000,18500,FLEET_BREAKDOWN,Haul Truck & Shovel Mechanical Failure,Reallocate Backup Fleet & Deploy Mobile Mechanics,94.9,14800
2023-12-07,Dongri Buzurg Mine,2.9,28.9,22.5,55.5,2,1500,5000,18500,FLEET_BREAKDOWN,Haul Truck & Shovel Mechanical Failure,Reallocate Backup Fleet & Deploy Mobile Mechanics,93.4,14800
2023-12-07,Ukwa East Mine,2.9,28.9,22.5,55.5,2,1500,5000,18500,FLEET_BREAKDOWN,Haul Truck & Shovel Mechanical Failure,Reallocate Backup Fleet & Deploy Mobile Mechanics,92.8,14800
2023-12-08,Balaghat Central Mine,2.7,31.1,44.6,66.6,4,1500,5000,18500,FLEET_BREAKDOWN,Haul Truck & Shovel Mechanical Failure,Reallocate Backup Fleet & Deploy Mobile Mechanics,86.4,14800
2023-12-08,Mansar West Mine,2.7,31.1,44.6,66.6,4,1500,5000,18500,FLEET_BREAKDOWN,Haul Truck & Shovel Mechanical Failure,Reallocate Backup Fleet & Deploy Mobile Mechanics,90.8,14800
2023-12-08,Dongri Buzurg Mine,2.7,31.1,44.6,66.6,4,1500,5000,18500,FLEET_BREAKDOWN,Haul Truck & Shovel Mechanical Failure,Reallocate Backup Fleet & Deploy Mobile Mechanics,96.4,14800
2023-12-08,Ukwa East Mine,2.7,31.1,44.6,66.6,4,1500,5000,18500,FLEET_BREAKDOWN,Haul Truck & Shovel Mechanical Failure,Reallocate Backup Fleet & Deploy Mobile Mechanics,93.0,14800
2023-12-09,Balaghat Central Mine,10.6,24.3,28.0,74.5,5,1500,5000,18500,FLEET_BREAKDOWN,Haul Truck & Shovel Mechanical Failure,Reallocate Backup Fleet & Deploy Mobile Mechanics,86.4,14800
2023-12-09,Mansar West Mine,10.6,24.3,28.0,74.5,5,1500,5000,18500,FLEET_BREAKDOWN,Haul Truck & Shovel Mechanical Failure,Reallocate Backup Fleet & Deploy Mobile Mechanics,87.5,14800
2023-12-09,Dongri Buzurg Mine,10.6,24.3,28.0,74.5,5,1500,5000,18500,FLEET_BREAKDOWN,Haul Truck & Shovel Mechanical Failure,Reallocate Backup Fleet & Deploy Mobile Mechanics,89.9,14800
2023-12-09,Ukwa East Mine,10.6,24.3,28.0,74.5,5,1500,5000,18500,FLEET_BREAKDOWN,Haul Truck & Shovel Mechanical Failure,Reallocate Backup Fleet & Deploy Mobile Mechanics,93.5,14800
2023-12-10,Balaghat Central Mine,16.1,20.9,18.9,93.0,3,1500,15000,0,NORMAL,Optimal Mine Operations,Maintain Standard Production Schedule,90.3,0
2023-12-10,Mansar West Mine,16.1,20.9,18.9,93.0,3,1500,11311,3689,NORMAL,Optimal Mine Operations,Maintain Standard Production Schedule,93.2,3689
2023-12-10,Dongri Buzurg Mine,16.1,20.9,18.9,93.0,3,1500,11947,3053,NORMAL,Optimal Mine Operations,Maintain Standard Production Schedule,97.5,3053
2023-12-10,Ukwa East Mine,16.1,20.9,18.9,93.0,3,1500,15000,0,NORMAL,Optimal Mine Operations,Maintain Standard Production Schedule,92.2,0
2023-12-11,Balaghat Central Mine,5.8,28.6,25.3,88.1,3,1500,13765,1235,NORMAL,Optimal Mine Operations,Maintain Standard Production Schedule,94.0,1235
2023-12-11,Mansar West Mine,5.8,28.6,25.3,88.1,3,1500,15000,0,NORMAL,Optimal Mine Operations,Maintain Standard Production Schedule,87.7,0
2023-12-11,Dongri Buzurg Mine,5.8,28.6,25.3,88.1,3,1500,11670,3330,NORMAL,Optimal Mine Operations,Maintain Standard Production Schedule,95.7,3330
2023-12-11,Ukwa East Mine,5.8,28.6,25.3,88.1,3,1500,15000,0,NORMAL,Optimal Mine Operations,Maintain Standard Production Schedule,91.5,0
2023-12-12,Balaghat Central Mine,6.9,20.1,19.7,72.5,1,1500,5000,18500,FLEET_BREAKDOWN,Haul Truck & Shovel Mechanical Failure,Reallocate Backup Fleet & Deploy Mobile Mechanics,86.0,14800
2023-12-12,Mansar West Mine,6.9,20.1,19.7,72.5,1,1500,5000,18500,FLEET_BREAKDOWN,Haul Truck & Shovel Mechanical Failure,Reallocate Backup Fleet & Deploy Mobile Mechanics,88.4,14800
2023-12-12,Dongri Buzurg Mine,6.9,20.1,19.7,72.5,1,1500,5000,18500,FLEET_BREAKDOWN,Haul Truck & Shovel Mechanical Failure,Reallocate Backup Fleet & Deploy Mobile Mechanics,86.5,14800
2023-12-12,Ukwa East Mine,6.9,20.1,19.7,72.5,1,1500,5000,18500,FLEET_BREAKDOWN,Haul Truck & Shovel Mechanical Failure,Reallocate Backup Fleet & Deploy Mobile Mechanics,94.6,14800
2023-12-13,Balaghat Central Mine,16.6,30.8,30.0,58.9,4,1500,5000,18500,FLEET_BREAKDOWN,Haul Truck & Shovel Mechanical Failure,Reallocate Backup Fleet & Deploy Mobile Mechanics,97.8,14800
2023-12-13,Mansar West Mine,16.6,30.8,30.0,58.9,4,1500,5000,18500,FLEET_BREAKDOWN,Haul Truck & Shovel Mechanical Failure,Reallocate Backup Fleet & Deploy Mobile Mechanics,92.3,14800
2023-12-13,Dongri Buzurg Mine,16.6,30.8,30.0,58.9,4,1500,5000,18500,FLEET_BREAKDOWN,Haul Truck & Shovel Mechanical Failure,Reallocate Backup Fleet & Deploy Mobile Mechanics,96.7,14800
2023-12-13,Ukwa East Mine,16.6,30.8,30.0,58.9,4,1500,5000,18500,FLEET_BREAKDOWN,Haul Truck & Shovel Mechanical Failure,Reallocate Backup Fleet & Deploy Mobile Mechanics,88.8,14800
2023-12-14,Balaghat Central Mine,11.4,21.0,22.2,68.6,2,1500,5000,18500,FLEET_BREAKDOWN,Haul Truck & Shovel Mechanical Failure,Reallocate Backup Fleet & Deploy Mobile Mechanics,95.1,14800
2023-12-14,Mansar West Mine,11.4,21.0,22.2,68.6,2,1500,5000,18500,FLEET_BREAKDOWN,Haul Truck & Shovel Mechanical Failure,Reallocate Backup Fleet & Deploy Mobile Mechanics,88.9,14800
2023-12-14,Dongri Buzurg Mine,11.4,21.0,22.2,68.6,2,1500,5000,18500,FLEET_BREAKDOWN,Haul Truck & Shovel Mechanical Failure,Reallocate Backup Fleet & Deploy Mobile Mechanics,93.9,14800
2023-12-14,Ukwa East Mine,11.4,21.0,22.2,68.6,2,1500,5000,18500,FLEET_BREAKDOWN,Haul Truck & Shovel Mechanical Failure,Reallocate Backup Fleet & Deploy Mobile Mechanics,95.1,14800
2023-12-15,Balaghat Central Mine,11.3,29.3,21.9,85.7,1,1500,15000,0,NORMAL,Optimal Mine Operations,Maintain Standard Production Schedule,85.3,0
2023-12-15,Mansar West Mine,11.3,29.3,21.9,85.7,1,1500,15000,0,NORMAL,Optimal Mine Operations,Maintain Standard Production Schedule,93.4,0
2023-12-15,Dongri Buzurg Mine,11.3,29.3,21.9,85.7,1,1500,12496,2504,NORMAL,Optimal Mine Operations,Maintain Standard Production Schedule,85.7,2504
2023-12-15,Ukwa East Mine,11.3,29.3,21.9,85.7,1,1500,15000,0,NORMAL,Optimal Mine Operations,Maintain Standard Production Schedule,88.7,0
2023-12-16,Balaghat Central Mine,5.0,24.6,38.2,72.1,1,1500,5000,18500,FLEET_BREAKDOWN,Haul Truck & Shovel Mechanical Failure,Reallocate Backup Fleet & Deploy Mobile Mechanics,87.1,14800
2023-12-16,Mansar West Mine,5.0,24.6,38.2,72.1,1,1500,5000,18500,FLEET_BREAKDOWN,Haul Truck & Shovel Mechanical Failure,Reallocate Backup Fleet & Deploy Mobile Mechanics,93.2,14800
2023-12-16,Dongri Buzurg Mine,5.0,24.6,38.2,72.1,1,1500,5000,18500,FLEET_BREAKDOWN,Haul Truck & Shovel Mechanical Failure,Reallocate Backup Fleet & Deploy Mobile Mechanics,97.7,14800
2023-12-16,Ukwa East Mine,5.0,24.6,38.2,72.1,1,1500,5000,18500,FLEET_BREAKDOWN,Haul Truck & Shovel Mechanical Failure,Reallocate Backup Fleet & Deploy Mobile Mechanics,88.0,14800
2023-12-17,Balaghat Central Mine,16.2,28.4,17.4,70.1,5,1500,5000,18500,FLEET_BREAKDOWN,Haul Truck & Shovel Mechanical Failure,Reallocate Backup Fleet & Deploy Mobile Mechanics,85.5,14800
2023-12-17,Mansar West Mine,16.2,28.4,17.4,70.1,5,1500,5000,18500,FLEET_BREAKDOWN,Haul Truck & Shovel Mechanical Failure,Reallocate Backup Fleet & Deploy Mobile Mechanics,95.4,14800
2023-12-17,Dongri Buzurg Mine,16.2,28.4,17.4,70.1,5,1500,5000,18500,FLEET_BREAKDOWN,Haul Truck & Shovel Mechanical Failure,Reallocate Backup Fleet & Deploy Mobile Mechanics,86.7,14800
2023-12-17,Ukwa East Mine,16.2,28.4,17.4,70.1,5,1500,5000,18500,FLEET_BREAKDOWN,Haul Truck & Shovel Mechanical Failure,Reallocate Backup Fleet & Deploy Mobile Mechanics,88.5,14800
2023-12-18,Balaghat Central Mine,0.4,20.0,21.5,85.3,5,1500,11312,3688,NORMAL,Optimal Mine Operations,Maintain Standard Production Schedule,90.5,3688
2023-12-18,Mansar West Mine,0.4,20.0,21.5,85.3,5,1500,15000,0,NORMAL,Optimal Mine Operations,Maintain Standard Production Schedule,96.0,0
2023-12-18,Dongri Buzurg Mine,0.4,20.0,21.5,85.3,5,1500,13792,1208,NORMAL,Optimal Mine Operations,Maintain Standard Production Schedule,89.3,1208
2023-12-18,Ukwa East Mine,0.4,20.0,21.5,85.3,5,1500,15000,0,NORMAL,Optimal Mine Operations,Maintain Standard Production Schedule,95.1,0
2023-12-19,Balaghat Central Mine,18.8,22.6,17.7,92.4,2,1500,15000,0,NORMAL,Optimal Mine Operations,Maintain Standard Production Schedule,87.6,0
2023-12-19,Mansar West Mine,18.8,22.6,17.7,92.4,2,1500,15000,0,NORMAL,Optimal Mine Operations,Maintain Standard Production Schedule,94.0,0
2023-12-19,Dongri Buzurg Mine,18.8,22.6,17.7,92.4,2,1500,10383,4617,NORMAL,Optimal Mine Operations,Maintain Standard Production Schedule,92.5,4617
2023-12-19,Ukwa East Mine,18.8,22.6,17.7,92.4,2,1500,15000,0,NORMAL,Optimal Mine Operations,Maintain Standard Production Schedule,94.8,0
2023-12-20,Balaghat Central Mine,9.5,28.7,32.8,77.4,2,1500,13739,1261,NORMAL,Optimal Mine Operations,Maintain Standard Production Schedule,89.6,1261
2023-12-20,Mansar West Mine,9.5,28.7,32.8,77.4,2,1500,7756,7244,NORMAL,Optimal Mine Operations,Maintain Standard Production Schedule,94.6,7244
2023-12-20,Dongri Buzurg Mine,9.5,28.7,32.8,77.4,2,1500,15000,0,NORMAL,Optimal Mine Operations,Maintain Standard Production Schedule,89.4,0
2023-12-20,Ukwa East Mine,9.5,28.7,32.8,77.4,2,1500,12430,2570,NORMAL,Optimal Mine Operations,Maintain Standard Production Schedule,97.6,2570
2023-12-21,Balaghat Central Mine,15.5,22.0,35.9,71.5,3,1500,5000,18500,FLEET_BREAKDOWN,Haul Truck & Shovel Mechanical Failure,Reallocate Backup Fleet & Deploy Mobile Mechanics,87.4,14800
2023-12-21,Mansar West Mine,15.5,22.0,35.9,71.5,3,1500,5000,18500,FLEET_BREAKDOWN,Haul Truck & Shovel Mechanical Failure,Reallocate Backup Fleet & Deploy Mobile Mechanics,88.3,14800
2023-12-21,Dongri Buzurg Mine,15.5,22.0,35.9,71.5,3,1500,5000,18500,FLEET_BREAKDOWN,Haul Truck & Shovel Mechanical Failure,Reallocate Backup Fleet & Deploy Mobile Mechanics,87.4,14800
2023-12-21,Ukwa East Mine,15.5,22.0,35.9,71.5,3,1500,5000,18500,FLEET_BREAKDOWN,Haul Truck & Shovel Mechanical Failure,Reallocate Backup Fleet & Deploy Mobile Mechanics,94.7,14800
2023-12-22,Balaghat Central Mine,2.6,31.4,40.4,96.8,5,1500,14967,33,NORMAL,Optimal Mine Operations,Maintain Standard Production Schedule,92.0,33
2023-12-22,Mansar West Mine,2.6,31.4,40.4,96.8,5,1500,15000,0,NORMAL,Optimal Mine Operations,Maintain Standard Production Schedule,92.8,0
2023-12-22,Dongri Buzurg Mine,2.6,31.4,40.4,96.8,5,1500,10317,4683,NORMAL,Optimal Mine Operations,Maintain Standard Production Schedule,95.3,4683
2023-12-22,Ukwa East Mine,2.6,31.4,40.4,96.8,5,1500,15000,0,NORMAL,Optimal Mine Operations,Maintain Standard Production Schedule,89.4,0
2023-12-23,Balaghat Central Mine,15.2,20.9,44.4,76.7,3,1500,15000,0,NORMAL,Optimal Mine Operations,Maintain Standard Production Schedule,91.8,0
2023-12-23,Mansar West Mine,15.2,20.9,44.4,76.7,3,1500,15000,0,NORMAL,Optimal Mine Operations,Maintain Standard Production Schedule,90.0,0
2023-12-23,Dongri Buzurg Mine,15.2,20.9,44.4,76.7,3,1500,15000,0,NORMAL,Optimal Mine Operations,Maintain Standard Production Schedule,93.0,0
2023-12-23,Ukwa East Mine,15.2,20.9,44.4,76.7,3,1500,15000,0,NORMAL,Optimal Mine Operations,Maintain Standard Production Schedule,87.3,0
2023-12-24,Balaghat Central Mine,18.4,25.3,32.1,78.5,3,1500,15000,0,NORMAL,Optimal Mine Operations,Maintain Standard Production Schedule,91.3,0
2023-12-24,Mansar West Mine,18.4,25.3,32.1,78.5,3,1500,15000,0,NORMAL,Optimal Mine Operations,Maintain Standard Production Schedule,86.8,0
2023-12-24,Dongri Buzurg Mine,18.4,25.3,32.1,78.5,3,1500,14847,153,NORMAL,Optimal Mine Operations,Maintain Standard Production Schedule,88.9,153
2023-12-24,Ukwa East Mine,18.4,25.3,32.1,78.5,3,1500,9538,5462,NORMAL,Optimal Mine Operations,Maintain Standard Production Schedule,87.4,5462
2023-12-25,Balaghat Central Mine,10.7,22.8,41.6,93.1,3,1500,15000,0,NORMAL,Optimal Mine Operations,Maintain Standard Production Schedule,93.8,0
2023-12-25,Mansar West Mine,10.7,22.8,41.6,93.1,3,1500,10953,4047,NORMAL,Optimal Mine Operations,Maintain Standard Production Schedule,85.2,4047
2023-12-25,Dongri Buzurg Mine,10.7,22.8,41.6,93.1,3,1500,14232,768,NORMAL,Optimal Mine Operations,Maintain Standard Production Schedule,87.6,768
2023-12-25,Ukwa East Mine,10.7,22.8,41.6,93.1,3,1500,15000,0,NORMAL,Optimal Mine Operations,Maintain Standard Production Schedule,96.5,0
2023-12-26,Balaghat Central Mine,7.3,20.4,37.6,79.2,3,1500,14446,554,NORMAL,Optimal Mine Operations,Maintain Standard Production Schedule,91.7,554
2023-12-26,Mansar West Mine,7.3,20.4,37.6,79.2,3,1500,10093,4907,NORMAL,Optimal Mine Operations,Maintain Standard Production Schedule,91.4,4907
2023-12-26,Dongri Buzurg Mine,7.3,20.4,37.6,79.2,3,1500,15000,0,NORMAL,Optimal Mine Operations,Maintain Standard Production Schedule,97.5,0
2023-12-26,Ukwa East Mine,7.3,20.4,37.6,79.2,3,1500,15000,0,NORMAL,Optimal Mine Operations,Maintain Standard Production Schedule,89.6,0
2023-12-27,Balaghat Central Mine,15.7,22.7,41.3,80.2,3,1500,10492,4508,NORMAL,Optimal Mine Operations,Maintain Standard Production Schedule,91.0,4508
2023-12-27,Mansar West Mine,15.7,22.7,41.3,80.2,3,1500,9515,5485,NORMAL,Optimal Mine Operations,Maintain Standard Production Schedule,88.3,5485
2023-12-27,Dongri Buzurg Mine,15.7,22.7,41.3,80.2,3,1500,13582,1418,NORMAL,Optimal Mine Operations,Maintain Standard Production Schedule,86.1,1418
2023-12-27,Ukwa East Mine,15.7,22.7,41.3,80.2,3,1500,15000,0,NORMAL,Optimal Mine Operations,Maintain Standard Production Schedule,87.5,0
2023-12-28,Balaghat Central Mine,19.0,26.1,43.8,56.3,4,1500,5000,18500,FLEET_BREAKDOWN,Haul Truck & Shovel Mechanical Failure,Reallocate Backup Fleet & Deploy Mobile Mechanics,89.9,14800
2023-12-28,Mansar West Mine,19.0,26.1,43.8,56.3,4,1500,5000,18500,FLEET_BREAKDOWN,Haul Truck & Shovel Mechanical Failure,Reallocate Backup Fleet & Deploy Mobile Mechanics,86.1,14800
2023-12-28,Dongri Buzurg Mine,19.0,26.1,43.8,56.3,4,1500,5000,18500,FLEET_BREAKDOWN,Haul Truck & Shovel Mechanical Failure,Reallocate Backup Fleet & Deploy Mobile Mechanics,97.0,14800
2023-12-28,Ukwa East Mine,19.0,26.1,43.8,56.3,4,1500,5000,18500,FLEET_BREAKDOWN,Haul Truck & Shovel Mechanical Failure,Reallocate Backup Fleet & Deploy Mobile Mechanics,92.4,14800
2023-12-29,Balaghat Central Mine,4.0,27.9,34.8,68.6,5,1500,5000,18500,FLEET_BREAKDOWN,Haul Truck & Shovel Mechanical Failure,Reallocate Backup Fleet & Deploy Mobile Mechanics,91.1,14800
2023-12-29,Mansar West Mine,4.0,27.9,34.8,68.6,5,1500,5000,18500,FLEET_BREAKDOWN,Haul Truck & Shovel Mechanical Failure,Reallocate Backup Fleet & Deploy Mobile Mechanics,89.3,14800
2023-12-29,Dongri Buzurg Mine,4.0,27.9,34.8,68.6,5,1500,5000,18500,FLEET_BREAKDOWN,Haul Truck & Shovel Mechanical Failure,Reallocate Backup Fleet & Deploy Mobile Mechanics,98.0,14800
2023-12-29,Ukwa East Mine,4.0,27.9,34.8,68.6,5,1500,5000,18500,FLEET_BREAKDOWN,Haul Truck & Shovel Mechanical Failure,Reallocate Backup Fleet & Deploy Mobile Mechanics,85.9,14800
2023-12-30,Balaghat Central Mine,14.9,27.2,21.9,66.3,2,1500,5000,18500,FLEET_BREAKDOWN,Haul Truck & Shovel Mechanical Failure,Reallocate Backup Fleet & Deploy Mobile Mechanics,96.3,14800
2023-12-30,Mansar West Mine,14.9,27.2,21.9,66.3,2,1500,5000,18500,FLEET_BREAKDOWN,Haul Truck & Shovel Mechanical Failure,Reallocate Backup Fleet & Deploy Mobile Mechanics,95.5,14800
2023-12-30,Dongri Buzurg Mine,14.9,27.2,21.9,66.3,2,1500,5000,18500,FLEET_BREAKDOWN,Haul Truck & Shovel Mechanical Failure,Reallocate Backup Fleet & Deploy Mobile Mechanics,88.5,14800
2023-12-30,Ukwa East Mine,14.9,27.2,21.9,66.3,2,1500,5000,18500,FLEET_BREAKDOWN,Haul Truck & Shovel Mechanical Failure,Reallocate Backup Fleet & Deploy Mobile Mechanics,92.1,14800
2023-12-31,Balaghat Central Mine,13.1,25.0,25.9,66.9,3,1500,5000,18500,FLEET_BREAKDOWN,Haul Truck & Shovel Mechanical Failure,Reallocate Backup Fleet & Deploy Mobile Mechanics,92.0,14800
2023-12-31,Mansar West Mine,13.1,25.0,25.9,66.9,3,1500,5000,18500,FLEET_BREAKDOWN,Haul Truck & Shovel Mechanical Failure,Reallocate Backup Fleet & Deploy Mobile Mechanics,85.0,14800
2023-12-31,Dongri Buzurg Mine,13.1,25.0,25.9,66.9,3,1500,5000,18500,FLEET_BREAKDOWN,Haul Truck & Shovel Mechanical Failure,Reallocate Backup Fleet & Deploy Mobile Mechanics,92.4,14800
2023-12-31,Ukwa East Mine,13.1,25.0,25.9,66.9,3,1500,5000,18500,FLEET_BREAKDOWN,Haul Truck & Shovel Mechanical Failure,Reallocate Backup Fleet & Deploy Mobile Mechanics,85.7,14800
2024-01-01,Balaghat Central Mine,1.5,30.1,34.5,72.4,3,1500,5000,18500,FLEET_BREAKDOWN,Haul Truck & Shovel Mechanical Failure,Reallocate Backup Fleet & Deploy Mobile Mechanics,85.7,14800
2024-01-01,Mansar West Mine,1.5,30.1,34.5,72.4,3,1500,5000,18500,FLEET_BREAKDOWN,Haul Truck & Shovel Mechanical Failure,Reallocate Backup Fleet & Deploy Mobile Mechanics,91.2,14800
2024-01-01,Dongri Buzurg Mine,1.5,30.1,34.5,72.4,3,1500,5000,18500,FLEET_BREAKDOWN,Haul Truck & Shovel Mechanical Failure,Reallocate Backup Fleet & Deploy Mobile Mechanics,90.0,14800
2024-01-01,Ukwa East Mine,1.5,30.1,34.5,72.4,3,1500,5000,18500,FLEET_BREAKDOWN,Haul Truck & Shovel Mechanical Failure,Reallocate Backup Fleet & Deploy Mobile Mechanics,88.2,14800
2024-01-02,Balaghat Central Mine,4.3,31.7,18.1,84.3,4,1500,10804,4196,NORMAL,Optimal Mine Operations,Maintain Standard Production Schedule,92.1,4196
2024-01-02,Mansar West Mine,4.3,31.7,18.1,84.3,4,1500,5000,10262,NORMAL,Optimal Mine Operations,Maintain Standard Production Schedule,92.7,10262
2024-01-02,Dongri Buzurg Mine,4.3,31.7,18.1,84.3,4,1500,15000,0,NORMAL,Optimal Mine Operations,Maintain Standard Production Schedule,97.2,0
2024-01-02,Ukwa East Mine,4.3,31.7,18.1,84.3,4,1500,14461,539,NORMAL,Optimal Mine Operations,Maintain Standard Production Schedule,88.6,539
2024-01-03,Balaghat Central Mine,2.0,24.4,34.9,75.3,1,1500,11796,3204,NORMAL,Optimal Mine Operations,Maintain Standard Production Schedule,87.5,3204
2024-01-03,Mansar West Mine,2.0,24.4,34.9,75.3,1,1500,12342,2658,NORMAL,Optimal Mine Operations,Maintain Standard Production Schedule,88.7,2658
2024-01-03,Dongri Buzurg Mine,2.0,24.4,34.9,75.3,1,1500,10484,4516,NORMAL,Optimal Mine Operations,Maintain Standard Production Schedule,93.2,4516
2024-01-03,Ukwa East Mine,2.0,24.4,34.9,75.3,1,1500,13355,1645,NORMAL,Optimal Mine Operations,Maintain Standard Production Schedule,85.1,1645
2024-01-04,Balaghat Central Mine,15.1,22.6,36.0,71.8,1,1500,5000,18500,FLEET_BREAKDOWN,Haul Truck & Shovel Mechanical Failure,Reallocate Backup Fleet & Deploy Mobile Mechanics,89.6,14800
2024-01-04,Mansar West Mine,15.1,22.6,36.0,71.8,1,1500,5000,18500,FLEET_BREAKDOWN,Haul Truck & Shovel Mechanical Failure,Reallocate Backup Fleet & Deploy Mobile Mechanics,93.9,14800
2024-01-04,Dongri Buzurg Mine,15.1,22.6,36.0,71.8,1,1500,5000,18500,FLEET_BREAKDOWN,Haul Truck & Shovel Mechanical Failure,Reallocate Backup Fleet & Deploy Mobile Mechanics,96.5,14800
2024-01-04,Ukwa East Mine,15.1,22.6,36.0,71.8,1,1500,5000,18500,FLEET_BREAKDOWN,Haul Truck & Shovel Mechanical Failure,Reallocate Backup Fleet & Deploy Mobile Mechanics,93.0,14800
2024-01-05,Balaghat Central Mine,17.9,21.1,30.7,69.6,3,1500,5000,18500,FLEET_BREAKDOWN,Haul Truck & Shovel Mechanical Failure,Reallocate Backup Fleet & Deploy Mobile Mechanics,88.0,14800
2024-01-05,Mansar West Mine,17.9,21.1,30.7,69.6,3,1500,5000,18500,FLEET_BREAKDOWN,Haul Truck & Shovel Mechanical Failure,Reallocate Backup Fleet & Deploy Mobile Mechanics,85.2,14800
2024-01-05,Dongri Buzurg Mine,17.9,21.1,30.7,69.6,3,1500,5000,18500,FLEET_BREAKDOWN,Haul Truck & Shovel Mechanical Failure,Reallocate Backup Fleet & Deploy Mobile Mechanics,91.4,14800
2024-01-05,Ukwa East Mine,17.9,21.1,30.7,69.6,3,1500,5000,18500,FLEET_BREAKDOWN,Haul Truck & Shovel Mechanical Failure,Reallocate Backup Fleet & Deploy Mobile Mechanics,89.5,14800
2024-01-06,Balaghat Central Mine,17.8,20.5,23.0,69.9,1,1500,5000,18500,FLEET_BREAKDOWN,Haul Truck & Shovel Mechanical Failure,Reallocate Backup Fleet & Deploy Mobile Mechanics,94.0,14800
2024-01-06,Mansar West Mine,17.8,20.5,23.0,69.9,1,1500,5000,18500,FLEET_BREAKDOWN,Haul Truck & Shovel Mechanical Failure,Reallocate Backup Fleet & Deploy Mobile Mechanics,93.3,14800
2024-01-06,Dongri Buzurg Mine,17.8,20.5,23.0,69.9,1,1500,5000,18500,FLEET_BREAKDOWN,Haul Truck & Shovel Mechanical Failure,Reallocate Backup Fleet & Deploy Mobile Mechanics,94.6,14800
2024-01-06,Ukwa East Mine,17.8,20.5,23.0,69.9,1,1500,5000,18500,FLEET_BREAKDOWN,Haul Truck & Shovel Mechanical Failure,Reallocate Backup Fleet & Deploy Mobile Mechanics,97.6,14800
2024-01-07,Balaghat Central Mine,9.4,29.6,29.4,70.7,4,1500,5000,18500,FLEET_BREAKDOWN,Haul Truck & Shovel Mechanical Failure,Reallocate Backup Fleet & Deploy Mobile Mechanics,93.4,14800
2024-01-07,Mansar West Mine,9.4,29.6,29.4,70.7,4,1500,5000,18500,FLEET_BREAKDOWN,Haul Truck & Shovel Mechanical Failure,Reallocate Backup Fleet & Deploy Mobile Mechanics,87.2,14800
2024-01-07,Dongri Buzurg Mine,9.4,29.6,29.4,70.7,4,1500,5000,18500,FLEET_BREAKDOWN,Haul Truck & Shovel Mechanical Failure,Reallocate Backup Fleet & Deploy Mobile Mechanics,95.8,14800
2024-01-07,Ukwa East Mine,9.4,29.6,29.4,70.7,4,1500,5000,18500,FLEET_BREAKDOWN,Haul Truck & Shovel Mechanical Failure,Reallocate Backup Fleet & Deploy Mobile Mechanics,88.7,14800
2024-01-08,Balaghat Central Mine,18.3,30.5,41.2,58.2,5,1500,5000,18500,FLEET_BREAKDOWN,Haul Truck & Shovel Mechanical Failure,Reallocate Backup Fleet & Deploy Mobile Mechanics,88.1,14800
2024-01-08,Mansar West Mine,18.3,30.5,41.2,58.2,5,1500,5000,18500,FLEET_BREAKDOWN,Haul Truck & Shovel Mechanical Failure,Reallocate Backup Fleet & Deploy Mobile Mechanics,86.1,14800
2024-01-08,Dongri Buzurg Mine,18.3,30.5,41.2,58.2,5,1500,5000,18500,FLEET_BREAKDOWN,Haul Truck & Shovel Mechanical Failure,Reallocate Backup Fleet & Deploy Mobile Mechanics,90.4,14800
2024-01-08,Ukwa East Mine,18.3,30.5,41.2,58.2,5,1500,5000,18500,FLEET_BREAKDOWN,Haul Truck & Shovel Mechanical Failure,Reallocate Backup Fleet & Deploy Mobile Mechanics,95.6,14800
2024-01-09,Balaghat Central Mine,4.8,30.8,16.5,88.5,3,1500,15000,0,NORMAL,Optimal Mine Operations,Maintain Standard Production Schedule,91.9,0
2024-01-09,Mansar West Mine,4.8,30.8,16.5,88.5,3,1500,15000,0,NORMAL,Optimal Mine Operations,Maintain Standard Production Schedule,91.5,0
2024-01-09,Dongri Buzurg Mine,4.8,30.8,16.5,88.5,3,1500,13895,1105,NORMAL,Optimal Mine Operations,Maintain Standard Production Schedule,91.8,1105
2024-01-09,Ukwa East Mine,4.8,30.8,16.5,88.5,3,1500,14760,240,NORMAL,Optimal Mine Operations,Maintain Standard Production Schedule,93.8,240
2024-01-10,Balaghat Central Mine,2.0,29.9,18.4,74.6,2,1500,5000,18500,FLEET_BREAKDOWN,Haul Truck & Shovel Mechanical Failure,Reallocate Backup Fleet & Deploy Mobile Mechanics,94.6,14800
2024-01-10,Mansar West Mine,2.0,29.9,18.4,74.6,2,1500,5000,18500,FLEET_BREAKDOWN,Haul Truck & Shovel Mechanical Failure,Reallocate Backup Fleet & Deploy Mobile Mechanics,96.0,14800
2024-01-10,Dongri Buzurg Mine,2.0,29.9,18.4,74.6,2,1500,5000,18500,FLEET_BREAKDOWN,Haul Truck & Shovel Mechanical Failure,Reallocate Backup Fleet & Deploy Mobile Mechanics,88.2,14800
2024-01-10,Ukwa East Mine,2.0,29.9,18.4,74.6,2,1500,5000,18500,FLEET_BREAKDOWN,Haul Truck & Shovel Mechanical Failure,Reallocate Backup Fleet & Deploy Mobile Mechanics,89.6,14800
2024-01-11,Balaghat Central Mine,14.4,26.9,35.7,68.8,4,1500,5000,18500,FLEET_BREAKDOWN,Haul Truck & Shovel Mechanical Failure,Reallocate Backup Fleet & Deploy Mobile Mechanics,92.8,14800
2024-01-11,Mansar West Mine,14.4,26.9,35.7,68.8,4,1500,5000,18500,FLEET_BREAKDOWN,Haul Truck & Shovel Mechanical Failure,Reallocate Backup Fleet & Deploy Mobile Mechanics,92.1,14800
2024-01-11,Dongri Buzurg Mine,14.4,26.9,35.7,68.8,4,1500,5000,18500,FLEET_BREAKDOWN,Haul Truck & Shovel Mechanical Failure,Reallocate Backup Fleet & Deploy Mobile Mechanics,97.4,14800
2024-01-11,Ukwa East Mine,14.4,26.9,35.7,68.8,4,1500,5000,18500,FLEET_BREAKDOWN,Haul Truck & Shovel Mechanical Failure,Reallocate Backup Fleet & Deploy Mobile Mechanics,86.8,14800
2024-01-12,Balaghat Central Mine,14.1,27.3,41.3,69.1,3,1500,5000,18500,FLEET_BREAKDOWN,Haul Truck & Shovel Mechanical Failure,Reallocate Backup Fleet & Deploy Mobile Mechanics,93.7,14800
2024-01-12,Mansar West Mine,14.1,27.3,41.3,69.1,3,1500,5000,18500,FLEET_BREAKDOWN,Haul Truck & Shovel Mechanical Failure,Reallocate Backup Fleet & Deploy Mobile Mechanics,92.0,14800
2024-01-12,Dongri Buzurg Mine,14.1,27.3,41.3,69.1,3,1500,5000,18500,FLEET_BREAKDOWN,Haul Truck & Shovel Mechanical Failure,Reallocate Backup Fleet & Deploy Mobile Mechanics,88.2,14800
2024-01-12,Ukwa East Mine,14.1,27.3,41.3,69.1,3,1500,5000,18500,FLEET_BREAKDOWN,Haul Truck & Shovel Mechanical Failure,Reallocate Backup Fleet & Deploy Mobile Mechanics,90.4,14800
2024-01-13,Balaghat Central Mine,19.9,27.9,37.9,74.3,1,1500,5000,18500,FLEET_BREAKDOWN,Haul Truck & Shovel Mechanical Failure,Reallocate Backup Fleet & Deploy Mobile Mechanics,91.7,14800
2024-01-13,Mansar West Mine,19.9,27.9,37.9,74.3,1,1500,5000,18500,FLEET_BREAKDOWN,Haul Truck & Shovel Mechanical Failure,Reallocate Backup Fleet & Deploy Mobile Mechanics,90.9,14800
2024-01-13,Dongri Buzurg Mine,19.9,27.9,37.9,74.3,1,1500,5000,18500,FLEET_BREAKDOWN,Haul Truck & Shovel Mechanical Failure,Reallocate Backup Fleet & Deploy Mobile Mechanics,96.5,14800
2024-01-13,Ukwa East Mine,19.9,27.9,37.9,74.3,1,1500,5000,18500,FLEET_BREAKDOWN,Haul Truck & Shovel Mechanical Failure,Reallocate Backup Fleet & Deploy Mobile Mechanics,96.5,14800
2024-01-14,Balaghat Central Mine,1.2,31.6,35.7,80.8,2,1500,15000,0,NORMAL,Optimal Mine Operations,Maintain Standard Production Schedule,86.3,0
2024-01-14,Mansar West Mine,1.2,31.6,35.7,80.8,2,1500,15000,0,NORMAL,Optimal Mine Operations,Maintain Standard Production Schedule,97.6,0
2024-01-14,Dongri Buzurg Mine,1.2,31.6,35.7,80.8,2,1500,14989,11,NORMAL,Optimal Mine Operations,Maintain Standard Production Schedule,91.7,11
2024-01-14,Ukwa East Mine,1.2,31.6,35.7,80.8,2,1500,10085,4915,NORMAL,Optimal Mine Operations,Maintain Standard Production Schedule,96.9,4915
2024-01-15,Balaghat Central Mine,9.4,32.0,37.3,97.7,5,1500,15000,0,NORMAL,Optimal Mine Operations,Maintain Standard Production Schedule,89.6,0
2024-01-15,Mansar West Mine,9.4,32.0,37.3,97.7,5,1500,15000,0,NORMAL,Optimal Mine Operations,Maintain Standard Production Schedule,96.9,0
2024-01-15,Dongri Buzurg Mine,9.4,32.0,37.3,97.7,5,1500,15000,0,NORMAL,Optimal Mine Operations,Maintain Standard Production Schedule,87.6,0
2024-01-15,Ukwa East Mine,9.4,32.0,37.3,97.7,5,1500,11790,3210,NORMAL,Optimal Mine Operations,Maintain Standard Production Schedule,96.7,3210
2024-01-16,Balaghat Central Mine,13.9,23.8,20.3,89.5,4,1500,15000,0,NORMAL,Optimal Mine Operations,Maintain Standard Production Schedule,90.2,0
2024-01-16,Mansar West Mine,13.9,23.8,20.3,89.5,4,1500,15000,0,NORMAL,Optimal Mine Operations,Maintain Standard Production Schedule,96.8,0
2024-01-16,Dongri Buzurg Mine,13.9,23.8,20.3,89.5,4,1500,8562,6438,NORMAL,Optimal Mine Operations,Maintain Standard Production Schedule,96.3,6438
2024-01-16,Ukwa East Mine,13.9,23.8,20.3,89.5,4,1500,15000,0,NORMAL,Optimal Mine Operations,Maintain Standard Production Schedule,94.6,0
2024-01-17,Balaghat Central Mine,11.3,24.6,37.8,81.7,4,1500,15000,0,NORMAL,Optimal Mine Operations,Maintain Standard Production Schedule,89.4,0
2024-01-17,Mansar West Mine,11.3,24.6,37.8,81.7,4,1500,15000,0,NORMAL,Optimal Mine Operations,Maintain Standard Production Schedule,93.4,0
2024-01-17,Dongri Buzurg Mine,11.3,24.6,37.8,81.7,4,1500,14924,76,NORMAL,Optimal Mine Operations,Maintain Standard Production Schedule,95.2,76
2024-01-17,Ukwa East Mine,11.3,24.6,37.8,81.7,4,1500,15000,0,NORMAL,Optimal Mine Operations,Maintain Standard Production Schedule,93.5,0
2024-01-18,Balaghat Central Mine,15.7,21.6,30.2,63.8,2,1500,5000,18500,FLEET_BREAKDOWN,Haul Truck & Shovel Mechanical Failure,Reallocate Backup Fleet & Deploy Mobile Mechanics,96.1,14800
2024-01-18,Mansar West Mine,15.7,21.6,30.2,63.8,2,1500,5000,18500,FLEET_BREAKDOWN,Haul Truck & Shovel Mechanical Failure,Reallocate Backup Fleet & Deploy Mobile Mechanics,89.1,14800
2024-01-18,Dongri Buzurg Mine,15.7,21.6,30.2,63.8,2,1500,5000,18500,FLEET_BREAKDOWN,Haul Truck & Shovel Mechanical Failure,Reallocate Backup Fleet & Deploy Mobile Mechanics,92.8,14800
2024-01-18,Ukwa East Mine,15.7,21.6,30.2,63.8,2,1500,5000,18500,FLEET_BREAKDOWN,Haul Truck & Shovel Mechanical Failure,Reallocate Backup Fleet & Deploy Mobile Mechanics,90.5,14800
2024-01-19,Balaghat Central Mine,12.8,20.6,24.6,61.0,1,1500,5000,18500,FLEET_BREAKDOWN,Haul Truck & Shovel Mechanical Failure,Reallocate Backup Fleet & Deploy Mobile Mechanics,86.6,14800
2024-01-19,Mansar West Mine,12.8,20.6,24.6,61.0,1,1500,5000,18500,FLEET_BREAKDOWN,Haul Truck & Shovel Mechanical Failure,Reallocate Backup Fleet & Deploy Mobile Mechanics,86.9,14800
2024-01-19,Dongri Buzurg Mine,12.8,20.6,24.6,61.0,1,1500,5000,18500,FLEET_BREAKDOWN,Haul Truck & Shovel Mechanical Failure,Reallocate Backup Fleet & Deploy Mobile Mechanics,96.6,14800
2024-01-19,Ukwa East Mine,12.8,20.6,24.6,61.0,1,1500,5000,18500,FLEET_BREAKDOWN,Haul Truck & Shovel Mechanical Failure,Reallocate Backup Fleet & Deploy Mobile Mechanics,97.7,14800
2024-01-20,Balaghat Central Mine,2.2,20.5,37.8,76.4,4,1500,8488,6512,NORMAL,Optimal Mine Operations,Maintain Standard Production Schedule,94.3,6512
2024-01-20,Mansar West Mine,2.2,20.5,37.8,76.4,4,1500,15000,0,NORMAL,Optimal Mine Operations,Maintain Standard Production Schedule,96.4,0
2024-01-20,Dongri Buzurg Mine,2.2,20.5,37.8,76.4,4,1500,13851,1149,NORMAL,Optimal Mine Operations,Maintain Standard Production Schedule,96.8,1149
2024-01-20,Ukwa East Mine,2.2,20.5,37.8,76.4,4,1500,15000,0,NORMAL,Optimal Mine Operations,Maintain Standard Production Schedule,92.2,0
2024-01-21,Balaghat Central Mine,4.3,29.8,27.0,86.8,2,1500,12782,2218,NORMAL,Optimal Mine Operations,Maintain Standard Production Schedule,96.4,2218
2024-01-21,Mansar West Mine,4.3,29.8,27.0,86.8,2,1500,10464,4536,NORMAL,Optimal Mine Operations,Maintain Standard Production Schedule,86.4,4536
2024-01-21,Dongri Buzurg Mine,4.3,29.8,27.0,86.8,2,1500,14082,918,NORMAL,Optimal Mine Operations,Maintain Standard Production Schedule,88.5,918
2024-01-21,Ukwa East Mine,4.3,29.8,27.0,86.8,2,1500,12208,2792,NORMAL,Optimal Mine Operations,Maintain Standard Production Schedule,90.3,2792
2024-01-22,Balaghat Central Mine,11.2,26.9,18.4,62.0,1,1500,5000,18500,FLEET_BREAKDOWN,Haul Truck & Shovel Mechanical Failure,Reallocate Backup Fleet & Deploy Mobile Mechanics,89.2,14800
2024-01-22,Mansar West Mine,11.2,26.9,18.4,62.0,1,1500,5000,18500,FLEET_BREAKDOWN,Haul Truck & Shovel Mechanical Failure,Reallocate Backup Fleet & Deploy Mobile Mechanics,85.1,14800
2024-01-22,Dongri Buzurg Mine,11.2,26.9,18.4,62.0,1,1500,5000,18500,FLEET_BREAKDOWN,Haul Truck & Shovel Mechanical Failure,Reallocate Backup Fleet & Deploy Mobile Mechanics,94.9,14800
2024-01-22,Ukwa East Mine,11.2,26.9,18.4,62.0,1,1500,5000,18500,FLEET_BREAKDOWN,Haul Truck & Shovel Mechanical Failure,Reallocate Backup Fleet & Deploy Mobile Mechanics,87.9,14800
2024-01-23,Balaghat Central Mine,16.9,22.1,31.6,75.4,3,1500,10294,4706,NORMAL,Optimal Mine Operations,Maintain Standard Production Schedule,95.3,4706
2024-01-23,Mansar West Mine,16.9,22.1,31.6,75.4,3,1500,15000,0,NORMAL,Optimal Mine Operations,Maintain Standard Production Schedule,89.2,0
2024-01-23,Dongri Buzurg Mine,16.9,22.1,31.6,75.4,3,1500,15000,0,NORMAL,Optimal Mine Operations,Maintain Standard Production Schedule,90.0,0
2024-01-23,Ukwa East Mine,16.9,22.1,31.6,75.4,3,1500,15000,0,NORMAL,Optimal Mine Operations,Maintain Standard Production Schedule,88.1,0
2024-01-24,Balaghat Central Mine,9.9,22.6,17.5,56.2,4,1500,5000,18500,FLEET_BREAKDOWN,Haul Truck & Shovel Mechanical Failure,Reallocate Backup Fleet & Deploy Mobile Mechanics,97.5,14800
2024-01-24,Mansar West Mine,9.9,22.6,17.5,56.2,4,1500,5000,18500,FLEET_BREAKDOWN,Haul Truck & Shovel Mechanical Failure,Reallocate Backup Fleet & Deploy Mobile Mechanics,94.3,14800
2024-01-24,Dongri Buzurg Mine,9.9,22.6,17.5,56.2,4,1500,5000,18500,FLEET_BREAKDOWN,Haul Truck & Shovel Mechanical Failure,Reallocate Backup Fleet & Deploy Mobile Mechanics,95.3,14800
2024-01-24,Ukwa East Mine,9.9,22.6,17.5,56.2,4,1500,5000,18500,FLEET_BREAKDOWN,Haul Truck & Shovel Mechanical Failure,Reallocate Backup Fleet & Deploy Mobile Mechanics,96.1,14800
2024-01-25,Balaghat Central Mine,13.1,21.7,21.5,76.2,1,1500,15000,0,NORMAL,Optimal Mine Operations,Maintain Standard Production Schedule,96.1,0
2024-01-25,Mansar West Mine,13.1,21.7,21.5,76.2,1,1500,15000,0,NORMAL,Optimal Mine Operations,Maintain Standard Production Schedule,87.1,0
2024-01-25,Dongri Buzurg Mine,13.1,21.7,21.5,76.2,1,1500,15000,0,NORMAL,Optimal Mine Operations,Maintain Standard Production Schedule,90.7,0
2024-01-25,Ukwa East Mine,13.1,21.7,21.5,76.2,1,1500,15000,0,NORMAL,Optimal Mine Operations,Maintain Standard Production Schedule,94.3,0
2024-01-26,Balaghat Central Mine,2.2,24.2,31.4,88.3,1,1500,13492,1508,NORMAL,Optimal Mine Operations,Maintain Standard Production Schedule,85.5,1508
2024-01-26,Mansar West Mine,2.2,24.2,31.4,88.3,1,1500,12882,2118,NORMAL,Optimal Mine Operations,Maintain Standard Production Schedule,86.5,2118
2024-01-26,Dongri Buzurg Mine,2.2,24.2,31.4,88.3,1,1500,14698,302,NORMAL,Optimal Mine Operations,Maintain Standard Production Schedule,89.4,302
2024-01-26,Ukwa East Mine,2.2,24.2,31.4,88.3,1,1500,15000,0,NORMAL,Optimal Mine Operations,Maintain Standard Production Schedule,85.4,0
2024-01-27,Balaghat Central Mine,6.2,29.1,21.4,57.1,3,1500,5000,18500,FLEET_BREAKDOWN,Haul Truck & Shovel Mechanical Failure,Reallocate Backup Fleet & Deploy Mobile Mechanics,94.7,14800
2024-01-27,Mansar West Mine,6.2,29.1,21.4,57.1,3,1500,5000,18500,FLEET_BREAKDOWN,Haul Truck & Shovel Mechanical Failure,Reallocate Backup Fleet & Deploy Mobile Mechanics,92.0,14800
2024-01-27,Dongri Buzurg Mine,6.2,29.1,21.4,57.1,3,1500,5000,18500,FLEET_BREAKDOWN,Haul Truck & Shovel Mechanical Failure,Reallocate Backup Fleet & Deploy Mobile Mechanics,91.1,14800
2024-01-27,Ukwa East Mine,6.2,29.1,21.4,57.1,3,1500,5000,18500,FLEET_BREAKDOWN,Haul Truck & Shovel Mechanical Failure,Reallocate Backup Fleet & Deploy Mobile Mechanics,96.4,14800
2024-01-28,Balaghat Central Mine,1.3,21.5,37.9,57.1,3,1500,5000,18500,FLEET_BREAKDOWN,Haul Truck & Shovel Mechanical Failure,Reallocate Backup Fleet & Deploy Mobile Mechanics,88.9,14800
2024-01-28,Mansar West Mine,1.3,21.5,37.9,57.1,3,1500,5000,18500,FLEET_BREAKDOWN,Haul Truck & Shovel Mechanical Failure,Reallocate Backup Fleet & Deploy Mobile Mechanics,85.1,14800
2024-01-28,Dongri Buzurg Mine,1.3,21.5,37.9,57.1,3,1500,5000,18500,FLEET_BREAKDOWN,Haul Truck & Shovel Mechanical Failure,Reallocate Backup Fleet & Deploy Mobile Mechanics,91.4,14800
2024-01-28,Ukwa East Mine,1.3,21.5,37.9,57.1,3,1500,5000,18500,FLEET_BREAKDOWN,Haul Truck & Shovel Mechanical Failure,Reallocate Backup Fleet & Deploy Mobile Mechanics,95.8,14800
2024-01-29,Balaghat Central Mine,5.7,31.2,35.2,55.2,4,1500,5000,18500,FLEET_BREAKDOWN,Haul Truck & Shovel Mechanical Failure,Reallocate Backup Fleet & Deploy Mobile Mechanics,87.3,14800
2024-01-29,Mansar West Mine,5.7,31.2,35.2,55.2,4,1500,5000,18500,FLEET_BREAKDOWN,Haul Truck & Shovel Mechanical Failure,Reallocate Backup Fleet & Deploy Mobile Mechanics,89.3,14800
2024-01-29,Dongri Buzurg Mine,5.7,31.2,35.2,55.2,4,1500,5000,18500,FLEET_BREAKDOWN,Haul Truck & Shovel Mechanical Failure,Reallocate Backup Fleet & Deploy Mobile Mechanics,90.4,14800
2024-01-29,Ukwa East Mine,5.7,31.2,35.2,55.2,4,1500,5000,18500,FLEET_BREAKDOWN,Haul Truck & Shovel Mechanical Failure,Reallocate Backup Fleet & Deploy Mobile Mechanics,88.4,14800
2024-01-30,Balaghat Central Mine,9.3,26.5,34.2,86.6,1,1500,9577,5423,NORMAL,Optimal Mine Operations,Maintain Standard Production Schedule,94.9,5423
2024-01-30,Mansar West Mine,9.3,26.5,34.2,86.6,1,1500,15000,0,NORMAL,Optimal Mine Operations,Maintain Standard Production Schedule,95.9,0
2024-01-30,Dongri Buzurg Mine,9.3,26.5,34.2,86.6,1,1500,15000,0,NORMAL,Optimal Mine Operations,Maintain Standard Production Schedule,87.2,0
2024-01-30,Ukwa East Mine,9.3,26.5,34.2,86.6,1,1500,15000,0,NORMAL,Optimal Mine Operations,Maintain Standard Production Schedule,88.9,0
2024-01-31,Balaghat Central Mine,15.3,30.7,16.0,61.3,4,1500,5000,18500,FLEET_BREAKDOWN,Haul Truck & Shovel Mechanical Failure,Reallocate Backup Fleet & Deploy Mobile Mechanics,94.5,14800
2024-01-31,Mansar West Mine,15.3,30.7,16.0,61.3,4,1500,5000,18500,FLEET_BREAKDOWN,Haul Truck & Shovel Mechanical Failure,Reallocate Backup Fleet & Deploy Mobile Mechanics,88.7,14800
2024-01-31,Dongri Buzurg Mine,15.3,30.7,16.0,61.3,4,1500,5000,18500,FLEET_BREAKDOWN,Haul Truck & Shovel Mechanical Failure,Reallocate Backup Fleet & Deploy Mobile Mechanics,87.5,14800
2024-01-31,Ukwa East Mine,15.3,30.7,16.0,61.3,4,1500,5000,18500,FLEET_BREAKDOWN,Haul Truck & Shovel Mechanical Failure,Reallocate Backup Fleet & Deploy Mobile Mechanics,93.8,14800
2024-02-01,Balaghat Central Mine,0.5,29.3,43.8,61.4,5,1500,5000,18500,FLEET_BREAKDOWN,Haul Truck & Shovel Mechanical Failure,Reallocate Backup Fleet & Deploy Mobile Mechanics,92.1,14800
2024-02-01,Mansar West Mine,0.5,29.3,43.8,61.4,5,1500,5000,18500,FLEET_BREAKDOWN,Haul Truck & Shovel Mechanical Failure,Reallocate Backup Fleet & Deploy Mobile Mechanics,87.9,14800
2024-02-01,Dongri Buzurg Mine,0.5,29.3,43.8,61.4,5,1500,5000,18500,FLEET_BREAKDOWN,Haul Truck & Shovel Mechanical Failure,Reallocate Backup Fleet & Deploy Mobile Mechanics,88.4,14800
2024-02-01,Ukwa East Mine,0.5,29.3,43.8,61.4,5,1500,5000,18500,FLEET_BREAKDOWN,Haul Truck & Shovel Mechanical Failure,Reallocate Backup Fleet & Deploy Mobile Mechanics,89.0,14800
2024-02-02,Balaghat Central Mine,11.9,23.0,19.2,85.2,1,1500,10187,4813,NORMAL,Optimal Mine Operations,Maintain Standard Production Schedule,85.1,4813
2024-02-02,Mansar West Mine,11.9,23.0,19.2,85.2,1,1500,15000,0,NORMAL,Optimal Mine Operations,Maintain Standard Production Schedule,88.5,0
2024-02-02,Dongri Buzurg Mine,11.9,23.0,19.2,85.2,1,1500,12887,2113,NORMAL,Optimal Mine Operations,Maintain Standard Production Schedule,94.7,2113
2024-02-02,Ukwa East Mine,11.9,23.0,19.2,85.2,1,1500,15000,0,NORMAL,Optimal Mine Operations,Maintain Standard Production Schedule,89.2,0
2024-02-03,Balaghat Central Mine,13.0,22.7,28.3,74.9,3,1500,5000,18500,FLEET_BREAKDOWN,Haul Truck & Shovel Mechanical Failure,Reallocate Backup Fleet & Deploy Mobile Mechanics,92.4,14800
2024-02-03,Mansar West Mine,13.0,22.7,28.3,74.9,3,1500,5000,18500,FLEET_BREAKDOWN,Haul Truck & Shovel Mechanical Failure,Reallocate Backup Fleet & Deploy Mobile Mechanics,91.6,14800
2024-02-03,Dongri Buzurg Mine,13.0,22.7,28.3,74.9,3,1500,5000,18500,FLEET_BREAKDOWN,Haul Truck & Shovel Mechanical Failure,Reallocate Backup Fleet & Deploy Mobile Mechanics,88.4,14800
2024-02-03,Ukwa East Mine,13.0,22.7,28.3,74.9,3,1500,5000,18500,FLEET_BREAKDOWN,Haul Truck & Shovel Mechanical Failure,Reallocate Backup Fleet & Deploy Mobile Mechanics,94.4,14800
2024-02-04,Balaghat Central Mine,17.7,31.7,30.2,55.6,5,1500,5000,18500,FLEET_BREAKDOWN,Haul Truck & Shovel Mechanical Failure,Reallocate Backup Fleet & Deploy Mobile Mechanics,89.8,14800
2024-02-04,Mansar West Mine,17.7,31.7,30.2,55.6,5,1500,5000,18500,FLEET_BREAKDOWN,Haul Truck & Shovel Mechanical Failure,Reallocate Backup Fleet & Deploy Mobile Mechanics,86.3,14800
2024-02-04,Dongri Buzurg Mine,17.7,31.7,30.2,55.6,5,1500,5000,18500,FLEET_BREAKDOWN,Haul Truck & Shovel Mechanical Failure,Reallocate Backup Fleet & Deploy Mobile Mechanics,90.1,14800
2024-02-04,Ukwa East Mine,17.7,31.7,30.2,55.6,5,1500,5000,18500,FLEET_BREAKDOWN,Haul Truck & Shovel Mechanical Failure,Reallocate Backup Fleet & Deploy Mobile Mechanics,91.3,14800
2024-02-05,Balaghat Central Mine,5.8,22.3,29.9,83.6,2,1500,13546,1454,NORMAL,Optimal Mine Operations,Maintain Standard Production Schedule,85.8,1454
2024-02-05,Mansar West Mine,5.8,22.3,29.9,83.6,2,1500,10984,4016,NORMAL,Optimal Mine Operations,Maintain Standard Production Schedule,87.2,4016
2024-02-05,Dongri Buzurg Mine,5.8,22.3,29.9,83.6,2,1500,14773,227,NORMAL,Optimal Mine Operations,Maintain Standard Production Schedule,96.3,227
2024-02-05,Ukwa East Mine,5.8,22.3,29.9,83.6,2,1500,15000,0,NORMAL,Optimal Mine Operations,Maintain Standard Production Schedule,93.8,0
2024-02-06,Balaghat Central Mine,0.0,23.0,35.6,68.5,2,1500,5000,18500,FLEET_BREAKDOWN,Haul Truck & Shovel Mechanical Failure,Reallocate Backup Fleet & Deploy Mobile Mechanics,98.0,14800
2024-02-06,Mansar West Mine,0.0,23.0,35.6,68.5,2,1500,5000,18500,FLEET_BREAKDOWN,Haul Truck & Shovel Mechanical Failure,Reallocate Backup Fleet & Deploy Mobile Mechanics,91.1,14800
2024-02-06,Dongri Buzurg Mine,0.0,23.0,35.6,68.5,2,1500,5000,18500,FLEET_BREAKDOWN,Haul Truck & Shovel Mechanical Failure,Reallocate Backup Fleet & Deploy Mobile Mechanics,87.6,14800
2024-02-06,Ukwa East Mine,0.0,23.0,35.6,68.5,2,1500,5000,18500,FLEET_BREAKDOWN,Haul Truck & Shovel Mechanical Failure,Reallocate Backup Fleet & Deploy Mobile Mechanics,88.7,14800
2024-02-07,Balaghat Central Mine,8.2,23.1,16.6,95.5,2,1500,10418,4582,NORMAL,Optimal Mine Operations,Maintain Standard Production Schedule,97.7,4582
2024-02-07,Mansar West Mine,8.2,23.1,16.6,95.5,2,1500,15000,0,NORMAL,Optimal Mine Operations,Maintain Standard Production Schedule,87.8,0
2024-02-07,Dongri Buzurg Mine,8.2,23.1,16.6,95.5,2,1500,8779,6221,NORMAL,Optimal Mine Operations,Maintain Standard Production Schedule,88.8,6221
2024-02-07,Ukwa East Mine,8.2,23.1,16.6,95.5,2,1500,14502,498,NORMAL,Optimal Mine Operations,Maintain Standard Production Schedule,90.4,498
2024-02-08,Balaghat Central Mine,5.0,27.0,16.4,78.8,2,1500,15000,0,NORMAL,Optimal Mine Operations,Maintain Standard Production Schedule,89.0,0
2024-02-08,Mansar West Mine,5.0,27.0,16.4,78.8,2,1500,15000,0,NORMAL,Optimal Mine Operations,Maintain Standard Production Schedule,94.0,0
2024-02-08,Dongri Buzurg Mine,5.0,27.0,16.4,78.8,2,1500,12024,2976,NORMAL,Optimal Mine Operations,Maintain Standard Production Schedule,85.2,2976
2024-02-08,Ukwa East Mine,5.0,27.0,16.4,78.8,2,1500,15000,0,NORMAL,Optimal Mine Operations,Maintain Standard Production Schedule,92.4,0
2024-02-09,Balaghat Central Mine,5.4,31.7,42.0,95.6,5,1500,11478,3522,NORMAL,Optimal Mine Operations,Maintain Standard Production Schedule,88.8,3522
2024-02-09,Mansar West Mine,5.4,31.7,42.0,95.6,5,1500,13915,1085,NORMAL,Optimal Mine Operations,Maintain Standard Production Schedule,97.0,1085
2024-02-09,Dongri Buzurg Mine,5.4,31.7,42.0,95.6,5,1500,11147,3853,NORMAL,Optimal Mine Operations,Maintain Standard Production Schedule,90.5,3853
2024-02-09,Ukwa East Mine,5.4,31.7,42.0,95.6,5,1500,15000,0,NORMAL,Optimal Mine Operations,Maintain Standard Production Schedule,85.1,0
2024-02-10,Balaghat Central Mine,6.2,24.1,26.9,58.5,1,1500,5000,18500,FLEET_BREAKDOWN,Haul Truck & Shovel Mechanical Failure,Reallocate Backup Fleet & Deploy Mobile Mechanics,87.5,14800
2024-02-10,Mansar West Mine,6.2,24.1,26.9,58.5,1,1500,5000,18500,FLEET_BREAKDOWN,Haul Truck & Shovel Mechanical Failure,Reallocate Backup Fleet & Deploy Mobile Mechanics,93.1,14800
2024-02-10,Dongri Buzurg Mine,6.2,24.1,26.9,58.5,1,1500,5000,18500,FLEET_BREAKDOWN,Haul Truck & Shovel Mechanical Failure,Reallocate Backup Fleet & Deploy Mobile Mechanics,92.8,14800
2024-02-10,Ukwa East Mine,6.2,24.1,26.9,58.5,1,1500,5000,18500,FLEET_BREAKDOWN,Haul Truck & Shovel Mechanical Failure,Reallocate Backup Fleet & Deploy Mobile Mechanics,85.1,14800
2024-02-11,Balaghat Central Mine,7.2,24.7,42.5,67.5,4,1500,5000,18500,FLEET_BREAKDOWN,Haul Truck & Shovel Mechanical Failure,Reallocate Backup Fleet & Deploy Mobile Mechanics,97.9,14800
2024-02-11,Mansar West Mine,7.2,24.7,42.5,67.5,4,1500,5000,18500,FLEET_BREAKDOWN,Haul Truck & Shovel Mechanical Failure,Reallocate Backup Fleet & Deploy Mobile Mechanics,95.9,14800
2024-02-11,Dongri Buzurg Mine,7.2,24.7,42.5,67.5,4,1500,5000,18500,FLEET_BREAKDOWN,Haul Truck & Shovel Mechanical Failure,Reallocate Backup Fleet & Deploy Mobile Mechanics,89.1,14800
2024-02-11,Ukwa East Mine,7.2,24.7,42.5,67.5,4,1500,5000,18500,FLEET_BREAKDOWN,Haul Truck & Shovel Mechanical Failure,Reallocate Backup Fleet & Deploy Mobile Mechanics,93.0,14800
2024-02-12,Balaghat Central Mine,16.1,24.8,32.1,83.7,3,1500,15000,0,NORMAL,Optimal Mine Operations,Maintain Standard Production Schedule,93.4,0
2024-02-12,Mansar West Mine,16.1,24.8,32.1,83.7,3,1500,15000,0,NORMAL,Optimal Mine Operations,Maintain Standard Production Schedule,90.6,0
2024-02-12,Dongri Buzurg Mine,16.1,24.8,32.1,83.7,3,1500,13357,1643,NORMAL,Optimal Mine Operations,Maintain Standard Production Schedule,86.3,1643
2024-02-12,Ukwa East Mine,16.1,24.8,32.1,83.7,3,1500,15000,0,NORMAL,Optimal Mine Operations,Maintain Standard Production Schedule,88.2,0
2024-02-13,Balaghat Central Mine,7.1,20.7,44.6,87.6,2,1500,15000,0,NORMAL,Optimal Mine Operations,Maintain Standard Production Schedule,97.7,0
2024-02-13,Mansar West Mine,7.1,20.7,44.6,87.6,2,1500,13606,1394,NORMAL,Optimal Mine Operations,Maintain Standard Production Schedule,93.8,1394
2024-02-13,Dongri Buzurg Mine,7.1,20.7,44.6,87.6,2,1500,13706,1294,NORMAL,Optimal Mine Operations,Maintain Standard Production Schedule,86.0,1294
2024-02-13,Ukwa East Mine,7.1,20.7,44.6,87.6,2,1500,9567,5433,NORMAL,Optimal Mine Operations,Maintain Standard Production Schedule,97.5,5433
2024-02-14,Balaghat Central Mine,18.8,26.8,44.4,59.9,3,1500,5000,18500,FLEET_BREAKDOWN,Haul Truck & Shovel Mechanical Failure,Reallocate Backup Fleet & Deploy Mobile Mechanics,94.5,14800
2024-02-14,Mansar West Mine,18.8,26.8,44.4,59.9,3,1500,5000,18500,FLEET_BREAKDOWN,Haul Truck & Shovel Mechanical Failure,Reallocate Backup Fleet & Deploy Mobile Mechanics,89.2,14800
2024-02-14,Dongri Buzurg Mine,18.8,26.8,44.4,59.9,3,1500,5000,18500,FLEET_BREAKDOWN,Haul Truck & Shovel Mechanical Failure,Reallocate Backup Fleet & Deploy Mobile Mechanics,92.8,14800
2024-02-14,Ukwa East Mine,18.8,26.8,44.4,59.9,3,1500,5000,18500,FLEET_BREAKDOWN,Haul Truck & Shovel Mechanical Failure,Reallocate Backup Fleet & Deploy Mobile Mechanics,85.2,14800
2024-02-15,Balaghat Central Mine,3.5,30.1,32.0,71.6,2,1500,5000,18500,FLEET_BREAKDOWN,Haul Truck & Shovel Mechanical Failure,Reallocate Backup Fleet & Deploy Mobile Mechanics,85.8,14800
2024-02-15,Mansar West Mine,3.5,30.1,32.0,71.6,2,1500,5000,18500,FLEET_BREAKDOWN,Haul Truck & Shovel Mechanical Failure,Reallocate Backup Fleet & Deploy Mobile Mechanics,96.2,14800
2024-02-15,Dongri Buzurg Mine,3.5,30.1,32.0,71.6,2,1500,5000,18500,FLEET_BREAKDOWN,Haul Truck & Shovel Mechanical Failure,Reallocate Backup Fleet & Deploy Mobile Mechanics,88.2,14800
2024-02-15,Ukwa East Mine,3.5,30.1,32.0,71.6,2,1500,5000,18500,FLEET_BREAKDOWN,Haul Truck & Shovel Mechanical Failure,Reallocate Backup Fleet & Deploy Mobile Mechanics,94.0,14800
2024-02-16,Balaghat Central Mine,2.7,25.1,20.2,75.3,3,1500,15000,0,NORMAL,Optimal Mine Operations,Maintain Standard Production Schedule,91.9,0
2024-02-16,Mansar West Mine,2.7,25.1,20.2,75.3,3,1500,10500,4500,NORMAL,Optimal Mine Operations,Maintain Standard Production Schedule,96.6,4500
2024-02-16,Dongri Buzurg Mine,2.7,25.1,20.2,75.3,3,1500,15000,0,NORMAL,Optimal Mine Operations,Maintain Standard Production Schedule,92.7,0
2024-02-16,Ukwa East Mine,2.7,25.1,20.2,75.3,3,1500,13105,1895,NORMAL,Optimal Mine Operations,Maintain Standard Production Schedule,97.5,1895
2024-02-17,Balaghat Central Mine,6.4,29.1,35.4,94.4,1,1500,13761,1239,NORMAL,Optimal Mine Operations,Maintain Standard Production Schedule,94.6,1239
2024-02-17,Mansar West Mine,6.4,29.1,35.4,94.4,1,1500,15000,0,NORMAL,Optimal Mine Operations,Maintain Standard Production Schedule,86.8,0
2024-02-17,Dongri Buzurg Mine,6.4,29.1,35.4,94.4,1,1500,9192,5808,NORMAL,Optimal Mine Operations,Maintain Standard Production Schedule,90.9,5808
2024-02-17,Ukwa East Mine,6.4,29.1,35.4,94.4,1,1500,15000,0,NORMAL,Optimal Mine Operations,Maintain Standard Production Schedule,97.9,0
2024-02-18,Balaghat Central Mine,9.8,22.4,23.3,90.6,4,1500,14347,653,NORMAL,Optimal Mine Operations,Maintain Standard Production Schedule,94.5,653
2024-02-18,Mansar West Mine,9.8,22.4,23.3,90.6,4,1500,14663,337,NORMAL,Optimal Mine Operations,Maintain Standard Production Schedule,94.8,337
2024-02-18,Dongri Buzurg Mine,9.8,22.4,23.3,90.6,4,1500,11444,3556,NORMAL,Optimal Mine Operations,Maintain Standard Production Schedule,86.6,3556
2024-02-18,Ukwa East Mine,9.8,22.4,23.3,90.6,4,1500,15000,0,NORMAL,Optimal Mine Operations,Maintain Standard Production Schedule,87.9,0
2024-02-19,Balaghat Central Mine,17.3,23.6,19.1,89.0,1,1500,15000,0,NORMAL,Optimal Mine Operations,Maintain Standard Production Schedule,90.1,0
2024-02-19,Mansar West Mine,17.3,23.6,19.1,89.0,1,1500,12849,2151,NORMAL,Optimal Mine Operations,Maintain Standard Production Schedule,96.9,2151
2024-02-19,Dongri Buzurg Mine,17.3,23.6,19.1,89.0,1,1500,15000,0,NORMAL,Optimal Mine Operations,Maintain Standard Production Schedule,93.3,0
2024-02-19,Ukwa East Mine,17.3,23.6,19.1,89.0,1,1500,12046,2954,NORMAL,Optimal Mine Operations,Maintain Standard Production Schedule,89.4,2954
2024-02-20,Balaghat Central Mine,8.9,20.9,44.5,73.3,1,1500,5000,18500,FLEET_BREAKDOWN,Haul Truck & Shovel Mechanical Failure,Reallocate Backup Fleet & Deploy Mobile Mechanics,92.9,14800
2024-02-20,Mansar West Mine,8.9,20.9,44.5,73.3,1,1500,5000,18500,FLEET_BREAKDOWN,Haul Truck & Shovel Mechanical Failure,Reallocate Backup Fleet & Deploy Mobile Mechanics,91.9,14800
2024-02-20,Dongri Buzurg Mine,8.9,20.9,44.5,73.3,1,1500,5000,18500,FLEET_BREAKDOWN,Haul Truck & Shovel Mechanical Failure,Reallocate Backup Fleet & Deploy Mobile Mechanics,95.7,14800
2024-02-20,Ukwa East Mine,8.9,20.9,44.5,73.3,1,1500,5000,18500,FLEET_BREAKDOWN,Haul Truck & Shovel Mechanical Failure,Reallocate Backup Fleet & Deploy Mobile Mechanics,97.4,14800
2024-02-21,Balaghat Central Mine,14.6,26.7,21.9,90.2,3,1500,7549,7451,NORMAL,Optimal Mine Operations,Maintain Standard Production Schedule,90.2,7451
2024-02-21,Mansar West Mine,14.6,26.7,21.9,90.2,3,1500,15000,0,NORMAL,Optimal Mine Operations,Maintain Standard Production Schedule,91.1,0
2024-02-21,Dongri Buzurg Mine,14.6,26.7,21.9,90.2,3,1500,10925,4075,NORMAL,Optimal Mine Operations,Maintain Standard Production Schedule,87.2,4075
2024-02-21,Ukwa East Mine,14.6,26.7,21.9,90.2,3,1500,14954,46,NORMAL,Optimal Mine Operations,Maintain Standard Production Schedule,86.0,46
2024-02-22,Balaghat Central Mine,0.0,29.6,39.0,88.5,1,1500,11525,3475,NORMAL,Optimal Mine Operations,Maintain Standard Production Schedule,88.2,3475
2024-02-22,Mansar West Mine,0.0,29.6,39.0,88.5,1,1500,15000,0,NORMAL,Optimal Mine Operations,Maintain Standard Production Schedule,85.8,0
2024-02-22,Dongri Buzurg Mine,0.0,29.6,39.0,88.5,1,1500,15000,0,NORMAL,Optimal Mine Operations,Maintain Standard Production Schedule,85.3,0
2024-02-22,Ukwa East Mine,0.0,29.6,39.0,88.5,1,1500,13490,1510,NORMAL,Optimal Mine Operations,Maintain Standard Production Schedule,92.2,1510
2024-02-23,Balaghat Central Mine,0.8,23.1,21.4,95.7,1,1500,15000,0,NORMAL,Optimal Mine Operations,Maintain Standard Production Schedule,85.1,0
2024-02-23,Mansar West Mine,0.8,23.1,21.4,95.7,1,1500,14471,529,NORMAL,Optimal Mine Operations,Maintain Standard Production Schedule,92.1,529
2024-02-23,Dongri Buzurg Mine,0.8,23.1,21.4,95.7,1,1500,15000,0,NORMAL,Optimal Mine Operations,Maintain Standard Production Schedule,92.1,0
2024-02-23,Ukwa East Mine,0.8,23.1,21.4,95.7,1,1500,15000,0,NORMAL,Optimal Mine Operations,Maintain Standard Production Schedule,97.6,0
2024-02-24,Balaghat Central Mine,4.6,27.2,17.3,65.9,4,1500,5000,18500,FLEET_BREAKDOWN,Haul Truck & Shovel Mechanical Failure,Reallocate Backup Fleet & Deploy Mobile Mechanics,90.5,14800
2024-02-24,Mansar West Mine,4.6,27.2,17.3,65.9,4,1500,5000,18500,FLEET_BREAKDOWN,Haul Truck & Shovel Mechanical Failure,Reallocate Backup Fleet & Deploy Mobile Mechanics,91.6,14800
2024-02-24,Dongri Buzurg Mine,4.6,27.2,17.3,65.9,4,1500,5000,18500,FLEET_BREAKDOWN,Haul Truck & Shovel Mechanical Failure,Reallocate Backup Fleet & Deploy Mobile Mechanics,89.8,14800
2024-02-24,Ukwa East Mine,4.6,27.2,17.3,65.9,4,1500,5000,18500,FLEET_BREAKDOWN,Haul Truck & Shovel Mechanical Failure,Reallocate Backup Fleet & Deploy Mobile Mechanics,88.3,14800
2024-02-25,Balaghat Central Mine,17.0,29.5,44.3,75.0,3,1500,15000,0,NORMAL,Optimal Mine Operations,Maintain Standard Production Schedule,88.1,0
2024-02-25,Mansar West Mine,17.0,29.5,44.3,75.0,3,1500,12756,2244,NORMAL,Optimal Mine Operations,Maintain Standard Production Schedule,90.5,2244
2024-02-25,Dongri Buzurg Mine,17.0,29.5,44.3,75.0,3,1500,7051,7949,NORMAL,Optimal Mine Operations,Maintain Standard Production Schedule,86.5,7949
2024-02-25,Ukwa East Mine,17.0,29.5,44.3,75.0,3,1500,14780,220,NORMAL,Optimal Mine Operations,Maintain Standard Production Schedule,93.6,220
2024-02-26,Balaghat Central Mine,6.3,31.6,30.7,64.7,2,1500,5000,18500,FLEET_BREAKDOWN,Haul Truck & Shovel Mechanical Failure,Reallocate Backup Fleet & Deploy Mobile Mechanics,90.3,14800
2024-02-26,Mansar West Mine,6.3,31.6,30.7,64.7,2,1500,5000,18500,FLEET_BREAKDOWN,Haul Truck & Shovel Mechanical Failure,Reallocate Backup Fleet & Deploy Mobile Mechanics,95.6,14800
2024-02-26,Dongri Buzurg Mine,6.3,31.6,30.7,64.7,2,1500,5000,18500,FLEET_BREAKDOWN,Haul Truck & Shovel Mechanical Failure,Reallocate Backup Fleet & Deploy Mobile Mechanics,86.9,14800
2024-02-26,Ukwa East Mine,6.3,31.6,30.7,64.7,2,1500,5000,18500,FLEET_BREAKDOWN,Haul Truck & Shovel Mechanical Failure,Reallocate Backup Fleet & Deploy Mobile Mechanics,89.7,14800
2024-02-27,Balaghat Central Mine,8.0,20.0,33.1,83.1,2,1500,15000,0,NORMAL,Optimal Mine Operations,Maintain Standard Production Schedule,93.3,0
2024-02-27,Mansar West Mine,8.0,20.0,33.1,83.1,2,1500,15000,0,NORMAL,Optimal Mine Operations,Maintain Standard Production Schedule,97.0,0
2024-02-27,Dongri Buzurg Mine,8.0,20.0,33.1,83.1,2,1500,9522,5478,NORMAL,Optimal Mine Operations,Maintain Standard Production Schedule,93.9,5478
2024-02-27,Ukwa East Mine,8.0,20.0,33.1,83.1,2,1500,9481,5519,NORMAL,Optimal Mine Operations,Maintain Standard Production Schedule,94.6,5519
2024-02-28,Balaghat Central Mine,3.8,25.0,44.9,59.5,3,1500,5000,18500,FLEET_BREAKDOWN,Haul Truck & Shovel Mechanical Failure,Reallocate Backup Fleet & Deploy Mobile Mechanics,96.9,14800
2024-02-28,Mansar West Mine,3.8,25.0,44.9,59.5,3,1500,5000,18500,FLEET_BREAKDOWN,Haul Truck & Shovel Mechanical Failure,Reallocate Backup Fleet & Deploy Mobile Mechanics,92.4,14800
2024-02-28,Dongri Buzurg Mine,3.8,25.0,44.9,59.5,3,1500,5000,18500,FLEET_BREAKDOWN,Haul Truck & Shovel Mechanical Failure,Reallocate Backup Fleet & Deploy Mobile Mechanics,85.3,14800
2024-02-28,Ukwa East Mine,3.8,25.0,44.9,59.5,3,1500,5000,18500,FLEET_BREAKDOWN,Haul Truck & Shovel Mechanical Failure,Reallocate Backup Fleet & Deploy Mobile Mechanics,95.4,14800
2024-02-29,Balaghat Central Mine,14.0,27.8,42.4,58.1,3,1500,5000,18500,FLEET_BREAKDOWN,Haul Truck & Shovel Mechanical Failure,Reallocate Backup Fleet & Deploy Mobile Mechanics,96.0,14800
2024-02-29,Mansar West Mine,14.0,27.8,42.4,58.1,3,1500,5000,18500,FLEET_BREAKDOWN,Haul Truck & Shovel Mechanical Failure,Reallocate Backup Fleet & Deploy Mobile Mechanics,90.2,14800
2024-02-29,Dongri Buzurg Mine,14.0,27.8,42.4,58.1,3,1500,5000,18500,FLEET_BREAKDOWN,Haul Truck & Shovel Mechanical Failure,Reallocate Backup Fleet & Deploy Mobile Mechanics,97.1,14800
2024-02-29,Ukwa East Mine,14.0,27.8,42.4,58.1,3,1500,5000,18500,FLEET_BREAKDOWN,Haul Truck & Shovel Mechanical Failure,Reallocate Backup Fleet & Deploy Mobile Mechanics,86.5,14800
2024-03-01,Balaghat Central Mine,16.3,45.6,15.3,92.2,5,1500,5000,18500,HEATWAVE,Excavator & Crusher Motor Thermal Overload,Stagger 30-min Cooling Cycles & Night Shift Extraction,90.5,12025
2024-03-01,Mansar West Mine,16.3,45.6,15.3,92.2,5,1500,5000,18500,HEATWAVE,Excavator & Crusher Motor Thermal Overload,Stagger 30-min Cooling Cycles & Night Shift Extraction,93.8,12025
2024-03-01,Dongri Buzurg Mine,16.3,45.6,15.3,92.2,5,1500,5000,18500,HEATWAVE,Excavator & Crusher Motor Thermal Overload,Stagger 30-min Cooling Cycles & Night Shift Extraction,96.9,12025
2024-03-01,Ukwa East Mine,16.3,45.6,15.3,92.2,5,1500,5000,18500,HEATWAVE,Excavator & Crusher Motor Thermal Overload,Stagger 30-min Cooling Cycles & Night Shift Extraction,95.7,12025
2024-03-02,Balaghat Central Mine,9.5,37.6,30.2,87.2,2,1500,15000,0,NORMAL,Optimal Mine Operations,Maintain Standard Production Schedule,87.4,0
2024-03-02,Mansar West Mine,9.5,37.6,30.2,87.2,2,1500,13529,1471,NORMAL,Optimal Mine Operations,Maintain Standard Production Schedule,96.5,1471
2024-03-02,Dongri Buzurg Mine,9.5,37.6,30.2,87.2,2,1500,11161,3839,NORMAL,Optimal Mine Operations,Maintain Standard Production Schedule,93.1,3839
2024-03-02,Ukwa East Mine,9.5,37.6,30.2,87.2,2,1500,15000,0,NORMAL,Optimal Mine Operations,Maintain Standard Production Schedule,86.3,0
2024-03-03,Balaghat Central Mine,2.4,37.5,15.6,79.0,2,1500,15000,0,NORMAL,Optimal Mine Operations,Maintain Standard Production Schedule,86.5,0
2024-03-03,Mansar West Mine,2.4,37.5,15.6,79.0,2,1500,13299,1701,NORMAL,Optimal Mine Operations,Maintain Standard Production Schedule,88.3,1701
2024-03-03,Dongri Buzurg Mine,2.4,37.5,15.6,79.0,2,1500,9867,5133,NORMAL,Optimal Mine Operations,Maintain Standard Production Schedule,92.2,5133
2024-03-03,Ukwa East Mine,2.4,37.5,15.6,79.0,2,1500,15000,0,NORMAL,Optimal Mine Operations,Maintain Standard Production Schedule,88.3,0
2024-03-04,Balaghat Central Mine,2.3,44.2,32.9,81.8,5,1500,5000,18500,HEATWAVE,Excavator & Crusher Motor Thermal Overload,Stagger 30-min Cooling Cycles & Night Shift Extraction,88.0,12025
2024-03-04,Mansar West Mine,2.3,44.2,32.9,81.8,5,1500,5000,18500,HEATWAVE,Excavator & Crusher Motor Thermal Overload,Stagger 30-min Cooling Cycles & Night Shift Extraction,93.8,12025
2024-03-04,Dongri Buzurg Mine,2.3,44.2,32.9,81.8,5,1500,5000,18500,HEATWAVE,Excavator & Crusher Motor Thermal Overload,Stagger 30-min Cooling Cycles & Night Shift Extraction,94.4,12025
2024-03-04,Ukwa East Mine,2.3,44.2,32.9,81.8,5,1500,5000,18500,HEATWAVE,Excavator & Crusher Motor Thermal Overload,Stagger 30-min Cooling Cycles & Night Shift Extraction,90.3,12025
2024-03-05,Balaghat Central Mine,15.2,38.9,29.6,69.5,2,1500,5000,18500,FLEET_BREAKDOWN,Haul Truck & Shovel Mechanical Failure,Reallocate Backup Fleet & Deploy Mobile Mechanics,86.6,14800
2024-03-05,Mansar West Mine,15.2,38.9,29.6,69.5,2,1500,5000,18500,FLEET_BREAKDOWN,Haul Truck & Shovel Mechanical Failure,Reallocate Backup Fleet & Deploy Mobile Mechanics,89.5,14800
2024-03-05,Dongri Buzurg Mine,15.2,38.9,29.6,69.5,2,1500,5000,18500,FLEET_BREAKDOWN,Haul Truck & Shovel Mechanical Failure,Reallocate Backup Fleet & Deploy Mobile Mechanics,92.9,14800
2024-03-05,Ukwa East Mine,15.2,38.9,29.6,69.5,2,1500,5000,18500,FLEET_BREAKDOWN,Haul Truck & Shovel Mechanical Failure,Reallocate Backup Fleet & Deploy Mobile Mechanics,94.4,14800
2024-03-06,Balaghat Central Mine,19.0,45.1,43.5,78.7,5,1500,5000,18500,HEATWAVE,Excavator & Crusher Motor Thermal Overload,Stagger 30-min Cooling Cycles & Night Shift Extraction,95.3,12025
2024-03-06,Mansar West Mine,19.0,45.1,43.5,78.7,5,1500,5000,18500,HEATWAVE,Excavator & Crusher Motor Thermal Overload,Stagger 30-min Cooling Cycles & Night Shift Extraction,89.8,12025
2024-03-06,Dongri Buzurg Mine,19.0,45.1,43.5,78.7,5,1500,5000,18500,HEATWAVE,Excavator & Crusher Motor Thermal Overload,Stagger 30-min Cooling Cycles & Night Shift Extraction,91.4,12025
2024-03-06,Ukwa East Mine,19.0,45.1,43.5,78.7,5,1500,5000,18500,HEATWAVE,Excavator & Crusher Motor Thermal Overload,Stagger 30-min Cooling Cycles & Night Shift Extraction,88.7,12025
2024-03-07,Balaghat Central Mine,0.4,40.7,26.8,59.4,4,1500,5500,9500,HEATWAVE,Excavator & Crusher Motor Thermal Overload,Stagger 30-min Cooling Cycles & Night Shift Extraction,86.5,6175
2024-03-07,Mansar West Mine,0.4,40.7,26.8,59.4,4,1500,8836,6164,HEATWAVE,Excavator & Crusher Motor Thermal Overload,Stagger 30-min Cooling Cycles & Night Shift Extraction,92.1,4006
2024-03-07,Dongri Buzurg Mine,0.4,40.7,26.8,59.4,4,1500,5000,12899,HEATWAVE,Excavator & Crusher Motor Thermal Overload,Stagger 30-min Cooling Cycles & Night Shift Extraction,87.3,8384
2024-03-07,Ukwa East Mine,0.4,40.7,26.8,59.4,4,1500,5729,9271,HEATWAVE,Excavator & Crusher Motor Thermal Overload,Stagger 30-min Cooling Cycles & Night Shift Extraction,97.2,6026
2024-03-08,Balaghat Central Mine,9.5,36.2,34.9,81.6,5,1500,15000,0,NORMAL,Optimal Mine Operations,Maintain Standard Production Schedule,88.3,0
2024-03-08,Mansar West Mine,9.5,36.2,34.9,81.6,5,1500,15000,0,NORMAL,Optimal Mine Operations,Maintain Standard Production Schedule,94.6,0
2024-03-08,Dongri Buzurg Mine,9.5,36.2,34.9,81.6,5,1500,13189,1811,NORMAL,Optimal Mine Operations,Maintain Standard Production Schedule,92.4,1811
2024-03-08,Ukwa East Mine,9.5,36.2,34.9,81.6,5,1500,12625,2375,NORMAL,Optimal Mine Operations,Maintain Standard Production Schedule,88.1,2375
2024-03-09,Balaghat Central Mine,9.7,41.7,15.2,56.4,3,1500,5000,11937,HEATWAVE,Excavator & Crusher Motor Thermal Overload,Stagger 30-min Cooling Cycles & Night Shift Extraction,86.1,7759
2024-03-09,Mansar West Mine,9.7,41.7,15.2,56.4,3,1500,5000,17862,HEATWAVE,Excavator & Crusher Motor Thermal Overload,Stagger 30-min Cooling Cycles & Night Shift Extraction,88.6,11610
2024-03-09,Dongri Buzurg Mine,9.7,41.7,15.2,56.4,3,1500,5000,14670,HEATWAVE,Excavator & Crusher Motor Thermal Overload,Stagger 30-min Cooling Cycles & Night Shift Extraction,92.2,9535
2024-03-09,Ukwa East Mine,9.7,41.7,15.2,56.4,3,1500,5000,15678,HEATWAVE,Excavator & Crusher Motor Thermal Overload,Stagger 30-min Cooling Cycles & Night Shift Extraction,85.8,10190
2024-03-10,Balaghat Central Mine,13.3,40.6,22.8,71.5,2,1500,5000,11835,HEATWAVE,Excavator & Crusher Motor Thermal Overload,Stagger 30-min Cooling Cycles & Night Shift Extraction,95.7,7692
2024-03-10,Mansar West Mine,13.3,40.6,22.8,71.5,2,1500,5000,11538,HEATWAVE,Excavator & Crusher Motor Thermal Overload,Stagger 30-min Cooling Cycles & Night Shift Extraction,96.1,7499
2024-03-10,Dongri Buzurg Mine,13.3,40.6,22.8,71.5,2,1500,7364,7636,HEATWAVE,Excavator & Crusher Motor Thermal Overload,Stagger 30-min Cooling Cycles & Night Shift Extraction,86.1,4963
2024-03-10,Ukwa East Mine,13.3,40.6,22.8,71.5,2,1500,8153,6847,HEATWAVE,Excavator & Crusher Motor Thermal Overload,Stagger 30-min Cooling Cycles & Night Shift Extraction,89.3,4450
2024-03-11,Balaghat Central Mine,8.8,37.5,16.3,76.6,1,1500,10212,4788,NORMAL,Optimal Mine Operations,Maintain Standard Production Schedule,91.3,4788
2024-03-11,Mansar West Mine,8.8,37.5,16.3,76.6,1,1500,15000,0,NORMAL,Optimal Mine Operations,Maintain Standard Production Schedule,92.3,0
2024-03-11,Dongri Buzurg Mine,8.8,37.5,16.3,76.6,1,1500,13014,1986,NORMAL,Optimal Mine Operations,Maintain Standard Production Schedule,90.8,1986
2024-03-11,Ukwa East Mine,8.8,37.5,16.3,76.6,1,1500,14176,824,NORMAL,Optimal Mine Operations,Maintain Standard Production Schedule,87.0,824
2024-03-12,Balaghat Central Mine,19.1,39.7,41.2,55.4,1,1500,5000,18500,FLEET_BREAKDOWN,Haul Truck & Shovel Mechanical Failure,Reallocate Backup Fleet & Deploy Mobile Mechanics,90.1,14800
2024-03-12,Mansar West Mine,19.1,39.7,41.2,55.4,1,1500,5000,18500,FLEET_BREAKDOWN,Haul Truck & Shovel Mechanical Failure,Reallocate Backup Fleet & Deploy Mobile Mechanics,94.2,14800
2024-03-12,Dongri Buzurg Mine,19.1,39.7,41.2,55.4,1,1500,5000,18500,FLEET_BREAKDOWN,Haul Truck & Shovel Mechanical Failure,Reallocate Backup Fleet & Deploy Mobile Mechanics,85.1,14800
2024-03-12,Ukwa East Mine,19.1,39.7,41.2,55.4,1,1500,5000,18500,FLEET_BREAKDOWN,Haul Truck & Shovel Mechanical Failure,Reallocate Backup Fleet & Deploy Mobile Mechanics,87.3,14800
2024-03-13,Balaghat Central Mine,16.9,44.5,18.3,76.1,1,1500,5000,18500,HEATWAVE,Excavator & Crusher Motor Thermal Overload,Stagger 30-min Cooling Cycles & Night Shift Extraction,90.2,12025
2024-03-13,Mansar West Mine,16.9,44.5,18.3,76.1,1,1500,5000,18500,HEATWAVE,Excavator & Crusher Motor Thermal Overload,Stagger 30-min Cooling Cycles & Night Shift Extraction,92.2,12025
2024-03-13,Dongri Buzurg Mine,16.9,44.5,18.3,76.1,1,1500,5000,18500,HEATWAVE,Excavator & Crusher Motor Thermal Overload,Stagger 30-min Cooling Cycles & Night Shift Extraction,96.6,12025
2024-03-13,Ukwa East Mine,16.9,44.5,18.3,76.1,1,1500,5000,18500,HEATWAVE,Excavator & Crusher Motor Thermal Overload,Stagger 30-min Cooling Cycles & Night Shift Extraction,96.9,12025
2024-03-14,Balaghat Central Mine,12.3,39.7,23.7,95.2,4,1500,15000,0,NORMAL,Optimal Mine Operations,Maintain Standard Production Schedule,95.6,0
2024-03-14,Mansar West Mine,12.3,39.7,23.7,95.2,4,1500,13792,1208,NORMAL,Optimal Mine Operations,Maintain Standard Production Schedule,96.9,1208
2024-03-14,Dongri Buzurg Mine,12.3,39.7,23.7,95.2,4,1500,15000,0,NORMAL,Optimal Mine Operations,Maintain Standard Production Schedule,93.2,0
2024-03-14,Ukwa East Mine,12.3,39.7,23.7,95.2,4,1500,13326,1674,NORMAL,Optimal Mine Operations,Maintain Standard Production Schedule,93.0,1674
2024-03-15,Balaghat Central Mine,6.5,44.9,38.3,56.1,2,1500,5000,18500,HEATWAVE,Excavator & Crusher Motor Thermal Overload,Stagger 30-min Cooling Cycles & Night Shift Extraction,88.8,12025
2024-03-15,Mansar West Mine,6.5,44.9,38.3,56.1,2,1500,5000,18500,HEATWAVE,Excavator & Crusher Motor Thermal Overload,Stagger 30-min Cooling Cycles & Night Shift Extraction,93.0,12025
2024-03-15,Dongri Buzurg Mine,6.5,44.9,38.3,56.1,2,1500,5000,18500,HEATWAVE,Excavator & Crusher Motor Thermal Overload,Stagger 30-min Cooling Cycles & Night Shift Extraction,90.7,12025
2024-03-15,Ukwa East Mine,6.5,44.9,38.3,56.1,2,1500,5000,18500,HEATWAVE,Excavator & Crusher Motor Thermal Overload,Stagger 30-min Cooling Cycles & Night Shift Extraction,95.7,12025
2024-03-16,Balaghat Central Mine,10.2,39.0,35.7,64.1,4,1500,5000,18500,FLEET_BREAKDOWN,Haul Truck & Shovel Mechanical Failure,Reallocate Backup Fleet & Deploy Mobile Mechanics,95.7,14800
2024-03-16,Mansar West Mine,10.2,39.0,35.7,64.1,4,1500,5000,18500,FLEET_BREAKDOWN,Haul Truck & Shovel Mechanical Failure,Reallocate Backup Fleet & Deploy Mobile Mechanics,86.0,14800
2024-03-16,Dongri Buzurg Mine,10.2,39.0,35.7,64.1,4,1500,5000,18500,FLEET_BREAKDOWN,Haul Truck & Shovel Mechanical Failure,Reallocate Backup Fleet & Deploy Mobile Mechanics,92.0,14800
2024-03-16,Ukwa East Mine,10.2,39.0,35.7,64.1,4,1500,5000,18500,FLEET_BREAKDOWN,Haul Truck & Shovel Mechanical Failure,Reallocate Backup Fleet & Deploy Mobile Mechanics,90.3,14800
2024-03-17,Balaghat Central Mine,18.2,36.2,38.4,55.9,3,1500,5000,18500,FLEET_BREAKDOWN,Haul Truck & Shovel Mechanical Failure,Reallocate Backup Fleet & Deploy Mobile Mechanics,94.3,14800
2024-03-17,Mansar West Mine,18.2,36.2,38.4,55.9,3,1500,5000,18500,FLEET_BREAKDOWN,Haul Truck & Shovel Mechanical Failure,Reallocate Backup Fleet & Deploy Mobile Mechanics,94.1,14800
2024-03-17,Dongri Buzurg Mine,18.2,36.2,38.4,55.9,3,1500,5000,18500,FLEET_BREAKDOWN,Haul Truck & Shovel Mechanical Failure,Reallocate Backup Fleet & Deploy Mobile Mechanics,85.2,14800
2024-03-17,Ukwa East Mine,18.2,36.2,38.4,55.9,3,1500,5000,18500,FLEET_BREAKDOWN,Haul Truck & Shovel Mechanical Failure,Reallocate Backup Fleet & Deploy Mobile Mechanics,93.1,14800
2024-03-18,Balaghat Central Mine,1.6,42.7,31.6,73.0,4,1500,5000,17173,HEATWAVE,Excavator & Crusher Motor Thermal Overload,Stagger 30-min Cooling Cycles & Night Shift Extraction,94.6,11162
2024-03-18,Mansar West Mine,1.6,42.7,31.6,73.0,4,1500,5000,16290,HEATWAVE,Excavator & Crusher Motor Thermal Overload,Stagger 30-min Cooling Cycles & Night Shift Extraction,96.8,10588
2024-03-18,Dongri Buzurg Mine,1.6,42.7,31.6,73.0,4,1500,5000,17728,HEATWAVE,Excavator & Crusher Motor Thermal Overload,Stagger 30-min Cooling Cycles & Night Shift Extraction,86.9,11523
2024-03-18,Ukwa East Mine,1.6,42.7,31.6,73.0,4,1500,5000,18500,HEATWAVE,Excavator & Crusher Motor Thermal Overload,Stagger 30-min Cooling Cycles & Night Shift Extraction,86.1,12025
2024-03-19,Balaghat Central Mine,5.8,37.2,18.1,82.8,1,1500,15000,0,NORMAL,Optimal Mine Operations,Maintain Standard Production Schedule,97.5,0
2024-03-19,Mansar West Mine,5.8,37.2,18.1,82.8,1,1500,15000,0,NORMAL,Optimal Mine Operations,Maintain Standard Production Schedule,92.4,0
2024-03-19,Dongri Buzurg Mine,5.8,37.2,18.1,82.8,1,1500,14659,341,NORMAL,Optimal Mine Operations,Maintain Standard Production Schedule,92.9,341
2024-03-19,Ukwa East Mine,5.8,37.2,18.1,82.8,1,1500,14691,309,NORMAL,Optimal Mine Operations,Maintain Standard Production Schedule,95.5,309
2024-03-20,Balaghat Central Mine,13.2,39.8,24.6,77.8,3,1500,14778,222,NORMAL,Optimal Mine Operations,Maintain Standard Production Schedule,90.0,222
2024-03-20,Mansar West Mine,13.2,39.8,24.6,77.8,3,1500,13914,1086,NORMAL,Optimal Mine Operations,Maintain Standard Production Schedule,95.2,1086
2024-03-20,Dongri Buzurg Mine,13.2,39.8,24.6,77.8,3,1500,15000,0,NORMAL,Optimal Mine Operations,Maintain Standard Production Schedule,88.4,0
2024-03-20,Ukwa East Mine,13.2,39.8,24.6,77.8,3,1500,15000,0,NORMAL,Optimal Mine Operations,Maintain Standard Production Schedule,94.8,0
2024-03-21,Balaghat Central Mine,6.4,43.8,26.0,57.5,3,1500,5000,18500,HEATWAVE,Excavator & Crusher Motor Thermal Overload,Stagger 30-min Cooling Cycles & Night Shift Extraction,97.2,12025
2024-03-21,Mansar West Mine,6.4,43.8,26.0,57.5,3,1500,5000,18500,HEATWAVE,Excavator & Crusher Motor Thermal Overload,Stagger 30-min Cooling Cycles & Night Shift Extraction,94.1,12025
2024-03-21,Dongri Buzurg Mine,6.4,43.8,26.0,57.5,3,1500,5000,18500,HEATWAVE,Excavator & Crusher Motor Thermal Overload,Stagger 30-min Cooling Cycles & Night Shift Extraction,94.0,12025
2024-03-21,Ukwa East Mine,6.4,43.8,26.0,57.5,3,1500,5000,18500,HEATWAVE,Excavator & Crusher Motor Thermal Overload,Stagger 30-min Cooling Cycles & Night Shift Extraction,86.7,12025
2024-03-22,Balaghat Central Mine,1.4,38.8,17.9,83.3,3,1500,12330,2670,NORMAL,Optimal Mine Operations,Maintain Standard Production Schedule,86.6,2670
2024-03-22,Mansar West Mine,1.4,38.8,17.9,83.3,3,1500,8045,6955,NORMAL,Optimal Mine Operations,Maintain Standard Production Schedule,94.6,6955
2024-03-22,Dongri Buzurg Mine,1.4,38.8,17.9,83.3,3,1500,12018,2982,NORMAL,Optimal Mine Operations,Maintain Standard Production Schedule,95.3,2982
2024-03-22,Ukwa East Mine,1.4,38.8,17.9,83.3,3,1500,15000,0,NORMAL,Optimal Mine Operations,Maintain Standard Production Schedule,95.0,0
2024-03-23,Balaghat Central Mine,17.2,40.8,28.5,58.7,2,1500,5000,10599,HEATWAVE,Excavator & Crusher Motor Thermal Overload,Stagger 30-min Cooling Cycles & Night Shift Extraction,87.4,6889
2024-03-23,Mansar West Mine,17.2,40.8,28.5,58.7,2,1500,5000,10811,HEATWAVE,Excavator & Crusher Motor Thermal Overload,Stagger 30-min Cooling Cycles & Night Shift Extraction,91.6,7027
2024-03-23,Dongri Buzurg Mine,17.2,40.8,28.5,58.7,2,1500,5000,10063,HEATWAVE,Excavator & Crusher Motor Thermal Overload,Stagger 30-min Cooling Cycles & Night Shift Extraction,91.6,6540
2024-03-23,Ukwa East Mine,17.2,40.8,28.5,58.7,2,1500,5000,15058,HEATWAVE,Excavator & Crusher Motor Thermal Overload,Stagger 30-min Cooling Cycles & Night Shift Extraction,92.2,9787
2024-03-24,Balaghat Central Mine,2.4,43.4,22.7,93.3,3,1500,5000,18500,HEATWAVE,Excavator & Crusher Motor Thermal Overload,Stagger 30-min Cooling Cycles & Night Shift Extraction,86.0,12025
2024-03-24,Mansar West Mine,2.4,43.4,22.7,93.3,3,1500,5000,18500,HEATWAVE,Excavator & Crusher Motor Thermal Overload,Stagger 30-min Cooling Cycles & Night Shift Extraction,86.5,12025
2024-03-24,Dongri Buzurg Mine,2.4,43.4,22.7,93.3,3,1500,5000,18500,HEATWAVE,Excavator & Crusher Motor Thermal Overload,Stagger 30-min Cooling Cycles & Night Shift Extraction,93.7,12025
2024-03-24,Ukwa East Mine,2.4,43.4,22.7,93.3,3,1500,5000,18500,HEATWAVE,Excavator & Crusher Motor Thermal Overload,Stagger 30-min Cooling Cycles & Night Shift Extraction,90.1,12025
2024-03-25,Balaghat Central Mine,19.2,42.5,22.7,73.7,5,1500,5000,15844,HEATWAVE,Excavator & Crusher Motor Thermal Overload,Stagger 30-min Cooling Cycles & Night Shift Extraction,96.3,10298
2024-03-25,Mansar West Mine,19.2,42.5,22.7,73.7,5,1500,5000,13502,HEATWAVE,Excavator & Crusher Motor Thermal Overload,Stagger 30-min Cooling Cycles & Night Shift Extraction,86.0,8776
2024-03-25,Dongri Buzurg Mine,19.2,42.5,22.7,73.7,5,1500,5000,17201,HEATWAVE,Excavator & Crusher Motor Thermal Overload,Stagger 30-min Cooling Cycles & Night Shift Extraction,87.0,11180
2024-03-25,Ukwa East Mine,19.2,42.5,22.7,73.7,5,1500,5000,18104,HEATWAVE,Excavator & Crusher Motor Thermal Overload,Stagger 30-min Cooling Cycles & Night Shift Extraction,90.7,11767
2024-03-26,Balaghat Central Mine,17.4,43.7,43.6,70.0,3,1500,5000,18500,HEATWAVE,Excavator & Crusher Motor Thermal Overload,Stagger 30-min Cooling Cycles & Night Shift Extraction,95.6,12025
2024-03-26,Mansar West Mine,17.4,43.7,43.6,70.0,3,1500,5000,18500,HEATWAVE,Excavator & Crusher Motor Thermal Overload,Stagger 30-min Cooling Cycles & Night Shift Extraction,85.9,12025
2024-03-26,Dongri Buzurg Mine,17.4,43.7,43.6,70.0,3,1500,5000,16242,HEATWAVE,Excavator & Crusher Motor Thermal Overload,Stagger 30-min Cooling Cycles & Night Shift Extraction,91.5,10557
2024-03-26,Ukwa East Mine,17.4,43.7,43.6,70.0,3,1500,5000,18500,HEATWAVE,Excavator & Crusher Motor Thermal Overload,Stagger 30-min Cooling Cycles & Night Shift Extraction,91.2,12025
2024-03-27,Balaghat Central Mine,17.4,42.0,34.9,77.5,1,1500,5000,14078,HEATWAVE,Excavator & Crusher Motor Thermal Overload,Stagger 30-min Cooling Cycles & Night Shift Extraction,95.2,9150
2024-03-27,Mansar West Mine,17.4,42.0,34.9,77.5,1,1500,5000,14215,HEATWAVE,Excavator & Crusher Motor Thermal Overload,Stagger 30-min Cooling Cycles & Night Shift Extraction,89.3,9239
2024-03-27,Dongri Buzurg Mine,17.4,42.0,34.9,77.5,1,1500,5000,14625,HEATWAVE,Excavator & Crusher Motor Thermal Overload,Stagger 30-min Cooling Cycles & Night Shift Extraction,90.6,9506
2024-03-27,Ukwa East Mine,17.4,42.0,34.9,77.5,1,1500,5000,12271,HEATWAVE,Excavator & Crusher Motor Thermal Overload,Stagger 30-min Cooling Cycles & Night Shift Extraction,90.7,7976
2024-03-28,Balaghat Central Mine,7.8,45.5,41.7,61.3,2,1500,5000,18500,HEATWAVE,Excavator & Crusher Motor Thermal Overload,Stagger 30-min Cooling Cycles & Night Shift Extraction,91.4,12025
2024-03-28,Mansar West Mine,7.8,45.5,41.7,61.3,2,1500,5000,18500,HEATWAVE,Excavator & Crusher Motor Thermal Overload,Stagger 30-min Cooling Cycles & Night Shift Extraction,91.0,12025
2024-03-28,Dongri Buzurg Mine,7.8,45.5,41.7,61.3,2,1500,5000,18500,HEATWAVE,Excavator & Crusher Motor Thermal Overload,Stagger 30-min Cooling Cycles & Night Shift Extraction,91.4,12025
2024-03-28,Ukwa East Mine,7.8,45.5,41.7,61.3,2,1500,5000,18500,HEATWAVE,Excavator & Crusher Motor Thermal Overload,Stagger 30-min Cooling Cycles & Night Shift Extraction,92.2,12025
2024-03-29,Balaghat Central Mine,16.0,37.2,44.9,63.3,4,1500,5000,18500,FLEET_BREAKDOWN,Haul Truck & Shovel Mechanical Failure,Reallocate Backup Fleet & Deploy Mobile Mechanics,88.0,14800
2024-03-29,Mansar West Mine,16.0,37.2,44.9,63.3,4,1500,5000,18500,FLEET_BREAKDOWN,Haul Truck & Shovel Mechanical Failure,Reallocate Backup Fleet & Deploy Mobile Mechanics,89.9,14800
2024-03-29,Dongri Buzurg Mine,16.0,37.2,44.9,63.3,4,1500,5000,18500,FLEET_BREAKDOWN,Haul Truck & Shovel Mechanical Failure,Reallocate Backup Fleet & Deploy Mobile Mechanics,86.5,14800
2024-03-29,Ukwa East Mine,16.0,37.2,44.9,63.3,4,1500,5000,18500,FLEET_BREAKDOWN,Haul Truck & Shovel Mechanical Failure,Reallocate Backup Fleet & Deploy Mobile Mechanics,93.0,14800
2024-03-30,Balaghat Central Mine,11.8,42.8,34.9,91.4,2,1500,5000,18500,HEATWAVE,Excavator & Crusher Motor Thermal Overload,Stagger 30-min Cooling Cycles & Night Shift Extraction,90.3,12025
2024-03-30,Mansar West Mine,11.8,42.8,34.9,91.4,2,1500,5000,16769,HEATWAVE,Excavator & Crusher Motor Thermal Overload,Stagger 30-min Cooling Cycles & Night Shift Extraction,87.8,10899
2024-03-30,Dongri Buzurg Mine,11.8,42.8,34.9,91.4,2,1500,5000,18500,HEATWAVE,Excavator & Crusher Motor Thermal Overload,Stagger 30-min Cooling Cycles & Night Shift Extraction,90.4,12025
2024-03-30,Ukwa East Mine,11.8,42.8,34.9,91.4,2,1500,5000,17338,HEATWAVE,Excavator & Crusher Motor Thermal Overload,Stagger 30-min Cooling Cycles & Night Shift Extraction,93.8,11269
2024-03-31,Balaghat Central Mine,12.5,45.6,26.7,75.5,2,1500,5000,18500,HEATWAVE,Excavator & Crusher Motor Thermal Overload,Stagger 30-min Cooling Cycles & Night Shift Extraction,90.0,12025
2024-03-31,Mansar West Mine,12.5,45.6,26.7,75.5,2,1500,5000,18500,HEATWAVE,Excavator & Crusher Motor Thermal Overload,Stagger 30-min Cooling Cycles & Night Shift Extraction,87.3,12025
2024-03-31,Dongri Buzurg Mine,12.5,45.6,26.7,75.5,2,1500,5000,18500,HEATWAVE,Excavator & Crusher Motor Thermal Overload,Stagger 30-min Cooling Cycles & Night Shift Extraction,97.8,12025
2024-03-31,Ukwa East Mine,12.5,45.6,26.7,75.5,2,1500,5000,18500,HEATWAVE,Excavator & Crusher Motor Thermal Overload,Stagger 30-min Cooling Cycles & Night Shift Extraction,95.1,12025
2024-04-01,Balaghat Central Mine,3.3,45.6,16.5,73.0,2,1500,5000,18500,HEATWAVE,Excavator & Crusher Motor Thermal Overload,Stagger 30-min Cooling Cycles & Night Shift Extraction,94.4,12025
2024-04-01,Mansar West Mine,3.3,45.6,16.5,73.0,2,1500,5000,18500,HEATWAVE,Excavator & Crusher Motor Thermal Overload,Stagger 30-min Cooling Cycles & Night Shift Extraction,94.7,12025
2024-04-01,Dongri Buzurg Mine,3.3,45.6,16.5,73.0,2,1500,5000,18500,HEATWAVE,Excavator & Crusher Motor Thermal Overload,Stagger 30-min Cooling Cycles & Night Shift Extraction,96.3,12025
2024-04-01,Ukwa East Mine,3.3,45.6,16.5,73.0,2,1500,5000,18500,HEATWAVE,Excavator & Crusher Motor Thermal Overload,Stagger 30-min Cooling Cycles & Night Shift Extraction,94.0,12025
2024-04-02,Balaghat Central Mine,12.8,44.7,35.2,64.0,5,1500,5000,18500,HEATWAVE,Excavator & Crusher Motor Thermal Overload,Stagger 30-min Cooling Cycles & Night Shift Extraction,94.2,12025
2024-04-02,Mansar West Mine,12.8,44.7,35.2,64.0,5,1500,5000,18500,HEATWAVE,Excavator & Crusher Motor Thermal Overload,Stagger 30-min Cooling Cycles & Night Shift Extraction,95.6,12025
2024-04-02,Dongri Buzurg Mine,12.8,44.7,35.2,64.0,5,1500,5000,18500,HEATWAVE,Excavator & Crusher Motor Thermal Overload,Stagger 30-min Cooling Cycles & Night Shift Extraction,87.0,12025
2024-04-02,Ukwa East Mine,12.8,44.7,35.2,64.0,5,1500,5000,18500,HEATWAVE,Excavator & Crusher Motor Thermal Overload,Stagger 30-min Cooling Cycles & Night Shift Extraction,92.8,12025
2024-04-03,Balaghat Central Mine,17.3,44.4,34.7,55.8,3,1500,5000,18500,HEATWAVE,Excavator & Crusher Motor Thermal Overload,Stagger 30-min Cooling Cycles & Night Shift Extraction,95.9,12025
2024-04-03,Mansar West Mine,17.3,44.4,34.7,55.8,3,1500,5000,18500,HEATWAVE,Excavator & Crusher Motor Thermal Overload,Stagger 30-min Cooling Cycles & Night Shift Extraction,90.3,12025
2024-04-03,Dongri Buzurg Mine,17.3,44.4,34.7,55.8,3,1500,5000,18500,HEATWAVE,Excavator & Crusher Motor Thermal Overload,Stagger 30-min Cooling Cycles & Night Shift Extraction,95.7,12025
2024-04-03,Ukwa East Mine,17.3,44.4,34.7,55.8,3,1500,5000,18500,HEATWAVE,Excavator & Crusher Motor Thermal Overload,Stagger 30-min Cooling Cycles & Night Shift Extraction,87.8,12025
2024-04-04,Balaghat Central Mine,1.7,38.5,31.5,64.4,2,1500,5000,18500,FLEET_BREAKDOWN,Haul Truck & Shovel Mechanical Failure,Reallocate Backup Fleet & Deploy Mobile Mechanics,87.1,14800
2024-04-04,Mansar West Mine,1.7,38.5,31.5,64.4,2,1500,5000,18500,FLEET_BREAKDOWN,Haul Truck & Shovel Mechanical Failure,Reallocate Backup Fleet & Deploy Mobile Mechanics,91.3,14800
2024-04-04,Dongri Buzurg Mine,1.7,38.5,31.5,64.4,2,1500,5000,18500,FLEET_BREAKDOWN,Haul Truck & Shovel Mechanical Failure,Reallocate Backup Fleet & Deploy Mobile Mechanics,96.5,14800
2024-04-04,Ukwa East Mine,1.7,38.5,31.5,64.4,2,1500,5000,18500,FLEET_BREAKDOWN,Haul Truck & Shovel Mechanical Failure,Reallocate Backup Fleet & Deploy Mobile Mechanics,85.2,14800
2024-04-05,Balaghat Central Mine,6.9,42.3,17.9,86.6,2,1500,5000,18500,HEATWAVE,Excavator & Crusher Motor Thermal Overload,Stagger 30-min Cooling Cycles & Night Shift Extraction,94.0,12025
2024-04-05,Mansar West Mine,6.9,42.3,17.9,86.6,2,1500,5000,18500,HEATWAVE,Excavator & Crusher Motor Thermal Overload,Stagger 30-min Cooling Cycles & Night Shift Extraction,88.2,12025
2024-04-05,Dongri Buzurg Mine,6.9,42.3,17.9,86.6,2,1500,5000,16969,HEATWAVE,Excavator & Crusher Motor Thermal Overload,Stagger 30-min Cooling Cycles & Night Shift Extraction,91.4,11029
2024-04-05,Ukwa East Mine,6.9,42.3,17.9,86.6,2,1500,5000,14352,HEATWAVE,Excavator & Crusher Motor Thermal Overload,Stagger 30-min Cooling Cycles & Night Shift Extraction,89.7,9328
2024-04-06,Balaghat Central Mine,16.3,41.8,34.8,58.4,5,1500,7710,7290,HEATWAVE,Excavator & Crusher Motor Thermal Overload,Stagger 30-min Cooling Cycles & Night Shift Extraction,87.0,4738
2024-04-06,Mansar West Mine,16.3,41.8,34.8,58.4,5,1500,5000,17784,HEATWAVE,Excavator & Crusher Motor Thermal Overload,Stagger 30-min Cooling Cycles & Night Shift Extraction,96.3,11559
2024-04-06,Dongri Buzurg Mine,16.3,41.8,34.8,58.4,5,1500,5000,15186,HEATWAVE,Excavator & Crusher Motor Thermal Overload,Stagger 30-min Cooling Cycles & Night Shift Extraction,89.0,9870
2024-04-06,Ukwa East Mine,16.3,41.8,34.8,58.4,5,1500,5000,18500,HEATWAVE,Excavator & Crusher Motor Thermal Overload,Stagger 30-min Cooling Cycles & Night Shift Extraction,90.6,12025
2024-04-07,Balaghat Central Mine,13.7,45.9,43.0,95.7,2,1500,5000,18500,HEATWAVE,Excavator & Crusher Motor Thermal Overload,Stagger 30-min Cooling Cycles & Night Shift Extraction,98.0,12025
2024-04-07,Mansar West Mine,13.7,45.9,43.0,95.7,2,1500,5000,18500,HEATWAVE,Excavator & Crusher Motor Thermal Overload,Stagger 30-min Cooling Cycles & Night Shift Extraction,96.8,12025
2024-04-07,Dongri Buzurg Mine,13.7,45.9,43.0,95.7,2,1500,5000,18500,HEATWAVE,Excavator & Crusher Motor Thermal Overload,Stagger 30-min Cooling Cycles & Night Shift Extraction,95.9,12025
2024-04-07,Ukwa East Mine,13.7,45.9,43.0,95.7,2,1500,5000,18500,HEATWAVE,Excavator & Crusher Motor Thermal Overload,Stagger 30-min Cooling Cycles & Night Shift Extraction,87.7,12025
2024-04-08,Balaghat Central Mine,12.9,38.2,18.4,79.9,5,1500,13125,1875,NORMAL,Optimal Mine Operations,Maintain Standard Production Schedule,90.0,1875
2024-04-08,Mansar West Mine,12.9,38.2,18.4,79.9,5,1500,10413,4587,NORMAL,Optimal Mine Operations,Maintain Standard Production Schedule,87.6,4587
2024-04-08,Dongri Buzurg Mine,12.9,38.2,18.4,79.9,5,1500,12274,2726,NORMAL,Optimal Mine Operations,Maintain Standard Production Schedule,85.0,2726
2024-04-08,Ukwa East Mine,12.9,38.2,18.4,79.9,5,1500,15000,0,NORMAL,Optimal Mine Operations,Maintain Standard Production Schedule,88.2,0
2024-04-09,Balaghat Central Mine,19.8,40.6,24.4,91.9,1,1500,8489,6511,HEATWAVE,Excavator & Crusher Motor Thermal Overload,Stagger 30-min Cooling Cycles & Night Shift Extraction,91.7,4232
2024-04-09,Mansar West Mine,19.8,40.6,24.4,91.9,1,1500,5000,11653,HEATWAVE,Excavator & Crusher Motor Thermal Overload,Stagger 30-min Cooling Cycles & Night Shift Extraction,85.5,7574
2024-04-09,Dongri Buzurg Mine,19.8,40.6,24.4,91.9,1,1500,9273,5727,HEATWAVE,Excavator & Crusher Motor Thermal Overload,Stagger 30-min Cooling Cycles & Night Shift Extraction,94.2,3722
2024-04-09,Ukwa East Mine,19.8,40.6,24.4,91.9,1,1500,7503,7497,HEATWAVE,Excavator & Crusher Motor Thermal Overload,Stagger 30-min Cooling Cycles & Night Shift Extraction,96.2,4873
2024-04-10,Balaghat Central Mine,7.6,45.4,35.3,65.6,1,1500,5000,18500,HEATWAVE,Excavator & Crusher Motor Thermal Overload,Stagger 30-min Cooling Cycles & Night Shift Extraction,96.1,12025
2024-04-10,Mansar West Mine,7.6,45.4,35.3,65.6,1,1500,5000,18500,HEATWAVE,Excavator & Crusher Motor Thermal Overload,Stagger 30-min Cooling Cycles & Night Shift Extraction,88.4,12025
2024-04-10,Dongri Buzurg Mine,7.6,45.4,35.3,65.6,1,1500,5000,18500,HEATWAVE,Excavator & Crusher Motor Thermal Overload,Stagger 30-min Cooling Cycles & Night Shift Extraction,95.0,12025
2024-04-10,Ukwa East Mine,7.6,45.4,35.3,65.6,1,1500,5000,18500,HEATWAVE,Excavator & Crusher Motor Thermal Overload,Stagger 30-min Cooling Cycles & Night Shift Extraction,97.3,12025
2024-04-11,Balaghat Central Mine,12.7,44.4,17.6,55.2,5,1500,5000,18500,HEATWAVE,Excavator & Crusher Motor Thermal Overload,Stagger 30-min Cooling Cycles & Night Shift Extraction,86.5,12025
2024-04-11,Mansar West Mine,12.7,44.4,17.6,55.2,5,1500,5000,18500,HEATWAVE,Excavator & Crusher Motor Thermal Overload,Stagger 30-min Cooling Cycles & Night Shift Extraction,89.3,12025
2024-04-11,Dongri Buzurg Mine,12.7,44.4,17.6,55.2,5,1500,5000,18500,HEATWAVE,Excavator & Crusher Motor Thermal Overload,Stagger 30-min Cooling Cycles & Night Shift Extraction,95.6,12025
2024-04-11,Ukwa East Mine,12.7,44.4,17.6,55.2,5,1500,5000,18500,HEATWAVE,Excavator & Crusher Motor Thermal Overload,Stagger 30-min Cooling Cycles & Night Shift Extraction,85.9,12025
2024-04-12,Balaghat Central Mine,19.3,40.3,32.0,76.1,5,1500,5596,9404,HEATWAVE,Excavator & Crusher Motor Thermal Overload,Stagger 30-min Cooling Cycles & Night Shift Extraction,97.9,6112
2024-04-12,Mansar West Mine,19.3,40.3,32.0,76.1,5,1500,7246,7754,HEATWAVE,Excavator & Crusher Motor Thermal Overload,Stagger 30-min Cooling Cycles & Night Shift Extraction,93.2,5040
2024-04-12,Dongri Buzurg Mine,19.3,40.3,32.0,76.1,5,1500,5000,11377,HEATWAVE,Excavator & Crusher Motor Thermal Overload,Stagger 30-min Cooling Cycles & Night Shift Extraction,92.5,7395
2024-04-12,Ukwa East Mine,19.3,40.3,32.0,76.1,5,1500,10203,4797,HEATWAVE,Excavator & Crusher Motor Thermal Overload,Stagger 30-min Cooling Cycles & Night Shift Extraction,88.9,3118
2024-04-13,Balaghat Central Mine,11.5,36.4,44.5,87.8,5,1500,15000,0,NORMAL,Optimal Mine Operations,Maintain Standard Production Schedule,94.2,0
2024-04-13,Mansar West Mine,11.5,36.4,44.5,87.8,5,1500,9584,5416,NORMAL,Optimal Mine Operations,Maintain Standard Production Schedule,92.0,5416
2024-04-13,Dongri Buzurg Mine,11.5,36.4,44.5,87.8,5,1500,15000,0,NORMAL,Optimal Mine Operations,Maintain Standard Production Schedule,86.5,0
2024-04-13,Ukwa East Mine,11.5,36.4,44.5,87.8,5,1500,13379,1621,NORMAL,Optimal Mine Operations,Maintain Standard Production Schedule,86.9,1621
2024-04-14,Balaghat Central Mine,3.9,41.1,43.3,90.4,5,1500,7430,7570,HEATWAVE,Excavator & Crusher Motor Thermal Overload,Stagger 30-min Cooling Cycles & Night Shift Extraction,92.0,4920
2024-04-14,Mansar West Mine,3.9,41.1,43.3,90.4,5,1500,5000,13719,HEATWAVE,Excavator & Crusher Motor Thermal Overload,Stagger 30-min Cooling Cycles & Night Shift Extraction,93.5,8917
2024-04-14,Dongri Buzurg Mine,3.9,41.1,43.3,90.4,5,1500,5000,13383,HEATWAVE,Excavator & Crusher Motor Thermal Overload,Stagger 30-min Cooling Cycles & Night Shift Extraction,92.3,8698
2024-04-14,Ukwa East Mine,3.9,41.1,43.3,90.4,5,1500,5000,10745,HEATWAVE,Excavator & Crusher Motor Thermal Overload,Stagger 30-min Cooling Cycles & Night Shift Extraction,96.4,6984
2024-04-15,Balaghat Central Mine,6.2,38.3,27.8,76.8,3,1500,14274,726,NORMAL,Optimal Mine Operations,Maintain Standard Production Schedule,94.2,726
2024-04-15,Mansar West Mine,6.2,38.3,27.8,76.8,3,1500,15000,0,NORMAL,Optimal Mine Operations,Maintain Standard Production Schedule,94.3,0
2024-04-15,Dongri Buzurg Mine,6.2,38.3,27.8,76.8,3,1500,15000,0,NORMAL,Optimal Mine Operations,Maintain Standard Production Schedule,97.9,0
2024-04-15,Ukwa East Mine,6.2,38.3,27.8,76.8,3,1500,14200,800,NORMAL,Optimal Mine Operations,Maintain Standard Production Schedule,88.9,800
2024-04-16,Balaghat Central Mine,18.1,40.4,30.4,93.5,2,1500,10908,4092,HEATWAVE,Excavator & Crusher Motor Thermal Overload,Stagger 30-min Cooling Cycles & Night Shift Extraction,94.9,2659
2024-04-16,Mansar West Mine,18.1,40.4,30.4,93.5,2,1500,11048,3952,HEATWAVE,Excavator & Crusher Motor Thermal Overload,Stagger 30-min Cooling Cycles & Night Shift Extraction,90.5,2568
2024-04-16,Dongri Buzurg Mine,18.1,40.4,30.4,93.5,2,1500,5000,13821,HEATWAVE,Excavator & Crusher Motor Thermal Overload,Stagger 30-min Cooling Cycles & Night Shift Extraction,88.2,8983
2024-04-16,Ukwa East Mine,18.1,40.4,30.4,93.5,2,1500,5000,10970,HEATWAVE,Excavator & Crusher Motor Thermal Overload,Stagger 30-min Cooling Cycles & Night Shift Extraction,88.9,7130
2024-04-17,Balaghat Central Mine,3.3,43.5,37.3,90.4,1,1500,5000,18500,HEATWAVE,Excavator & Crusher Motor Thermal Overload,Stagger 30-min Cooling Cycles & Night Shift Extraction,95.1,12025
2024-04-17,Mansar West Mine,3.3,43.5,37.3,90.4,1,1500,5000,18500,HEATWAVE,Excavator & Crusher Motor Thermal Overload,Stagger 30-min Cooling Cycles & Night Shift Extraction,93.5,12025
2024-04-17,Dongri Buzurg Mine,3.3,43.5,37.3,90.4,1,1500,5000,18500,HEATWAVE,Excavator & Crusher Motor Thermal Overload,Stagger 30-min Cooling Cycles & Night Shift Extraction,90.5,12025
2024-04-17,Ukwa East Mine,3.3,43.5,37.3,90.4,1,1500,5000,18024,HEATWAVE,Excavator & Crusher Motor Thermal Overload,Stagger 30-min Cooling Cycles & Night Shift Extraction,96.1,11715
2024-04-18,Balaghat Central Mine,11.3,36.9,23.4,62.9,1,1500,5000,18500,FLEET_BREAKDOWN,Haul Truck & Shovel Mechanical Failure,Reallocate Backup Fleet & Deploy Mobile Mechanics,93.8,14800
2024-04-18,Mansar West Mine,11.3,36.9,23.4,62.9,1,1500,5000,18500,FLEET_BREAKDOWN,Haul Truck & Shovel Mechanical Failure,Reallocate Backup Fleet & Deploy Mobile Mechanics,89.7,14800
2024-04-18,Dongri Buzurg Mine,11.3,36.9,23.4,62.9,1,1500,5000,18500,FLEET_BREAKDOWN,Haul Truck & Shovel Mechanical Failure,Reallocate Backup Fleet & Deploy Mobile Mechanics,97.0,14800
2024-04-18,Ukwa East Mine,11.3,36.9,23.4,62.9,1,1500,5000,18500,FLEET_BREAKDOWN,Haul Truck & Shovel Mechanical Failure,Reallocate Backup Fleet & Deploy Mobile Mechanics,87.4,14800
2024-04-19,Balaghat Central Mine,12.9,43.1,30.9,83.3,3,1500,5000,18500,HEATWAVE,Excavator & Crusher Motor Thermal Overload,Stagger 30-min Cooling Cycles & Night Shift Extraction,87.1,12025
2024-04-19,Mansar West Mine,12.9,43.1,30.9,83.3,3,1500,5000,18500,HEATWAVE,Excavator & Crusher Motor Thermal Overload,Stagger 30-min Cooling Cycles & Night Shift Extraction,91.0,12025
2024-04-19,Dongri Buzurg Mine,12.9,43.1,30.9,83.3,3,1500,5000,18500,HEATWAVE,Excavator & Crusher Motor Thermal Overload,Stagger 30-min Cooling Cycles & Night Shift Extraction,94.5,12025
2024-04-19,Ukwa East Mine,12.9,43.1,30.9,83.3,3,1500,5000,15256,HEATWAVE,Excavator & Crusher Motor Thermal Overload,Stagger 30-min Cooling Cycles & Night Shift Extraction,89.8,9916
2024-04-20,Balaghat Central Mine,19.4,37.1,20.9,89.2,5,1500,15000,0,NORMAL,Optimal Mine Operations,Maintain Standard Production Schedule,85.8,0
2024-04-20,Mansar West Mine,19.4,37.1,20.9,89.2,5,1500,11951,3049,NORMAL,Optimal Mine Operations,Maintain Standard Production Schedule,95.5,3049
2024-04-20,Dongri Buzurg Mine,19.4,37.1,20.9,89.2,5,1500,14397,603,NORMAL,Optimal Mine Operations,Maintain Standard Production Schedule,93.4,603
2024-04-20,Ukwa East Mine,19.4,37.1,20.9,89.2,5,1500,15000,0,NORMAL,Optimal Mine Operations,Maintain Standard Production Schedule,95.6,0
2024-04-21,Balaghat Central Mine,0.2,44.3,20.0,86.2,4,1500,5000,18500,HEATWAVE,Excavator & Crusher Motor Thermal Overload,Stagger 30-min Cooling Cycles & Night Shift Extraction,91.6,12025
2024-04-21,Mansar West Mine,0.2,44.3,20.0,86.2,4,1500,5000,18500,HEATWAVE,Excavator & Crusher Motor Thermal Overload,Stagger 30-min Cooling Cycles & Night Shift Extraction,97.1,12025
2024-04-21,Dongri Buzurg Mine,0.2,44.3,20.0,86.2,4,1500,5000,18500,HEATWAVE,Excavator & Crusher Motor Thermal Overload,Stagger 30-min Cooling Cycles & Night Shift Extraction,96.7,12025
2024-04-21,Ukwa East Mine,0.2,44.3,20.0,86.2,4,1500,5000,18500,HEATWAVE,Excavator & Crusher Motor Thermal Overload,Stagger 30-min Cooling Cycles & Night Shift Extraction,94.0,12025
2024-04-22,Balaghat Central Mine,10.7,40.9,44.5,61.5,3,1500,8033,6967,HEATWAVE,Excavator & Crusher Motor Thermal Overload,Stagger 30-min Cooling Cycles & Night Shift Extraction,94.7,4528
2024-04-22,Mansar West Mine,10.7,40.9,44.5,61.5,3,1500,6135,8865,HEATWAVE,Excavator & Crusher Motor Thermal Overload,Stagger 30-min Cooling Cycles & Night Shift Extraction,93.6,5762
2024-04-22,Dongri Buzurg Mine,10.7,40.9,44.5,61.5,3,1500,5000,14850,HEATWAVE,Excavator & Crusher Motor Thermal Overload,Stagger 30-min Cooling Cycles & Night Shift Extraction,91.3,9652
2024-04-22,Ukwa East Mine,10.7,40.9,44.5,61.5,3,1500,5000,14137,HEATWAVE,Excavator & Crusher Motor Thermal Overload,Stagger 30-min Cooling Cycles & Night Shift Extraction,89.9,9189
2024-04-23,Balaghat Central Mine,10.7,40.4,21.1,58.7,5,1500,8902,6098,HEATWAVE,Excavator & Crusher Motor Thermal Overload,Stagger 30-min Cooling Cycles & Night Shift Extraction,91.4,3963
2024-04-23,Mansar West Mine,10.7,40.4,21.1,58.7,5,1500,5000,16197,HEATWAVE,Excavator & Crusher Motor Thermal Overload,Stagger 30-min Cooling Cycles & Night Shift Extraction,92.1,10528
2024-04-23,Dongri Buzurg Mine,10.7,40.4,21.1,58.7,5,1500,9833,5167,HEATWAVE,Excavator & Crusher Motor Thermal Overload,Stagger 30-min Cooling Cycles & Night Shift Extraction,88.3,3358
2024-04-23,Ukwa East Mine,10.7,40.4,21.1,58.7,5,1500,6569,8431,HEATWAVE,Excavator & Crusher Motor Thermal Overload,Stagger 30-min Cooling Cycles & Night Shift Extraction,87.6,5480
2024-04-24,Balaghat Central Mine,9.3,45.3,23.8,63.6,1,1500,5000,18500,HEATWAVE,Excavator & Crusher Motor Thermal Overload,Stagger 30-min Cooling Cycles & Night Shift Extraction,85.2,12025
2024-04-24,Mansar West Mine,9.3,45.3,23.8,63.6,1,1500,5000,18500,HEATWAVE,Excavator & Crusher Motor Thermal Overload,Stagger 30-min Cooling Cycles & Night Shift Extraction,86.2,12025
2024-04-24,Dongri Buzurg Mine,9.3,45.3,23.8,63.6,1,1500,5000,18500,HEATWAVE,Excavator & Crusher Motor Thermal Overload,Stagger 30-min Cooling Cycles & Night Shift Extraction,91.4,12025
2024-04-24,Ukwa East Mine,9.3,45.3,23.8,63.6,1,1500,5000,18500,HEATWAVE,Excavator & Crusher Motor Thermal Overload,Stagger 30-min Cooling Cycles & Night Shift Extraction,92.6,12025
2024-04-25,Balaghat Central Mine,0.2,43.9,31.7,88.5,2,1500,5000,18500,HEATWAVE,Excavator & Crusher Motor Thermal Overload,Stagger 30-min Cooling Cycles & Night Shift Extraction,94.6,12025
2024-04-25,Mansar West Mine,0.2,43.9,31.7,88.5,2,1500,5000,17687,HEATWAVE,Excavator & Crusher Motor Thermal Overload,Stagger 30-min Cooling Cycles & Night Shift Extraction,85.3,11496
2024-04-25,Dongri Buzurg Mine,0.2,43.9,31.7,88.5,2,1500,5000,17240,HEATWAVE,Excavator & Crusher Motor Thermal Overload,Stagger 30-min Cooling Cycles & Night Shift Extraction,94.3,11206
2024-04-25,Ukwa East Mine,0.2,43.9,31.7,88.5,2,1500,5000,18500,HEATWAVE,Excavator & Crusher Motor Thermal Overload,Stagger 30-min Cooling Cycles & Night Shift Extraction,92.3,12025
2024-04-26,Balaghat Central Mine,17.5,43.2,31.8,80.8,5,1500,5000,16652,HEATWAVE,Excavator & Crusher Motor Thermal Overload,Stagger 30-min Cooling Cycles & Night Shift Extraction,85.6,10823
2024-04-26,Mansar West Mine,17.5,43.2,31.8,80.8,5,1500,5000,18500,HEATWAVE,Excavator & Crusher Motor Thermal Overload,Stagger 30-min Cooling Cycles & Night Shift Extraction,96.9,12025
2024-04-26,Dongri Buzurg Mine,17.5,43.2,31.8,80.8,5,1500,5000,18500,HEATWAVE,Excavator & Crusher Motor Thermal Overload,Stagger 30-min Cooling Cycles & Night Shift Extraction,90.2,12025
2024-04-26,Ukwa East Mine,17.5,43.2,31.8,80.8,5,1500,5000,15751,HEATWAVE,Excavator & Crusher Motor Thermal Overload,Stagger 30-min Cooling Cycles & Night Shift Extraction,90.4,10238
2024-04-27,Balaghat Central Mine,7.2,42.7,16.6,89.5,3,1500,5000,16915,HEATWAVE,Excavator & Crusher Motor Thermal Overload,Stagger 30-min Cooling Cycles & Night Shift Extraction,87.7,10994
2024-04-27,Mansar West Mine,7.2,42.7,16.6,89.5,3,1500,5000,15833,HEATWAVE,Excavator & Crusher Motor Thermal Overload,Stagger 30-min Cooling Cycles & Night Shift Extraction,85.4,10291
2024-04-27,Dongri Buzurg Mine,7.2,42.7,16.6,89.5,3,1500,5000,13775,HEATWAVE,Excavator & Crusher Motor Thermal Overload,Stagger 30-min Cooling Cycles & Night Shift Extraction,96.6,8953
2024-04-27,Ukwa East Mine,7.2,42.7,16.6,89.5,3,1500,5000,18500,HEATWAVE,Excavator & Crusher Motor Thermal Overload,Stagger 30-min Cooling Cycles & Night Shift Extraction,98.0,12025
2024-04-28,Balaghat Central Mine,3.9,41.7,33.2,97.1,3,1500,5000,16354,HEATWAVE,Excavator & Crusher Motor Thermal Overload,Stagger 30-min Cooling Cycles & Night Shift Extraction,95.1,10630
2024-04-28,Mansar West Mine,3.9,41.7,33.2,97.1,3,1500,5000,18500,HEATWAVE,Excavator & Crusher Motor Thermal Overload,Stagger 30-min Cooling Cycles & Night Shift Extraction,96.1,12025
2024-04-28,Dongri Buzurg Mine,3.9,41.7,33.2,97.1,3,1500,5000,13862,HEATWAVE,Excavator & Crusher Motor Thermal Overload,Stagger 30-min Cooling Cycles & Night Shift Extraction,87.3,9010
2024-04-28,Ukwa East Mine,3.9,41.7,33.2,97.1,3,1500,5000,12275,HEATWAVE,Excavator & Crusher Motor Thermal Overload,Stagger 30-min Cooling Cycles & Night Shift Extraction,90.5,7978
2024-04-29,Balaghat Central Mine,7.6,39.8,31.3,75.7,2,1500,15000,0,NORMAL,Optimal Mine Operations,Maintain Standard Production Schedule,91.8,0
2024-04-29,Mansar West Mine,7.6,39.8,31.3,75.7,2,1500,13389,1611,NORMAL,Optimal Mine Operations,Maintain Standard Production Schedule,86.8,1611
2024-04-29,Dongri Buzurg Mine,7.6,39.8,31.3,75.7,2,1500,14224,776,NORMAL,Optimal Mine Operations,Maintain Standard Production Schedule,88.0,776
2024-04-29,Ukwa East Mine,7.6,39.8,31.3,75.7,2,1500,10806,4194,NORMAL,Optimal Mine Operations,Maintain Standard Production Schedule,93.7,4194
2024-04-30,Balaghat Central Mine,14.0,39.4,24.9,74.5,2,1500,5000,18500,FLEET_BREAKDOWN,Haul Truck & Shovel Mechanical Failure,Reallocate Backup Fleet & Deploy Mobile Mechanics,95.1,14800
2024-04-30,Mansar West Mine,14.0,39.4,24.9,74.5,2,1500,5000,18500,FLEET_BREAKDOWN,Haul Truck & Shovel Mechanical Failure,Reallocate Backup Fleet & Deploy Mobile Mechanics,94.6,14800
2024-04-30,Dongri Buzurg Mine,14.0,39.4,24.9,74.5,2,1500,5000,18500,FLEET_BREAKDOWN,Haul Truck & Shovel Mechanical Failure,Reallocate Backup Fleet & Deploy Mobile Mechanics,95.0,14800
2024-04-30,Ukwa East Mine,14.0,39.4,24.9,74.5,2,1500,5000,18500,FLEET_BREAKDOWN,Haul Truck & Shovel Mechanical Failure,Reallocate Backup Fleet & Deploy Mobile Mechanics,89.8,14800
2024-05-01,Balaghat Central Mine,3.0,43.9,19.2,63.5,2,1500,5000,18500,HEATWAVE,Excavator & Crusher Motor Thermal Overload,Stagger 30-min Cooling Cycles & Night Shift Extraction,94.5,12025
2024-05-01,Mansar West Mine,3.0,43.9,19.2,63.5,2,1500,5000,18500,HEATWAVE,Excavator & Crusher Motor Thermal Overload,Stagger 30-min Cooling Cycles & Night Shift Extraction,89.1,12025
2024-05-01,Dongri Buzurg Mine,3.0,43.9,19.2,63.5,2,1500,5000,18500,HEATWAVE,Excavator & Crusher Motor Thermal Overload,Stagger 30-min Cooling Cycles & Night Shift Extraction,92.6,12025
2024-05-01,Ukwa East Mine,3.0,43.9,19.2,63.5,2,1500,5000,18500,HEATWAVE,Excavator & Crusher Motor Thermal Overload,Stagger 30-min Cooling Cycles & Night Shift Extraction,96.1,12025
2024-05-02,Balaghat Central Mine,15.5,45.6,44.3,76.4,3,1500,5000,18500,HEATWAVE,Excavator & Crusher Motor Thermal Overload,Stagger 30-min Cooling Cycles & Night Shift Extraction,93.7,12025
2024-05-02,Mansar West Mine,15.5,45.6,44.3,76.4,3,1500,5000,18500,HEATWAVE,Excavator & Crusher Motor Thermal Overload,Stagger 30-min Cooling Cycles & Night Shift Extraction,93.2,12025
2024-05-02,Dongri Buzurg Mine,15.5,45.6,44.3,76.4,3,1500,5000,18500,HEATWAVE,Excavator & Crusher Motor Thermal Overload,Stagger 30-min Cooling Cycles & Night Shift Extraction,96.3,12025
2024-05-02,Ukwa East Mine,15.5,45.6,44.3,76.4,3,1500,5000,18500,HEATWAVE,Excavator & Crusher Motor Thermal Overload,Stagger 30-min Cooling Cycles & Night Shift Extraction,88.2,12025
2024-05-03,Balaghat Central Mine,12.1,38.4,36.6,62.4,1,1500,5000,18500,FLEET_BREAKDOWN,Haul Truck & Shovel Mechanical Failure,Reallocate Backup Fleet & Deploy Mobile Mechanics,86.9,14800
2024-05-03,Mansar West Mine,12.1,38.4,36.6,62.4,1,1500,5000,18500,FLEET_BREAKDOWN,Haul Truck & Shovel Mechanical Failure,Reallocate Backup Fleet & Deploy Mobile Mechanics,89.0,14800
2024-05-03,Dongri Buzurg Mine,12.1,38.4,36.6,62.4,1,1500,5000,18500,FLEET_BREAKDOWN,Haul Truck & Shovel Mechanical Failure,Reallocate Backup Fleet & Deploy Mobile Mechanics,95.5,14800
2024-05-03,Ukwa East Mine,12.1,38.4,36.6,62.4,1,1500,5000,18500,FLEET_BREAKDOWN,Haul Truck & Shovel Mechanical Failure,Reallocate Backup Fleet & Deploy Mobile Mechanics,95.8,14800
2024-05-04,Balaghat Central Mine,18.6,43.3,16.8,79.1,4,1500,5000,18190,HEATWAVE,Excavator & Crusher Motor Thermal Overload,Stagger 30-min Cooling Cycles & Night Shift Extraction,86.7,11823
2024-05-04,Mansar West Mine,18.6,43.3,16.8,79.1,4,1500,5000,18500,HEATWAVE,Excavator & Crusher Motor Thermal Overload,Stagger 30-min Cooling Cycles & Night Shift Extraction,97.4,12025
2024-05-04,Dongri Buzurg Mine,18.6,43.3,16.8,79.1,4,1500,5000,14402,HEATWAVE,Excavator & Crusher Motor Thermal Overload,Stagger 30-min Cooling Cycles & Night Shift Extraction,91.1,9361
2024-05-04,Ukwa East Mine,18.6,43.3,16.8,79.1,4,1500,5000,18500,HEATWAVE,Excavator & Crusher Motor Thermal Overload,Stagger 30-min Cooling Cycles & Night Shift Extraction,90.0,12025
2024-05-05,Balaghat Central Mine,13.7,38.8,38.6,81.0,4,1500,11749,3251,NORMAL,Optimal Mine Operations,Maintain Standard Production Schedule,86.9,3251
2024-05-05,Mansar West Mine,13.7,38.8,38.6,81.0,4,1500,14367,633,NORMAL,Optimal Mine Operations,Maintain Standard Production Schedule,86.7,633
2024-05-05,Dongri Buzurg Mine,13.7,38.8,38.6,81.0,4,1500,12244,2756,NORMAL,Optimal Mine Operations,Maintain Standard Production Schedule,89.5,2756
2024-05-05,Ukwa East Mine,13.7,38.8,38.6,81.0,4,1500,12795,2205,NORMAL,Optimal Mine Operations,Maintain Standard Production Schedule,95.3,2205
2024-05-06,Balaghat Central Mine,19.8,38.0,17.3,89.5,2,1500,15000,0,NORMAL,Optimal Mine Operations,Maintain Standard Production Schedule,90.1,0
2024-05-06,Mansar West Mine,19.8,38.0,17.3,89.5,2,1500,15000,0,NORMAL,Optimal Mine Operations,Maintain Standard Production Schedule,92.6,0
2024-05-06,Dongri Buzurg Mine,19.8,38.0,17.3,89.5,2,1500,14702,298,NORMAL,Optimal Mine Operations,Maintain Standard Production Schedule,95.9,298
2024-05-06,Ukwa East Mine,19.8,38.0,17.3,89.5,2,1500,13416,1584,NORMAL,Optimal Mine Operations,Maintain Standard Production Schedule,86.7,1584
2024-05-07,Balaghat Central Mine,11.7,37.7,32.2,87.4,3,1500,15000,0,NORMAL,Optimal Mine Operations,Maintain Standard Production Schedule,96.2,0
2024-05-07,Mansar West Mine,11.7,37.7,32.2,87.4,3,1500,12445,2555,NORMAL,Optimal Mine Operations,Maintain Standard Production Schedule,90.1,2555
2024-05-07,Dongri Buzurg Mine,11.7,37.7,32.2,87.4,3,1500,14798,202,NORMAL,Optimal Mine Operations,Maintain Standard Production Schedule,96.3,202
2024-05-07,Ukwa East Mine,11.7,37.7,32.2,87.4,3,1500,15000,0,NORMAL,Optimal Mine Operations,Maintain Standard Production Schedule,96.2,0
2024-05-08,Balaghat Central Mine,13.7,45.5,19.2,80.3,2,1500,5000,18500,HEATWAVE,Excavator & Crusher Motor Thermal Overload,Stagger 30-min Cooling Cycles & Night Shift Extraction,86.4,12025
2024-05-08,Mansar West Mine,13.7,45.5,19.2,80.3,2,1500,5000,18500,HEATWAVE,Excavator & Crusher Motor Thermal Overload,Stagger 30-min Cooling Cycles & Night Shift Extraction,87.4,12025
2024-05-08,Dongri Buzurg Mine,13.7,45.5,19.2,80.3,2,1500,5000,18500,HEATWAVE,Excavator & Crusher Motor Thermal Overload,Stagger 30-min Cooling Cycles & Night Shift Extraction,86.1,12025
2024-05-08,Ukwa East Mine,13.7,45.5,19.2,80.3,2,1500,5000,18500,HEATWAVE,Excavator & Crusher Motor Thermal Overload,Stagger 30-min Cooling Cycles & Night Shift Extraction,93.8,12025
2024-05-09,Balaghat Central Mine,12.3,41.9,31.1,59.7,1,1500,5000,10992,HEATWAVE,Excavator & Crusher Motor Thermal Overload,Stagger 30-min Cooling Cycles & Night Shift Extraction,90.0,7144
2024-05-09,Mansar West Mine,12.3,41.9,31.1,59.7,1,1500,5963,9037,HEATWAVE,Excavator & Crusher Motor Thermal Overload,Stagger 30-min Cooling Cycles & Night Shift Extraction,89.9,5874
2024-05-09,Dongri Buzurg Mine,12.3,41.9,31.1,59.7,1,1500,5000,13649,HEATWAVE,Excavator & Crusher Motor Thermal Overload,Stagger 30-min Cooling Cycles & Night Shift Extraction,89.6,8871
2024-05-09,Ukwa East Mine,12.3,41.9,31.1,59.7,1,1500,5000,12745,HEATWAVE,Excavator & Crusher Motor Thermal Overload,Stagger 30-min Cooling Cycles & Night Shift Extraction,92.8,8284
2024-05-10,Balaghat Central Mine,19.1,40.4,34.4,93.1,2,1500,5000,10829,HEATWAVE,Excavator & Crusher Motor Thermal Overload,Stagger 30-min Cooling Cycles & Night Shift Extraction,93.8,7038
2024-05-10,Mansar West Mine,19.1,40.4,34.4,93.1,2,1500,6339,8661,HEATWAVE,Excavator & Crusher Motor Thermal Overload,Stagger 30-min Cooling Cycles & Night Shift Extraction,88.5,5629
2024-05-10,Dongri Buzurg Mine,19.1,40.4,34.4,93.1,2,1500,5000,11542,HEATWAVE,Excavator & Crusher Motor Thermal Overload,Stagger 30-min Cooling Cycles & Night Shift Extraction,90.9,7502
2024-05-10,Ukwa East Mine,19.1,40.4,34.4,93.1,2,1500,5721,9279,HEATWAVE,Excavator & Crusher Motor Thermal Overload,Stagger 30-min Cooling Cycles & Night Shift Extraction,89.6,6031
2024-05-11,Balaghat Central Mine,13.9,37.5,27.7,96.5,4,1500,15000,0,NORMAL,Optimal Mine Operations,Maintain Standard Production Schedule,92.6,0
2024-05-11,Mansar West Mine,13.9,37.5,27.7,96.5,4,1500,13337,1663,NORMAL,Optimal Mine Operations,Maintain Standard Production Schedule,95.1,1663
2024-05-11,Dongri Buzurg Mine,13.9,37.5,27.7,96.5,4,1500,14096,904,NORMAL,Optimal Mine Operations,Maintain Standard Production Schedule,88.7,904
2024-05-11,Ukwa East Mine,13.9,37.5,27.7,96.5,4,1500,15000,0,NORMAL,Optimal Mine Operations,Maintain Standard Production Schedule,92.7,0
2024-05-12,Balaghat Central Mine,15.3,43.5,18.7,67.2,5,1500,5000,18500,HEATWAVE,Excavator & Crusher Motor Thermal Overload,Stagger 30-min Cooling Cycles & Night Shift Extraction,86.4,12025
2024-05-12,Mansar West Mine,15.3,43.5,18.7,67.2,5,1500,5000,18500,HEATWAVE,Excavator & Crusher Motor Thermal Overload,Stagger 30-min Cooling Cycles & Night Shift Extraction,88.8,12025
2024-05-12,Dongri Buzurg Mine,15.3,43.5,18.7,67.2,5,1500,5000,18500,HEATWAVE,Excavator & Crusher Motor Thermal Overload,Stagger 30-min Cooling Cycles & Night Shift Extraction,95.8,12025
2024-05-12,Ukwa East Mine,15.3,43.5,18.7,67.2,5,1500,5000,18500,HEATWAVE,Excavator & Crusher Motor Thermal Overload,Stagger 30-min Cooling Cycles & Night Shift Extraction,95.9,12025
2024-05-13,Balaghat Central Mine,8.0,44.8,21.7,80.3,4,1500,5000,18500,HEATWAVE,Excavator & Crusher Motor Thermal Overload,Stagger 30-min Cooling Cycles & Night Shift Extraction,89.4,12025
2024-05-13,Mansar West Mine,8.0,44.8,21.7,80.3,4,1500,5000,18500,HEATWAVE,Excavator & Crusher Motor Thermal Overload,Stagger 30-min Cooling Cycles & Night Shift Extraction,93.0,12025
2024-05-13,Dongri Buzurg Mine,8.0,44.8,21.7,80.3,4,1500,5000,18500,HEATWAVE,Excavator & Crusher Motor Thermal Overload,Stagger 30-min Cooling Cycles & Night Shift Extraction,94.4,12025
2024-05-13,Ukwa East Mine,8.0,44.8,21.7,80.3,4,1500,5000,18500,HEATWAVE,Excavator & Crusher Motor Thermal Overload,Stagger 30-min Cooling Cycles & Night Shift Extraction,89.7,12025
2024-05-14,Balaghat Central Mine,1.3,37.4,19.4,59.2,3,1500,5000,18500,FLEET_BREAKDOWN,Haul Truck & Shovel Mechanical Failure,Reallocate Backup Fleet & Deploy Mobile Mechanics,97.2,14800
2024-05-14,Mansar West Mine,1.3,37.4,19.4,59.2,3,1500,5000,18500,FLEET_BREAKDOWN,Haul Truck & Shovel Mechanical Failure,Reallocate Backup Fleet & Deploy Mobile Mechanics,85.1,14800
2024-05-14,Dongri Buzurg Mine,1.3,37.4,19.4,59.2,3,1500,5000,18500,FLEET_BREAKDOWN,Haul Truck & Shovel Mechanical Failure,Reallocate Backup Fleet & Deploy Mobile Mechanics,93.2,14800
2024-05-14,Ukwa East Mine,1.3,37.4,19.4,59.2,3,1500,5000,18500,FLEET_BREAKDOWN,Haul Truck & Shovel Mechanical Failure,Reallocate Backup Fleet & Deploy Mobile Mechanics,92.1,14800
2024-05-15,Balaghat Central Mine,11.0,36.9,37.2,88.0,1,1500,13891,1109,NORMAL,Optimal Mine Operations,Maintain Standard Production Schedule,87.6,1109
2024-05-15,Mansar West Mine,11.0,36.9,37.2,88.0,1,1500,15000,0,NORMAL,Optimal Mine Operations,Maintain Standard Production Schedule,89.5,0
2024-05-15,Dongri Buzurg Mine,11.0,36.9,37.2,88.0,1,1500,13319,1681,NORMAL,Optimal Mine Operations,Maintain Standard Production Schedule,86.5,1681
2024-05-15,Ukwa East Mine,11.0,36.9,37.2,88.0,1,1500,9881,5119,NORMAL,Optimal Mine Operations,Maintain Standard Production Schedule,93.1,5119
2024-05-16,Balaghat Central Mine,5.7,40.9,31.4,85.9,2,1500,6578,8422,HEATWAVE,Excavator & Crusher Motor Thermal Overload,Stagger 30-min Cooling Cycles & Night Shift Extraction,90.1,5474
2024-05-16,Mansar West Mine,5.7,40.9,31.4,85.9,2,1500,5000,14366,HEATWAVE,Excavator & Crusher Motor Thermal Overload,Stagger 30-min Cooling Cycles & Night Shift Extraction,95.6,9337
2024-05-16,Dongri Buzurg Mine,5.7,40.9,31.4,85.9,2,1500,5000,11733,HEATWAVE,Excavator & Crusher Motor Thermal Overload,Stagger 30-min Cooling Cycles & Night Shift Extraction,97.2,7626
2024-05-16,Ukwa East Mine,5.7,40.9,31.4,85.9,2,1500,5000,13044,HEATWAVE,Excavator & Crusher Motor Thermal Overload,Stagger 30-min Cooling Cycles & Night Shift Extraction,87.4,8478
2024-05-17,Balaghat Central Mine,12.5,39.1,31.9,89.8,2,1500,15000,0,NORMAL,Optimal Mine Operations,Maintain Standard Production Schedule,96.0,0
2024-05-17,Mansar West Mine,12.5,39.1,31.9,89.8,2,1500,12912,2088,NORMAL,Optimal Mine Operations,Maintain Standard Production Schedule,92.0,2088
2024-05-17,Dongri Buzurg Mine,12.5,39.1,31.9,89.8,2,1500,10374,4626,NORMAL,Optimal Mine Operations,Maintain Standard Production Schedule,94.0,4626
2024-05-17,Ukwa East Mine,12.5,39.1,31.9,89.8,2,1500,11823,3177,NORMAL,Optimal Mine Operations,Maintain Standard Production Schedule,94.7,3177
2024-05-18,Balaghat Central Mine,10.5,38.1,35.4,78.7,2,1500,9595,5405,NORMAL,Optimal Mine Operations,Maintain Standard Production Schedule,94.3,5405
2024-05-18,Mansar West Mine,10.5,38.1,35.4,78.7,2,1500,15000,0,NORMAL,Optimal Mine Operations,Maintain Standard Production Schedule,95.8,0
2024-05-18,Dongri Buzurg Mine,10.5,38.1,35.4,78.7,2,1500,15000,0,NORMAL,Optimal Mine Operations,Maintain Standard Production Schedule,85.2,0
2024-05-18,Ukwa East Mine,10.5,38.1,35.4,78.7,2,1500,14665,335,NORMAL,Optimal Mine Operations,Maintain Standard Production Schedule,95.5,335
2024-05-19,Balaghat Central Mine,3.6,41.4,33.9,93.3,5,1500,5000,18500,HEATWAVE,Excavator & Crusher Motor Thermal Overload,Stagger 30-min Cooling Cycles & Night Shift Extraction,89.6,12025
2024-05-19,Mansar West Mine,3.6,41.4,33.9,93.3,5,1500,5000,14133,HEATWAVE,Excavator & Crusher Motor Thermal Overload,Stagger 30-min Cooling Cycles & Night Shift Extraction,96.3,9186
2024-05-19,Dongri Buzurg Mine,3.6,41.4,33.9,93.3,5,1500,5000,17277,HEATWAVE,Excavator & Crusher Motor Thermal Overload,Stagger 30-min Cooling Cycles & Night Shift Extraction,87.9,11230
2024-05-19,Ukwa East Mine,3.6,41.4,33.9,93.3,5,1500,10056,4944,HEATWAVE,Excavator & Crusher Motor Thermal Overload,Stagger 30-min Cooling Cycles & Night Shift Extraction,93.2,3213
2024-05-20,Balaghat Central Mine,18.1,43.1,39.7,58.4,3,1500,5000,18500,HEATWAVE,Excavator & Crusher Motor Thermal Overload,Stagger 30-min Cooling Cycles & Night Shift Extraction,86.1,12025
2024-05-20,Mansar West Mine,18.1,43.1,39.7,58.4,3,1500,5000,18500,HEATWAVE,Excavator & Crusher Motor Thermal Overload,Stagger 30-min Cooling Cycles & Night Shift Extraction,97.9,12025
2024-05-20,Dongri Buzurg Mine,18.1,43.1,39.7,58.4,3,1500,5000,15615,HEATWAVE,Excavator & Crusher Motor Thermal Overload,Stagger 30-min Cooling Cycles & Night Shift Extraction,94.7,10149
2024-05-20,Ukwa East Mine,18.1,43.1,39.7,58.4,3,1500,5000,16417,HEATWAVE,Excavator & Crusher Motor Thermal Overload,Stagger 30-min Cooling Cycles & Night Shift Extraction,91.6,10671
2024-05-21,Balaghat Central Mine,12.1,44.4,17.5,64.3,3,1500,5000,18500,HEATWAVE,Excavator & Crusher Motor Thermal Overload,Stagger 30-min Cooling Cycles & Night Shift Extraction,86.8,12025
2024-05-21,Mansar West Mine,12.1,44.4,17.5,64.3,3,1500,5000,18500,HEATWAVE,Excavator & Crusher Motor Thermal Overload,Stagger 30-min Cooling Cycles & Night Shift Extraction,91.1,12025
2024-05-21,Dongri Buzurg Mine,12.1,44.4,17.5,64.3,3,1500,5000,18500,HEATWAVE,Excavator & Crusher Motor Thermal Overload,Stagger 30-min Cooling Cycles & Night Shift Extraction,94.1,12025
2024-05-21,Ukwa East Mine,12.1,44.4,17.5,64.3,3,1500,5000,18500,HEATWAVE,Excavator & Crusher Motor Thermal Overload,Stagger 30-min Cooling Cycles & Night Shift Extraction,86.0,12025
2024-05-22,Balaghat Central Mine,6.8,38.1,39.1,56.4,3,1500,5000,18500,FLEET_BREAKDOWN,Haul Truck & Shovel Mechanical Failure,Reallocate Backup Fleet & Deploy Mobile Mechanics,88.5,14800
2024-05-22,Mansar West Mine,6.8,38.1,39.1,56.4,3,1500,5000,18500,FLEET_BREAKDOWN,Haul Truck & Shovel Mechanical Failure,Reallocate Backup Fleet & Deploy Mobile Mechanics,93.9,14800
2024-05-22,Dongri Buzurg Mine,6.8,38.1,39.1,56.4,3,1500,5000,18500,FLEET_BREAKDOWN,Haul Truck & Shovel Mechanical Failure,Reallocate Backup Fleet & Deploy Mobile Mechanics,96.7,14800
2024-05-22,Ukwa East Mine,6.8,38.1,39.1,56.4,3,1500,5000,18500,FLEET_BREAKDOWN,Haul Truck & Shovel Mechanical Failure,Reallocate Backup Fleet & Deploy Mobile Mechanics,90.7,14800
2024-05-23,Balaghat Central Mine,18.4,38.8,36.4,61.6,1,1500,5000,18500,FLEET_BREAKDOWN,Haul Truck & Shovel Mechanical Failure,Reallocate Backup Fleet & Deploy Mobile Mechanics,86.2,14800
2024-05-23,Mansar West Mine,18.4,38.8,36.4,61.6,1,1500,5000,18500,FLEET_BREAKDOWN,Haul Truck & Shovel Mechanical Failure,Reallocate Backup Fleet & Deploy Mobile Mechanics,85.7,14800
2024-05-23,Dongri Buzurg Mine,18.4,38.8,36.4,61.6,1,1500,5000,18500,FLEET_BREAKDOWN,Haul Truck & Shovel Mechanical Failure,Reallocate Backup Fleet & Deploy Mobile Mechanics,92.6,14800
2024-05-23,Ukwa East Mine,18.4,38.8,36.4,61.6,1,1500,5000,18500,FLEET_BREAKDOWN,Haul Truck & Shovel Mechanical Failure,Reallocate Backup Fleet & Deploy Mobile Mechanics,93.3,14800
2024-05-24,Balaghat Central Mine,9.0,43.8,43.1,59.4,5,1500,5000,17512,HEATWAVE,Excavator & Crusher Motor Thermal Overload,Stagger 30-min Cooling Cycles & Night Shift Extraction,86.0,11382
2024-05-24,Mansar West Mine,9.0,43.8,43.1,59.4,5,1500,5000,18500,HEATWAVE,Excavator & Crusher Motor Thermal Overload,Stagger 30-min Cooling Cycles & Night Shift Extraction,97.1,12025
2024-05-24,Dongri Buzurg Mine,9.0,43.8,43.1,59.4,5,1500,5000,18500,HEATWAVE,Excavator & Crusher Motor Thermal Overload,Stagger 30-min Cooling Cycles & Night Shift Extraction,90.8,12025
2024-05-24,Ukwa East Mine,9.0,43.8,43.1,59.4,5,1500,5000,18500,HEATWAVE,Excavator & Crusher Motor Thermal Overload,Stagger 30-min Cooling Cycles & Night Shift Extraction,95.3,12025
2024-05-25,Balaghat Central Mine,2.4,45.4,36.6,60.5,2,1500,5000,18500,HEATWAVE,Excavator & Crusher Motor Thermal Overload,Stagger 30-min Cooling Cycles & Night Shift Extraction,94.1,12025
2024-05-25,Mansar West Mine,2.4,45.4,36.6,60.5,2,1500,5000,18500,HEATWAVE,Excavator & Crusher Motor Thermal Overload,Stagger 30-min Cooling Cycles & Night Shift Extraction,94.0,12025
2024-05-25,Dongri Buzurg Mine,2.4,45.4,36.6,60.5,2,1500,5000,18500,HEATWAVE,Excavator & Crusher Motor Thermal Overload,Stagger 30-min Cooling Cycles & Night Shift Extraction,86.3,12025
2024-05-25,Ukwa East Mine,2.4,45.4,36.6,60.5,2,1500,5000,18500,HEATWAVE,Excavator & Crusher Motor Thermal Overload,Stagger 30-min Cooling Cycles & Night Shift Extraction,86.2,12025
2024-05-26,Balaghat Central Mine,4.5,44.9,29.5,78.4,4,1500,5000,18500,HEATWAVE,Excavator & Crusher Motor Thermal Overload,Stagger 30-min Cooling Cycles & Night Shift Extraction,95.4,12025
2024-05-26,Mansar West Mine,4.5,44.9,29.5,78.4,4,1500,5000,18500,HEATWAVE,Excavator & Crusher Motor Thermal Overload,Stagger 30-min Cooling Cycles & Night Shift Extraction,91.8,12025
2024-05-26,Dongri Buzurg Mine,4.5,44.9,29.5,78.4,4,1500,5000,18500,HEATWAVE,Excavator & Crusher Motor Thermal Overload,Stagger 30-min Cooling Cycles & Night Shift Extraction,94.0,12025
2024-05-26,Ukwa East Mine,4.5,44.9,29.5,78.4,4,1500,5000,18500,HEATWAVE,Excavator & Crusher Motor Thermal Overload,Stagger 30-min Cooling Cycles & Night Shift Extraction,86.8,12025
2024-05-27,Balaghat Central Mine,0.1,36.3,37.3,57.2,5,1500,5000,18500,FLEET_BREAKDOWN,Haul Truck & Shovel Mechanical Failure,Reallocate Backup Fleet & Deploy Mobile Mechanics,86.7,14800
2024-05-27,Mansar West Mine,0.1,36.3,37.3,57.2,5,1500,5000,18500,FLEET_BREAKDOWN,Haul Truck & Shovel Mechanical Failure,Reallocate Backup Fleet & Deploy Mobile Mechanics,96.2,14800
2024-05-27,Dongri Buzurg Mine,0.1,36.3,37.3,57.2,5,1500,5000,18500,FLEET_BREAKDOWN,Haul Truck & Shovel Mechanical Failure,Reallocate Backup Fleet & Deploy Mobile Mechanics,92.1,14800
2024-05-27,Ukwa East Mine,0.1,36.3,37.3,57.2,5,1500,5000,18500,FLEET_BREAKDOWN,Haul Truck & Shovel Mechanical Failure,Reallocate Backup Fleet & Deploy Mobile Mechanics,95.8,14800
2024-05-28,Balaghat Central Mine,14.6,39.1,34.8,55.9,2,1500,5000,18500,FLEET_BREAKDOWN,Haul Truck & Shovel Mechanical Failure,Reallocate Backup Fleet & Deploy Mobile Mechanics,86.6,14800
2024-05-28,Mansar West Mine,14.6,39.1,34.8,55.9,2,1500,5000,18500,FLEET_BREAKDOWN,Haul Truck & Shovel Mechanical Failure,Reallocate Backup Fleet & Deploy Mobile Mechanics,86.5,14800
2024-05-28,Dongri Buzurg Mine,14.6,39.1,34.8,55.9,2,1500,5000,18500,FLEET_BREAKDOWN,Haul Truck & Shovel Mechanical Failure,Reallocate Backup Fleet & Deploy Mobile Mechanics,94.8,14800
2024-05-28,Ukwa East Mine,14.6,39.1,34.8,55.9,2,1500,5000,18500,FLEET_BREAKDOWN,Haul Truck & Shovel Mechanical Failure,Reallocate Backup Fleet & Deploy Mobile Mechanics,91.7,14800
2024-05-29,Balaghat Central Mine,19.0,41.5,21.3,83.2,1,1500,5000,16323,HEATWAVE,Excavator & Crusher Motor Thermal Overload,Stagger 30-min Cooling Cycles & Night Shift Extraction,96.8,10609
2024-05-29,Mansar West Mine,19.0,41.5,21.3,83.2,1,1500,5000,11342,HEATWAVE,Excavator & Crusher Motor Thermal Overload,Stagger 30-min Cooling Cycles & Night Shift Extraction,90.2,7372
2024-05-29,Dongri Buzurg Mine,19.0,41.5,21.3,83.2,1,1500,5000,11257,HEATWAVE,Excavator & Crusher Motor Thermal Overload,Stagger 30-min Cooling Cycles & Night Shift Extraction,95.5,7317
2024-05-29,Ukwa East Mine,19.0,41.5,21.3,83.2,1,1500,5000,18060,HEATWAVE,Excavator & Crusher Motor Thermal Overload,Stagger 30-min Cooling Cycles & Night Shift Extraction,89.1,11739
2024-05-30,Balaghat Central Mine,6.7,42.7,36.1,76.7,3,1500,5000,18500,HEATWAVE,Excavator & Crusher Motor Thermal Overload,Stagger 30-min Cooling Cycles & Night Shift Extraction,92.8,12025
2024-05-30,Mansar West Mine,6.7,42.7,36.1,76.7,3,1500,5000,18500,HEATWAVE,Excavator & Crusher Motor Thermal Overload,Stagger 30-min Cooling Cycles & Night Shift Extraction,95.9,12025
2024-05-30,Dongri Buzurg Mine,6.7,42.7,36.1,76.7,3,1500,5000,18500,HEATWAVE,Excavator & Crusher Motor Thermal Overload,Stagger 30-min Cooling Cycles & Night Shift Extraction,95.7,12025
2024-05-30,Ukwa East Mine,6.7,42.7,36.1,76.7,3,1500,5000,18500,HEATWAVE,Excavator & Crusher Motor Thermal Overload,Stagger 30-min Cooling Cycles & Night Shift Extraction,92.9,12025
2024-05-31,Balaghat Central Mine,11.7,40.4,19.7,93.6,5,1500,5000,11386,HEATWAVE,Excavator & Crusher Motor Thermal Overload,Stagger 30-min Cooling Cycles & Night Shift Extraction,90.5,7400
2024-05-31,Mansar West Mine,11.7,40.4,19.7,93.6,5,1500,10101,4899,HEATWAVE,Excavator & Crusher Motor Thermal Overload,Stagger 30-min Cooling Cycles & Night Shift Extraction,89.4,3184
2024-05-31,Dongri Buzurg Mine,11.7,40.4,19.7,93.6,5,1500,12113,2887,HEATWAVE,Excavator & Crusher Motor Thermal Overload,Stagger 30-min Cooling Cycles & Night Shift Extraction,93.5,1876
2024-05-31,Ukwa East Mine,11.7,40.4,19.7,93.6,5,1500,5000,10046,HEATWAVE,Excavator & Crusher Motor Thermal Overload,Stagger 30-min Cooling Cycles & Night Shift Extraction,89.8,6529
2024-06-01,Balaghat Central Mine,175.4,21.0,72.4,94.4,5,1500,5000,18500,HEAVY_RAIN,Pit Waterlogging & Haul Mud Friction,Deploy Dewatering Pumps & Route via High Ramp,85.8,13320
2024-06-01,Mansar West Mine,175.4,21.0,72.4,94.4,5,1500,5000,18500,HEAVY_RAIN,Pit Waterlogging & Haul Mud Friction,Deploy Dewatering Pumps & Route via High Ramp,89.0,13320
2024-06-01,Dongri Buzurg Mine,175.4,21.0,72.4,94.4,5,1500,5000,18500,HEAVY_RAIN,Pit Waterlogging & Haul Mud Friction,Deploy Dewatering Pumps & Route via High Ramp,85.2,13320
2024-06-01,Ukwa East Mine,175.4,21.0,72.4,94.4,5,1500,5000,18500,HEAVY_RAIN,Pit Waterlogging & Haul Mud Friction,Deploy Dewatering Pumps & Route via High Ramp,97.1,13320
2024-06-02,Balaghat Central Mine,73.6,24.9,67.9,77.6,5,1500,5000,18422,HEAVY_RAIN,Pit Waterlogging & Haul Mud Friction,Deploy Dewatering Pumps & Route via High Ramp,85.3,13263
2024-06-02,Mansar West Mine,73.6,24.9,67.9,77.6,5,1500,5000,16971,HEAVY_RAIN,Pit Waterlogging & Haul Mud Friction,Deploy Dewatering Pumps & Route via High Ramp,85.5,12219
2024-06-02,Dongri Buzurg Mine,73.6,24.9,67.9,77.6,5,1500,5000,18500,HEAVY_RAIN,Pit Waterlogging & Haul Mud Friction,Deploy Dewatering Pumps & Route via High Ramp,96.2,13320
2024-06-02,Ukwa East Mine,73.6,24.9,67.9,77.6,5,1500,5000,18500,HEAVY_RAIN,Pit Waterlogging & Haul Mud Friction,Deploy Dewatering Pumps & Route via High Ramp,95.9,13320
2024-06-03,Balaghat Central Mine,151.5,31.8,66.0,95.2,4,1500,5000,18500,HEAVY_RAIN,Pit Waterlogging & Haul Mud Friction,Deploy Dewatering Pumps & Route via High Ramp,93.7,13320
2024-06-03,Mansar West Mine,151.5,31.8,66.0,95.2,4,1500,5000,18500,HEAVY_RAIN,Pit Waterlogging & Haul Mud Friction,Deploy Dewatering Pumps & Route via High Ramp,96.4,13320
2024-06-03,Dongri Buzurg Mine,151.5,31.8,66.0,95.2,4,1500,5000,18500,HEAVY_RAIN,Pit Waterlogging & Haul Mud Friction,Deploy Dewatering Pumps & Route via High Ramp,93.4,13320
2024-06-03,Ukwa East Mine,151.5,31.8,66.0,95.2,4,1500,5000,18500,HEAVY_RAIN,Pit Waterlogging & Haul Mud Friction,Deploy Dewatering Pumps & Route via High Ramp,89.7,13320
2024-06-04,Balaghat Central Mine,90.9,24.2,66.6,58.9,1,1500,5000,18500,HEAVY_RAIN,Pit Waterlogging & Haul Mud Friction,Deploy Dewatering Pumps & Route via High Ramp,89.7,13320
2024-06-04,Mansar West Mine,90.9,24.2,66.6,58.9,1,1500,5000,18500,HEAVY_RAIN,Pit Waterlogging & Haul Mud Friction,Deploy Dewatering Pumps & Route via High Ramp,86.4,13320
2024-06-04,Dongri Buzurg Mine,90.9,24.2,66.6,58.9,1,1500,5000,18500,HEAVY_RAIN,Pit Waterlogging & Haul Mud Friction,Deploy Dewatering Pumps & Route via High Ramp,93.6,13320
2024-06-04,Ukwa East Mine,90.9,24.2,66.6,58.9,1,1500,5000,18500,HEAVY_RAIN,Pit Waterlogging & Haul Mud Friction,Deploy Dewatering Pumps & Route via High Ramp,87.6,13320
2024-06-05,Balaghat Central Mine,147.5,30.3,75.1,70.8,5,1500,5000,18500,HEAVY_RAIN,Pit Waterlogging & Haul Mud Friction,Deploy Dewatering Pumps & Route via High Ramp,89.9,13320
2024-06-05,Mansar West Mine,147.5,30.3,75.1,70.8,5,1500,5000,18500,HEAVY_RAIN,Pit Waterlogging & Haul Mud Friction,Deploy Dewatering Pumps & Route via High Ramp,94.1,13320
2024-06-05,Dongri Buzurg Mine,147.5,30.3,75.1,70.8,5,1500,5000,18500,HEAVY_RAIN,Pit Waterlogging & Haul Mud Friction,Deploy Dewatering Pumps & Route via High Ramp,90.0,13320
2024-06-05,Ukwa East Mine,147.5,30.3,75.1,70.8,5,1500,5000,18500,HEAVY_RAIN,Pit Waterlogging & Haul Mud Friction,Deploy Dewatering Pumps & Route via High Ramp,92.9,13320
2024-06-06,Balaghat Central Mine,134.1,29.9,63.9,77.1,4,1500,5000,18500,HEAVY_RAIN,Pit Waterlogging & Haul Mud Friction,Deploy Dewatering Pumps & Route via High Ramp,88.6,13320
2024-06-06,Mansar West Mine,134.1,29.9,63.9,77.1,4,1500,5000,18500,HEAVY_RAIN,Pit Waterlogging & Haul Mud Friction,Deploy Dewatering Pumps & Route via High Ramp,87.5,13320
2024-06-06,Dongri Buzurg Mine,134.1,29.9,63.9,77.1,4,1500,5000,18500,HEAVY_RAIN,Pit Waterlogging & Haul Mud Friction,Deploy Dewatering Pumps & Route via High Ramp,85.5,13320
2024-06-06,Ukwa East Mine,134.1,29.9,63.9,77.1,4,1500,5000,18500,HEAVY_RAIN,Pit Waterlogging & Haul Mud Friction,Deploy Dewatering Pumps & Route via High Ramp,90.6,13320
2024-06-07,Balaghat Central Mine,44.7,26.9,67.8,74.9,1,1500,5000,18500,FLEET_BREAKDOWN,Haul Truck & Shovel Mechanical Failure,Reallocate Backup Fleet & Deploy Mobile Mechanics,93.5,14800
2024-06-07,Mansar West Mine,44.7,26.9,67.8,74.9,1,1500,5000,18500,FLEET_BREAKDOWN,Haul Truck & Shovel Mechanical Failure,Reallocate Backup Fleet & Deploy Mobile Mechanics,88.4,14800
2024-06-07,Dongri Buzurg Mine,44.7,26.9,67.8,74.9,1,1500,5000,18500,FLEET_BREAKDOWN,Haul Truck & Shovel Mechanical Failure,Reallocate Backup Fleet & Deploy Mobile Mechanics,94.6,14800
2024-06-07,Ukwa East Mine,44.7,26.9,67.8,74.9,1,1500,5000,18500,FLEET_BREAKDOWN,Haul Truck & Shovel Mechanical Failure,Reallocate Backup Fleet & Deploy Mobile Mechanics,87.5,14800
2024-06-08,Balaghat Central Mine,128.6,25.9,69.4,66.4,3,1500,5000,18500,HEAVY_RAIN,Pit Waterlogging & Haul Mud Friction,Deploy Dewatering Pumps & Route via High Ramp,87.6,13320
2024-06-08,Mansar West Mine,128.6,25.9,69.4,66.4,3,1500,5000,18500,HEAVY_RAIN,Pit Waterlogging & Haul Mud Friction,Deploy Dewatering Pumps & Route via High Ramp,85.6,13320
2024-06-08,Dongri Buzurg Mine,128.6,25.9,69.4,66.4,3,1500,5000,18500,HEAVY_RAIN,Pit Waterlogging & Haul Mud Friction,Deploy Dewatering Pumps & Route via High Ramp,96.2,13320
2024-06-08,Ukwa East Mine,128.6,25.9,69.4,66.4,3,1500,5000,18500,HEAVY_RAIN,Pit Waterlogging & Haul Mud Friction,Deploy Dewatering Pumps & Route via High Ramp,93.6,13320
2024-06-09,Balaghat Central Mine,96.4,28.5,78.6,89.7,1,1500,5000,18500,HEAVY_RAIN,Pit Waterlogging & Haul Mud Friction,Deploy Dewatering Pumps & Route via High Ramp,85.5,13320
2024-06-09,Mansar West Mine,96.4,28.5,78.6,89.7,1,1500,5000,18500,HEAVY_RAIN,Pit Waterlogging & Haul Mud Friction,Deploy Dewatering Pumps & Route via High Ramp,92.1,13320
2024-06-09,Dongri Buzurg Mine,96.4,28.5,78.6,89.7,1,1500,5000,18500,HEAVY_RAIN,Pit Waterlogging & Haul Mud Friction,Deploy Dewatering Pumps & Route via High Ramp,97.7,13320
2024-06-09,Ukwa East Mine,96.4,28.5,78.6,89.7,1,1500,5000,18500,HEAVY_RAIN,Pit Waterlogging & Haul Mud Friction,Deploy Dewatering Pumps & Route via High Ramp,97.6,13320
2024-06-10,Balaghat Central Mine,165.1,25.6,75.1,84.8,5,1500,5000,18500,HEAVY_RAIN,Pit Waterlogging & Haul Mud Friction,Deploy Dewatering Pumps & Route via High Ramp,93.8,13320
2024-06-10,Mansar West Mine,165.1,25.6,75.1,84.8,5,1500,5000,18500,HEAVY_RAIN,Pit Waterlogging & Haul Mud Friction,Deploy Dewatering Pumps & Route via High Ramp,94.0,13320
2024-06-10,Dongri Buzurg Mine,165.1,25.6,75.1,84.8,5,1500,5000,18500,HEAVY_RAIN,Pit Waterlogging & Haul Mud Friction,Deploy Dewatering Pumps & Route via High Ramp,87.8,13320
2024-06-10,Ukwa East Mine,165.1,25.6,75.1,84.8,5,1500,5000,18500,HEAVY_RAIN,Pit Waterlogging & Haul Mud Friction,Deploy Dewatering Pumps & Route via High Ramp,90.2,13320
2024-06-11,Balaghat Central Mine,169.6,24.7,63.4,90.2,2,1500,5000,18500,HEAVY_RAIN,Pit Waterlogging & Haul Mud Friction,Deploy Dewatering Pumps & Route via High Ramp,86.1,13320
2024-06-11,Mansar West Mine,169.6,24.7,63.4,90.2,2,1500,5000,18500,HEAVY_RAIN,Pit Waterlogging & Haul Mud Friction,Deploy Dewatering Pumps & Route via High Ramp,90.7,13320
2024-06-11,Dongri Buzurg Mine,169.6,24.7,63.4,90.2,2,1500,5000,18500,HEAVY_RAIN,Pit Waterlogging & Haul Mud Friction,Deploy Dewatering Pumps & Route via High Ramp,87.5,13320
2024-06-11,Ukwa East Mine,169.6,24.7,63.4,90.2,2,1500,5000,18500,HEAVY_RAIN,Pit Waterlogging & Haul Mud Friction,Deploy Dewatering Pumps & Route via High Ramp,96.2,13320
2024-06-12,Balaghat Central Mine,174.8,29.1,70.5,59.1,5,1500,5000,18500,HEAVY_RAIN,Pit Waterlogging & Haul Mud Friction,Deploy Dewatering Pumps & Route via High Ramp,91.3,13320
2024-06-12,Mansar West Mine,174.8,29.1,70.5,59.1,5,1500,5000,18500,HEAVY_RAIN,Pit Waterlogging & Haul Mud Friction,Deploy Dewatering Pumps & Route via High Ramp,90.9,13320
2024-06-12,Dongri Buzurg Mine,174.8,29.1,70.5,59.1,5,1500,5000,18500,HEAVY_RAIN,Pit Waterlogging & Haul Mud Friction,Deploy Dewatering Pumps & Route via High Ramp,88.3,13320
2024-06-12,Ukwa East Mine,174.8,29.1,70.5,59.1,5,1500,5000,18500,HEAVY_RAIN,Pit Waterlogging & Haul Mud Friction,Deploy Dewatering Pumps & Route via High Ramp,87.5,13320
2024-06-13,Balaghat Central Mine,156.4,26.5,85.2,90.3,4,1500,5000,18500,HEAVY_RAIN,Pit Waterlogging & Haul Mud Friction,Deploy Dewatering Pumps & Route via High Ramp,87.6,13320
2024-06-13,Mansar West Mine,156.4,26.5,85.2,90.3,4,1500,5000,18500,HEAVY_RAIN,Pit Waterlogging & Haul Mud Friction,Deploy Dewatering Pumps & Route via High Ramp,96.1,13320
2024-06-13,Dongri Buzurg Mine,156.4,26.5,85.2,90.3,4,1500,5000,18500,HEAVY_RAIN,Pit Waterlogging & Haul Mud Friction,Deploy Dewatering Pumps & Route via High Ramp,94.6,13320
2024-06-13,Ukwa East Mine,156.4,26.5,85.2,90.3,4,1500,5000,18500,HEAVY_RAIN,Pit Waterlogging & Haul Mud Friction,Deploy Dewatering Pumps & Route via High Ramp,92.0,13320
2024-06-14,Balaghat Central Mine,32.7,30.2,63.0,91.0,5,1500,15000,0,NORMAL,Optimal Mine Operations,Maintain Standard Production Schedule,91.7,0
2024-06-14,Mansar West Mine,32.7,30.2,63.0,91.0,5,1500,15000,0,NORMAL,Optimal Mine Operations,Maintain Standard Production Schedule,85.9,0
2024-06-14,Dongri Buzurg Mine,32.7,30.2,63.0,91.0,5,1500,15000,0,NORMAL,Optimal Mine Operations,Maintain Standard Production Schedule,87.0,0
2024-06-14,Ukwa East Mine,32.7,30.2,63.0,91.0,5,1500,15000,0,NORMAL,Optimal Mine Operations,Maintain Standard Production Schedule,93.4,0
2024-06-15,Balaghat Central Mine,47.6,31.2,66.3,62.4,4,1500,5000,18500,FLEET_BREAKDOWN,Haul Truck & Shovel Mechanical Failure,Reallocate Backup Fleet & Deploy Mobile Mechanics,97.3,14800
2024-06-15,Mansar West Mine,47.6,31.2,66.3,62.4,4,1500,5000,18500,FLEET_BREAKDOWN,Haul Truck & Shovel Mechanical Failure,Reallocate Backup Fleet & Deploy Mobile Mechanics,85.3,14800
2024-06-15,Dongri Buzurg Mine,47.6,31.2,66.3,62.4,4,1500,5000,18500,FLEET_BREAKDOWN,Haul Truck & Shovel Mechanical Failure,Reallocate Backup Fleet & Deploy Mobile Mechanics,87.8,14800
2024-06-15,Ukwa East Mine,47.6,31.2,66.3,62.4,4,1500,5000,18500,FLEET_BREAKDOWN,Haul Truck & Shovel Mechanical Failure,Reallocate Backup Fleet & Deploy Mobile Mechanics,97.4,14800
2024-06-16,Balaghat Central Mine,136.9,20.7,73.8,90.4,3,1500,5000,18500,HEAVY_RAIN,Pit Waterlogging & Haul Mud Friction,Deploy Dewatering Pumps & Route via High Ramp,91.5,13320
2024-06-16,Mansar West Mine,136.9,20.7,73.8,90.4,3,1500,5000,18500,HEAVY_RAIN,Pit Waterlogging & Haul Mud Friction,Deploy Dewatering Pumps & Route via High Ramp,94.3,13320
2024-06-16,Dongri Buzurg Mine,136.9,20.7,73.8,90.4,3,1500,5000,18500,HEAVY_RAIN,Pit Waterlogging & Haul Mud Friction,Deploy Dewatering Pumps & Route via High Ramp,93.5,13320
2024-06-16,Ukwa East Mine,136.9,20.7,73.8,90.4,3,1500,5000,18500,HEAVY_RAIN,Pit Waterlogging & Haul Mud Friction,Deploy Dewatering Pumps & Route via High Ramp,94.3,13320
2024-06-17,Balaghat Central Mine,166.0,20.9,74.2,66.8,1,1500,5000,18500,HEAVY_RAIN,Pit Waterlogging & Haul Mud Friction,Deploy Dewatering Pumps & Route via High Ramp,90.8,13320
2024-06-17,Mansar West Mine,166.0,20.9,74.2,66.8,1,1500,5000,18500,HEAVY_RAIN,Pit Waterlogging & Haul Mud Friction,Deploy Dewatering Pumps & Route via High Ramp,85.5,13320
2024-06-17,Dongri Buzurg Mine,166.0,20.9,74.2,66.8,1,1500,5000,18500,HEAVY_RAIN,Pit Waterlogging & Haul Mud Friction,Deploy Dewatering Pumps & Route via High Ramp,87.5,13320
2024-06-17,Ukwa East Mine,166.0,20.9,74.2,66.8,1,1500,5000,18500,HEAVY_RAIN,Pit Waterlogging & Haul Mud Friction,Deploy Dewatering Pumps & Route via High Ramp,95.5,13320
2024-06-18,Balaghat Central Mine,142.4,20.4,80.3,82.9,4,1500,5000,18500,HEAVY_RAIN,Pit Waterlogging & Haul Mud Friction,Deploy Dewatering Pumps & Route via High Ramp,86.0,13320
2024-06-18,Mansar West Mine,142.4,20.4,80.3,82.9,4,1500,5000,18500,HEAVY_RAIN,Pit Waterlogging & Haul Mud Friction,Deploy Dewatering Pumps & Route via High Ramp,90.1,13320
2024-06-18,Dongri Buzurg Mine,142.4,20.4,80.3,82.9,4,1500,5000,18500,HEAVY_RAIN,Pit Waterlogging & Haul Mud Friction,Deploy Dewatering Pumps & Route via High Ramp,86.1,13320
2024-06-18,Ukwa East Mine,142.4,20.4,80.3,82.9,4,1500,5000,18500,HEAVY_RAIN,Pit Waterlogging & Haul Mud Friction,Deploy Dewatering Pumps & Route via High Ramp,88.1,13320
2024-06-19,Balaghat Central Mine,165.4,29.2,89.9,89.3,1,1500,5000,18500,HEAVY_RAIN,Pit Waterlogging & Haul Mud Friction,Deploy Dewatering Pumps & Route via High Ramp,89.6,13320
2024-06-19,Mansar West Mine,165.4,29.2,89.9,89.3,1,1500,5000,18500,HEAVY_RAIN,Pit Waterlogging & Haul Mud Friction,Deploy Dewatering Pumps & Route via High Ramp,86.4,13320
2024-06-19,Dongri Buzurg Mine,165.4,29.2,89.9,89.3,1,1500,5000,18500,HEAVY_RAIN,Pit Waterlogging & Haul Mud Friction,Deploy Dewatering Pumps & Route via High Ramp,90.9,13320
2024-06-19,Ukwa East Mine,165.4,29.2,89.9,89.3,1,1500,5000,18500,HEAVY_RAIN,Pit Waterlogging & Haul Mud Friction,Deploy Dewatering Pumps & Route via High Ramp,86.4,13320
2024-06-20,Balaghat Central Mine,42.7,26.9,69.7,94.1,5,1500,7309,7691,HIGH_MOISTURE,Rock Bench Blasting Misfire Risk,Switch to Emulsion Charges & Dry Stemming Sequence,95.2,5768
2024-06-20,Mansar West Mine,42.7,26.9,69.7,94.1,5,1500,5000,10297,HIGH_MOISTURE,Rock Bench Blasting Misfire Risk,Switch to Emulsion Charges & Dry Stemming Sequence,90.1,7722
2024-06-20,Dongri Buzurg Mine,42.7,26.9,69.7,94.1,5,1500,9978,5022,HIGH_MOISTURE,Rock Bench Blasting Misfire Risk,Switch to Emulsion Charges & Dry Stemming Sequence,90.2,3766
2024-06-20,Ukwa East Mine,42.7,26.9,69.7,94.1,5,1500,6925,8075,HIGH_MOISTURE,Rock Bench Blasting Misfire Risk,Switch to Emulsion Charges & Dry Stemming Sequence,92.6,6056
2024-06-21,Balaghat Central Mine,83.2,22.2,78.5,84.4,1,1500,5000,18500,HEAVY_RAIN,Pit Waterlogging & Haul Mud Friction,Deploy Dewatering Pumps & Route via High Ramp,95.1,13320
2024-06-21,Mansar West Mine,83.2,22.2,78.5,84.4,1,1500,5000,18500,HEAVY_RAIN,Pit Waterlogging & Haul Mud Friction,Deploy Dewatering Pumps & Route via High Ramp,88.1,13320
2024-06-21,Dongri Buzurg Mine,83.2,22.2,78.5,84.4,1,1500,5000,18500,HEAVY_RAIN,Pit Waterlogging & Haul Mud Friction,Deploy Dewatering Pumps & Route via High Ramp,85.8,13320
2024-06-21,Ukwa East Mine,83.2,22.2,78.5,84.4,1,1500,5000,18500,HEAVY_RAIN,Pit Waterlogging & Haul Mud Friction,Deploy Dewatering Pumps & Route via High Ramp,90.0,13320
2024-06-22,Balaghat Central Mine,34.5,23.7,91.5,81.9,4,1500,5000,18500,HIGH_MOISTURE,Rock Bench Blasting Misfire Risk,Switch to Emulsion Charges & Dry Stemming Sequence,93.0,13875
2024-06-22,Mansar West Mine,34.5,23.7,91.5,81.9,4,1500,5000,18500,HIGH_MOISTURE,Rock Bench Blasting Misfire Risk,Switch to Emulsion Charges & Dry Stemming Sequence,94.0,13875
2024-06-22,Dongri Buzurg Mine,34.5,23.7,91.5,81.9,4,1500,5000,18500,HIGH_MOISTURE,Rock Bench Blasting Misfire Risk,Switch to Emulsion Charges & Dry Stemming Sequence,96.3,13875
2024-06-22,Ukwa East Mine,34.5,23.7,91.5,81.9,4,1500,5000,18500,HIGH_MOISTURE,Rock Bench Blasting Misfire Risk,Switch to Emulsion Charges & Dry Stemming Sequence,93.7,13875
2024-06-23,Balaghat Central Mine,164.6,22.8,60.7,68.6,1,1500,5000,18500,HEAVY_RAIN,Pit Waterlogging & Haul Mud Friction,Deploy Dewatering Pumps & Route via High Ramp,90.5,13320
2024-06-23,Mansar West Mine,164.6,22.8,60.7,68.6,1,1500,5000,18500,HEAVY_RAIN,Pit Waterlogging & Haul Mud Friction,Deploy Dewatering Pumps & Route via High Ramp,95.5,13320
2024-06-23,Dongri Buzurg Mine,164.6,22.8,60.7,68.6,1,1500,5000,18500,HEAVY_RAIN,Pit Waterlogging & Haul Mud Friction,Deploy Dewatering Pumps & Route via High Ramp,89.6,13320
2024-06-23,Ukwa East Mine,164.6,22.8,60.7,68.6,1,1500,5000,18500,HEAVY_RAIN,Pit Waterlogging & Haul Mud Friction,Deploy Dewatering Pumps & Route via High Ramp,85.2,13320
2024-06-24,Balaghat Central Mine,116.6,22.2,78.8,67.4,1,1500,5000,18500,HEAVY_RAIN,Pit Waterlogging & Haul Mud Friction,Deploy Dewatering Pumps & Route via High Ramp,92.1,13320
2024-06-24,Mansar West Mine,116.6,22.2,78.8,67.4,1,1500,5000,18500,HEAVY_RAIN,Pit Waterlogging & Haul Mud Friction,Deploy Dewatering Pumps & Route via High Ramp,92.3,13320
2024-06-24,Dongri Buzurg Mine,116.6,22.2,78.8,67.4,1,1500,5000,18500,HEAVY_RAIN,Pit Waterlogging & Haul Mud Friction,Deploy Dewatering Pumps & Route via High Ramp,96.0,13320
2024-06-24,Ukwa East Mine,116.6,22.2,78.8,67.4,1,1500,5000,18500,HEAVY_RAIN,Pit Waterlogging & Haul Mud Friction,Deploy Dewatering Pumps & Route via High Ramp,93.3,13320
2024-06-25,Balaghat Central Mine,120.5,31.0,88.2,79.7,2,1500,5000,18500,HEAVY_RAIN,Pit Waterlogging & Haul Mud Friction,Deploy Dewatering Pumps & Route via High Ramp,90.3,13320
2024-06-25,Mansar West Mine,120.5,31.0,88.2,79.7,2,1500,5000,18500,HEAVY_RAIN,Pit Waterlogging & Haul Mud Friction,Deploy Dewatering Pumps & Route via High Ramp,97.7,13320
2024-06-25,Dongri Buzurg Mine,120.5,31.0,88.2,79.7,2,1500,5000,18500,HEAVY_RAIN,Pit Waterlogging & Haul Mud Friction,Deploy Dewatering Pumps & Route via High Ramp,88.0,13320
2024-06-25,Ukwa East Mine,120.5,31.0,88.2,79.7,2,1500,5000,18500,HEAVY_RAIN,Pit Waterlogging & Haul Mud Friction,Deploy Dewatering Pumps & Route via High Ramp,94.4,13320
2024-06-26,Balaghat Central Mine,137.7,21.8,73.7,93.8,5,1500,5000,18500,HEAVY_RAIN,Pit Waterlogging & Haul Mud Friction,Deploy Dewatering Pumps & Route via High Ramp,94.2,13320
2024-06-26,Mansar West Mine,137.7,21.8,73.7,93.8,5,1500,5000,18500,HEAVY_RAIN,Pit Waterlogging & Haul Mud Friction,Deploy Dewatering Pumps & Route via High Ramp,88.4,13320
2024-06-26,Dongri Buzurg Mine,137.7,21.8,73.7,93.8,5,1500,5000,18500,HEAVY_RAIN,Pit Waterlogging & Haul Mud Friction,Deploy Dewatering Pumps & Route via High Ramp,87.4,13320
2024-06-26,Ukwa East Mine,137.7,21.8,73.7,93.8,5,1500,5000,18500,HEAVY_RAIN,Pit Waterlogging & Haul Mud Friction,Deploy Dewatering Pumps & Route via High Ramp,94.9,13320
2024-06-27,Balaghat Central Mine,56.3,27.9,84.8,90.7,4,1500,5000,13695,HEAVY_RAIN,Pit Waterlogging & Haul Mud Friction,Deploy Dewatering Pumps & Route via High Ramp,97.3,9860
2024-06-27,Mansar West Mine,56.3,27.9,84.8,90.7,4,1500,5000,10805,HEAVY_RAIN,Pit Waterlogging & Haul Mud Friction,Deploy Dewatering Pumps & Route via High Ramp,87.8,7779
2024-06-27,Dongri Buzurg Mine,56.3,27.9,84.8,90.7,4,1500,6954,8046,HEAVY_RAIN,Pit Waterlogging & Haul Mud Friction,Deploy Dewatering Pumps & Route via High Ramp,92.5,5793
2024-06-27,Ukwa East Mine,56.3,27.9,84.8,90.7,4,1500,5000,10249,HEAVY_RAIN,Pit Waterlogging & Haul Mud Friction,Deploy Dewatering Pumps & Route via High Ramp,97.6,7379
2024-06-28,Balaghat Central Mine,44.0,20.9,84.3,83.7,1,1500,5000,18500,HIGH_MOISTURE,Rock Bench Blasting Misfire Risk,Switch to Emulsion Charges & Dry Stemming Sequence,90.4,13875
2024-06-28,Mansar West Mine,44.0,20.9,84.3,83.7,1,1500,5000,18500,HIGH_MOISTURE,Rock Bench Blasting Misfire Risk,Switch to Emulsion Charges & Dry Stemming Sequence,97.2,13875
2024-06-28,Dongri Buzurg Mine,44.0,20.9,84.3,83.7,1,1500,5000,18500,HIGH_MOISTURE,Rock Bench Blasting Misfire Risk,Switch to Emulsion Charges & Dry Stemming Sequence,85.5,13875
2024-06-28,Ukwa East Mine,44.0,20.9,84.3,83.7,1,1500,5000,18500,HIGH_MOISTURE,Rock Bench Blasting Misfire Risk,Switch to Emulsion Charges & Dry Stemming Sequence,90.4,13875
2024-06-29,Balaghat Central Mine,153.3,20.5,75.4,76.1,4,1500,5000,18500,HEAVY_RAIN,Pit Waterlogging & Haul Mud Friction,Deploy Dewatering Pumps & Route via High Ramp,94.0,13320
2024-06-29,Mansar West Mine,153.3,20.5,75.4,76.1,4,1500,5000,18500,HEAVY_RAIN,Pit Waterlogging & Haul Mud Friction,Deploy Dewatering Pumps & Route via High Ramp,92.0,13320
2024-06-29,Dongri Buzurg Mine,153.3,20.5,75.4,76.1,4,1500,5000,18500,HEAVY_RAIN,Pit Waterlogging & Haul Mud Friction,Deploy Dewatering Pumps & Route via High Ramp,96.9,13320
2024-06-29,Ukwa East Mine,153.3,20.5,75.4,76.1,4,1500,5000,18500,HEAVY_RAIN,Pit Waterlogging & Haul Mud Friction,Deploy Dewatering Pumps & Route via High Ramp,87.2,13320
2024-06-30,Balaghat Central Mine,124.6,27.6,61.3,60.4,1,1500,5000,18500,HEAVY_RAIN,Pit Waterlogging & Haul Mud Friction,Deploy Dewatering Pumps & Route via High Ramp,86.9,13320
2024-06-30,Mansar West Mine,124.6,27.6,61.3,60.4,1,1500,5000,18500,HEAVY_RAIN,Pit Waterlogging & Haul Mud Friction,Deploy Dewatering Pumps & Route via High Ramp,91.2,13320
2024-06-30,Dongri Buzurg Mine,124.6,27.6,61.3,60.4,1,1500,5000,18500,HEAVY_RAIN,Pit Waterlogging & Haul Mud Friction,Deploy Dewatering Pumps & Route via High Ramp,95.9,13320
2024-06-30,Ukwa East Mine,124.6,27.6,61.3,60.4,1,1500,5000,18500,HEAVY_RAIN,Pit Waterlogging & Haul Mud Friction,Deploy Dewatering Pumps & Route via High Ramp,95.9,13320
2024-07-01,Balaghat Central Mine,81.1,25.8,85.3,62.8,3,1500,5000,18500,HEAVY_RAIN,Pit Waterlogging & Haul Mud Friction,Deploy Dewatering Pumps & Route via High Ramp,95.1,13320
2024-07-01,Mansar West Mine,81.1,25.8,85.3,62.8,3,1500,5000,18500,HEAVY_RAIN,Pit Waterlogging & Haul Mud Friction,Deploy Dewatering Pumps & Route via High Ramp,92.4,13320
2024-07-01,Dongri Buzurg Mine,81.1,25.8,85.3,62.8,3,1500,5000,18500,HEAVY_RAIN,Pit Waterlogging & Haul Mud Friction,Deploy Dewatering Pumps & Route via High Ramp,94.6,13320
2024-07-01,Ukwa East Mine,81.1,25.8,85.3,62.8,3,1500,5000,18500,HEAVY_RAIN,Pit Waterlogging & Haul Mud Friction,Deploy Dewatering Pumps & Route via High Ramp,92.7,13320
2024-07-02,Balaghat Central Mine,177.7,24.4,83.5,87.4,4,1500,5000,18500,HEAVY_RAIN,Pit Waterlogging & Haul Mud Friction,Deploy Dewatering Pumps & Route via High Ramp,87.7,13320
2024-07-02,Mansar West Mine,177.7,24.4,83.5,87.4,4,1500,5000,18500,HEAVY_RAIN,Pit Waterlogging & Haul Mud Friction,Deploy Dewatering Pumps & Route via High Ramp,89.2,13320
2024-07-02,Dongri Buzurg Mine,177.7,24.4,83.5,87.4,4,1500,5000,18500,HEAVY_RAIN,Pit Waterlogging & Haul Mud Friction,Deploy Dewatering Pumps & Route via High Ramp,91.9,13320
2024-07-02,Ukwa East Mine,177.7,24.4,83.5,87.4,4,1500,5000,18500,HEAVY_RAIN,Pit Waterlogging & Haul Mud Friction,Deploy Dewatering Pumps & Route via High Ramp,89.5,13320
2024-07-03,Balaghat Central Mine,104.5,20.8,81.0,86.0,3,1500,5000,18500,HEAVY_RAIN,Pit Waterlogging & Haul Mud Friction,Deploy Dewatering Pumps & Route via High Ramp,88.7,13320
2024-07-03,Mansar West Mine,104.5,20.8,81.0,86.0,3,1500,5000,18500,HEAVY_RAIN,Pit Waterlogging & Haul Mud Friction,Deploy Dewatering Pumps & Route via High Ramp,90.4,13320
2024-07-03,Dongri Buzurg Mine,104.5,20.8,81.0,86.0,3,1500,5000,18500,HEAVY_RAIN,Pit Waterlogging & Haul Mud Friction,Deploy Dewatering Pumps & Route via High Ramp,94.9,13320
2024-07-03,Ukwa East Mine,104.5,20.8,81.0,86.0,3,1500,5000,18500,HEAVY_RAIN,Pit Waterlogging & Haul Mud Friction,Deploy Dewatering Pumps & Route via High Ramp,90.4,13320
2024-07-04,Balaghat Central Mine,128.2,23.5,73.7,64.5,5,1500,5000,18500,HEAVY_RAIN,Pit Waterlogging & Haul Mud Friction,Deploy Dewatering Pumps & Route via High Ramp,85.5,13320
2024-07-04,Mansar West Mine,128.2,23.5,73.7,64.5,5,1500,5000,18500,HEAVY_RAIN,Pit Waterlogging & Haul Mud Friction,Deploy Dewatering Pumps & Route via High Ramp,87.2,13320
2024-07-04,Dongri Buzurg Mine,128.2,23.5,73.7,64.5,5,1500,5000,18500,HEAVY_RAIN,Pit Waterlogging & Haul Mud Friction,Deploy Dewatering Pumps & Route via High Ramp,87.8,13320
2024-07-04,Ukwa East Mine,128.2,23.5,73.7,64.5,5,1500,5000,18500,HEAVY_RAIN,Pit Waterlogging & Haul Mud Friction,Deploy Dewatering Pumps & Route via High Ramp,92.3,13320
2024-07-05,Balaghat Central Mine,34.5,28.7,63.0,90.7,2,1500,15000,0,NORMAL,Optimal Mine Operations,Maintain Standard Production Schedule,89.6,0
2024-07-05,Mansar West Mine,34.5,28.7,63.0,90.7,2,1500,15000,0,NORMAL,Optimal Mine Operations,Maintain Standard Production Schedule,97.0,0
2024-07-05,Dongri Buzurg Mine,34.5,28.7,63.0,90.7,2,1500,12607,2393,NORMAL,Optimal Mine Operations,Maintain Standard Production Schedule,90.6,2393
2024-07-05,Ukwa East Mine,34.5,28.7,63.0,90.7,2,1500,8723,6277,NORMAL,Optimal Mine Operations,Maintain Standard Production Schedule,95.3,6277
2024-07-06,Balaghat Central Mine,48.5,29.6,72.9,74.9,2,1500,5000,18500,FLEET_BREAKDOWN,Haul Truck & Shovel Mechanical Failure,Reallocate Backup Fleet & Deploy Mobile Mechanics,86.1,14800
2024-07-06,Mansar West Mine,48.5,29.6,72.9,74.9,2,1500,5000,18500,FLEET_BREAKDOWN,Haul Truck & Shovel Mechanical Failure,Reallocate Backup Fleet & Deploy Mobile Mechanics,91.3,14800
2024-07-06,Dongri Buzurg Mine,48.5,29.6,72.9,74.9,2,1500,5000,18500,FLEET_BREAKDOWN,Haul Truck & Shovel Mechanical Failure,Reallocate Backup Fleet & Deploy Mobile Mechanics,89.6,14800
2024-07-06,Ukwa East Mine,48.5,29.6,72.9,74.9,2,1500,5000,18500,FLEET_BREAKDOWN,Haul Truck & Shovel Mechanical Failure,Reallocate Backup Fleet & Deploy Mobile Mechanics,89.6,14800
2024-07-07,Balaghat Central Mine,176.1,31.7,90.3,91.9,4,1500,5000,18500,HEAVY_RAIN,Pit Waterlogging & Haul Mud Friction,Deploy Dewatering Pumps & Route via High Ramp,96.6,13320
2024-07-07,Mansar West Mine,176.1,31.7,90.3,91.9,4,1500,5000,18500,HEAVY_RAIN,Pit Waterlogging & Haul Mud Friction,Deploy Dewatering Pumps & Route via High Ramp,97.1,13320
2024-07-07,Dongri Buzurg Mine,176.1,31.7,90.3,91.9,4,1500,5000,18500,HEAVY_RAIN,Pit Waterlogging & Haul Mud Friction,Deploy Dewatering Pumps & Route via High Ramp,94.8,13320
2024-07-07,Ukwa East Mine,176.1,31.7,90.3,91.9,4,1500,5000,18500,HEAVY_RAIN,Pit Waterlogging & Haul Mud Friction,Deploy Dewatering Pumps & Route via High Ramp,91.6,13320
2024-07-08,Balaghat Central Mine,40.9,21.8,82.7,61.4,1,1500,5000,18500,FLEET_BREAKDOWN,Haul Truck & Shovel Mechanical Failure,Reallocate Backup Fleet & Deploy Mobile Mechanics,87.3,14800
2024-07-08,Mansar West Mine,40.9,21.8,82.7,61.4,1,1500,5000,18500,FLEET_BREAKDOWN,Haul Truck & Shovel Mechanical Failure,Reallocate Backup Fleet & Deploy Mobile Mechanics,92.3,14800
2024-07-08,Dongri Buzurg Mine,40.9,21.8,82.7,61.4,1,1500,5000,18500,FLEET_BREAKDOWN,Haul Truck & Shovel Mechanical Failure,Reallocate Backup Fleet & Deploy Mobile Mechanics,95.1,14800
2024-07-08,Ukwa East Mine,40.9,21.8,82.7,61.4,1,1500,5000,18500,FLEET_BREAKDOWN,Haul Truck & Shovel Mechanical Failure,Reallocate Backup Fleet & Deploy Mobile Mechanics,97.7,14800
2024-07-09,Balaghat Central Mine,96.0,27.1,66.2,57.7,4,1500,5000,18500,HEAVY_RAIN,Pit Waterlogging & Haul Mud Friction,Deploy Dewatering Pumps & Route via High Ramp,86.6,13320
2024-07-09,Mansar West Mine,96.0,27.1,66.2,57.7,4,1500,5000,18500,HEAVY_RAIN,Pit Waterlogging & Haul Mud Friction,Deploy Dewatering Pumps & Route via High Ramp,97.7,13320
2024-07-09,Dongri Buzurg Mine,96.0,27.1,66.2,57.7,4,1500,5000,18500,HEAVY_RAIN,Pit Waterlogging & Haul Mud Friction,Deploy Dewatering Pumps & Route via High Ramp,96.4,13320
2024-07-09,Ukwa East Mine,96.0,27.1,66.2,57.7,4,1500,5000,18500,HEAVY_RAIN,Pit Waterlogging & Haul Mud Friction,Deploy Dewatering Pumps & Route via High Ramp,88.2,13320
2024-07-10,Balaghat Central Mine,141.2,27.5,74.1,56.1,4,1500,5000,18500,HEAVY_RAIN,Pit Waterlogging & Haul Mud Friction,Deploy Dewatering Pumps & Route via High Ramp,90.7,13320
2024-07-10,Mansar West Mine,141.2,27.5,74.1,56.1,4,1500,5000,18500,HEAVY_RAIN,Pit Waterlogging & Haul Mud Friction,Deploy Dewatering Pumps & Route via High Ramp,88.1,13320
2024-07-10,Dongri Buzurg Mine,141.2,27.5,74.1,56.1,4,1500,5000,18500,HEAVY_RAIN,Pit Waterlogging & Haul Mud Friction,Deploy Dewatering Pumps & Route via High Ramp,87.3,13320
2024-07-10,Ukwa East Mine,141.2,27.5,74.1,56.1,4,1500,5000,18500,HEAVY_RAIN,Pit Waterlogging & Haul Mud Friction,Deploy Dewatering Pumps & Route via High Ramp,89.5,13320
2024-07-11,Balaghat Central Mine,32.2,25.2,91.6,94.3,2,1500,5000,18500,HIGH_MOISTURE,Rock Bench Blasting Misfire Risk,Switch to Emulsion Charges & Dry Stemming Sequence,97.5,13875
2024-07-11,Mansar West Mine,32.2,25.2,91.6,94.3,2,1500,5000,18500,HIGH_MOISTURE,Rock Bench Blasting Misfire Risk,Switch to Emulsion Charges & Dry Stemming Sequence,96.1,13875
2024-07-11,Dongri Buzurg Mine,32.2,25.2,91.6,94.3,2,1500,5000,18500,HIGH_MOISTURE,Rock Bench Blasting Misfire Risk,Switch to Emulsion Charges & Dry Stemming Sequence,86.9,13875
2024-07-11,Ukwa East Mine,32.2,25.2,91.6,94.3,2,1500,5000,18500,HIGH_MOISTURE,Rock Bench Blasting Misfire Risk,Switch to Emulsion Charges & Dry Stemming Sequence,95.5,13875
2024-07-12,Balaghat Central Mine,169.1,29.9,89.3,77.6,1,1500,5000,18500,HEAVY_RAIN,Pit Waterlogging & Haul Mud Friction,Deploy Dewatering Pumps & Route via High Ramp,95.4,13320
2024-07-12,Mansar West Mine,169.1,29.9,89.3,77.6,1,1500,5000,18500,HEAVY_RAIN,Pit Waterlogging & Haul Mud Friction,Deploy Dewatering Pumps & Route via High Ramp,92.9,13320
2024-07-12,Dongri Buzurg Mine,169.1,29.9,89.3,77.6,1,1500,5000,18500,HEAVY_RAIN,Pit Waterlogging & Haul Mud Friction,Deploy Dewatering Pumps & Route via High Ramp,93.0,13320
2024-07-12,Ukwa East Mine,169.1,29.9,89.3,77.6,1,1500,5000,18500,HEAVY_RAIN,Pit Waterlogging & Haul Mud Friction,Deploy Dewatering Pumps & Route via High Ramp,89.3,13320
2024-07-13,Balaghat Central Mine,128.6,30.7,90.3,70.8,3,1500,5000,18500,HEAVY_RAIN,Pit Waterlogging & Haul Mud Friction,Deploy Dewatering Pumps & Route via High Ramp,85.4,13320
2024-07-13,Mansar West Mine,128.6,30.7,90.3,70.8,3,1500,5000,18500,HEAVY_RAIN,Pit Waterlogging & Haul Mud Friction,Deploy Dewatering Pumps & Route via High Ramp,90.1,13320
2024-07-13,Dongri Buzurg Mine,128.6,30.7,90.3,70.8,3,1500,5000,18500,HEAVY_RAIN,Pit Waterlogging & Haul Mud Friction,Deploy Dewatering Pumps & Route via High Ramp,94.4,13320
2024-07-13,Ukwa East Mine,128.6,30.7,90.3,70.8,3,1500,5000,18500,HEAVY_RAIN,Pit Waterlogging & Haul Mud Friction,Deploy Dewatering Pumps & Route via High Ramp,90.0,13320
2024-07-14,Balaghat Central Mine,84.2,20.7,68.6,77.3,5,1500,5000,18500,HEAVY_RAIN,Pit Waterlogging & Haul Mud Friction,Deploy Dewatering Pumps & Route via High Ramp,89.9,13320
2024-07-14,Mansar West Mine,84.2,20.7,68.6,77.3,5,1500,5000,18500,HEAVY_RAIN,Pit Waterlogging & Haul Mud Friction,Deploy Dewatering Pumps & Route via High Ramp,96.7,13320
2024-07-14,Dongri Buzurg Mine,84.2,20.7,68.6,77.3,5,1500,5000,18500,HEAVY_RAIN,Pit Waterlogging & Haul Mud Friction,Deploy Dewatering Pumps & Route via High Ramp,95.5,13320
2024-07-14,Ukwa East Mine,84.2,20.7,68.6,77.3,5,1500,5000,18500,HEAVY_RAIN,Pit Waterlogging & Haul Mud Friction,Deploy Dewatering Pumps & Route via High Ramp,90.9,13320
2024-07-15,Balaghat Central Mine,121.4,20.7,66.8,77.3,2,1500,5000,18500,HEAVY_RAIN,Pit Waterlogging & Haul Mud Friction,Deploy Dewatering Pumps & Route via High Ramp,89.6,13320
2024-07-15,Mansar West Mine,121.4,20.7,66.8,77.3,2,1500,5000,18500,HEAVY_RAIN,Pit Waterlogging & Haul Mud Friction,Deploy Dewatering Pumps & Route via High Ramp,94.9,13320
2024-07-15,Dongri Buzurg Mine,121.4,20.7,66.8,77.3,2,1500,5000,18500,HEAVY_RAIN,Pit Waterlogging & Haul Mud Friction,Deploy Dewatering Pumps & Route via High Ramp,96.1,13320
2024-07-15,Ukwa East Mine,121.4,20.7,66.8,77.3,2,1500,5000,18500,HEAVY_RAIN,Pit Waterlogging & Haul Mud Friction,Deploy Dewatering Pumps & Route via High Ramp,87.5,13320
2024-07-16,Balaghat Central Mine,176.4,21.1,64.5,93.2,4,1500,5000,18500,HEAVY_RAIN,Pit Waterlogging & Haul Mud Friction,Deploy Dewatering Pumps & Route via High Ramp,89.8,13320
2024-07-16,Mansar West Mine,176.4,21.1,64.5,93.2,4,1500,5000,18500,HEAVY_RAIN,Pit Waterlogging & Haul Mud Friction,Deploy Dewatering Pumps & Route via High Ramp,96.9,13320
2024-07-16,Dongri Buzurg Mine,176.4,21.1,64.5,93.2,4,1500,5000,18500,HEAVY_RAIN,Pit Waterlogging & Haul Mud Friction,Deploy Dewatering Pumps & Route via High Ramp,95.5,13320
2024-07-16,Ukwa East Mine,176.4,21.1,64.5,93.2,4,1500,5000,18500,HEAVY_RAIN,Pit Waterlogging & Haul Mud Friction,Deploy Dewatering Pumps & Route via High Ramp,90.0,13320
2024-07-17,Balaghat Central Mine,124.6,21.5,83.7,89.4,1,1500,5000,18500,HEAVY_RAIN,Pit Waterlogging & Haul Mud Friction,Deploy Dewatering Pumps & Route via High Ramp,89.8,13320
2024-07-17,Mansar West Mine,124.6,21.5,83.7,89.4,1,1500,5000,18500,HEAVY_RAIN,Pit Waterlogging & Haul Mud Friction,Deploy Dewatering Pumps & Route via High Ramp,96.2,13320
2024-07-17,Dongri Buzurg Mine,124.6,21.5,83.7,89.4,1,1500,5000,18500,HEAVY_RAIN,Pit Waterlogging & Haul Mud Friction,Deploy Dewatering Pumps & Route via High Ramp,96.8,13320
2024-07-17,Ukwa East Mine,124.6,21.5,83.7,89.4,1,1500,5000,18500,HEAVY_RAIN,Pit Waterlogging & Haul Mud Friction,Deploy Dewatering Pumps & Route via High Ramp,96.4,13320
2024-07-18,Balaghat Central Mine,136.2,21.2,89.7,55.6,1,1500,5000,18500,HEAVY_RAIN,Pit Waterlogging & Haul Mud Friction,Deploy Dewatering Pumps & Route via High Ramp,86.2,13320
2024-07-18,Mansar West Mine,136.2,21.2,89.7,55.6,1,1500,5000,18500,HEAVY_RAIN,Pit Waterlogging & Haul Mud Friction,Deploy Dewatering Pumps & Route via High Ramp,91.8,13320
2024-07-18,Dongri Buzurg Mine,136.2,21.2,89.7,55.6,1,1500,5000,18500,HEAVY_RAIN,Pit Waterlogging & Haul Mud Friction,Deploy Dewatering Pumps & Route via High Ramp,86.5,13320
2024-07-18,Ukwa East Mine,136.2,21.2,89.7,55.6,1,1500,5000,18500,HEAVY_RAIN,Pit Waterlogging & Haul Mud Friction,Deploy Dewatering Pumps & Route via High Ramp,85.4,13320
2024-07-19,Balaghat Central Mine,65.9,26.5,80.9,89.7,4,1500,5000,12969,HEAVY_RAIN,Pit Waterlogging & Haul Mud Friction,Deploy Dewatering Pumps & Route via High Ramp,97.7,9337
2024-07-19,Mansar West Mine,65.9,26.5,80.9,89.7,4,1500,5000,18500,HEAVY_RAIN,Pit Waterlogging & Haul Mud Friction,Deploy Dewatering Pumps & Route via High Ramp,93.2,13320
2024-07-19,Dongri Buzurg Mine,65.9,26.5,80.9,89.7,4,1500,5000,16404,HEAVY_RAIN,Pit Waterlogging & Haul Mud Friction,Deploy Dewatering Pumps & Route via High Ramp,93.7,11810
2024-07-19,Ukwa East Mine,65.9,26.5,80.9,89.7,4,1500,5000,16722,HEAVY_RAIN,Pit Waterlogging & Haul Mud Friction,Deploy Dewatering Pumps & Route via High Ramp,89.9,12039
2024-07-20,Balaghat Central Mine,57.2,25.4,90.5,88.3,1,1500,8372,6628,HEAVY_RAIN,Pit Waterlogging & Haul Mud Friction,Deploy Dewatering Pumps & Route via High Ramp,94.8,4772
2024-07-20,Mansar West Mine,57.2,25.4,90.5,88.3,1,1500,6777,8223,HEAVY_RAIN,Pit Waterlogging & Haul Mud Friction,Deploy Dewatering Pumps & Route via High Ramp,91.4,5920
2024-07-20,Dongri Buzurg Mine,57.2,25.4,90.5,88.3,1,1500,5000,10278,HEAVY_RAIN,Pit Waterlogging & Haul Mud Friction,Deploy Dewatering Pumps & Route via High Ramp,91.1,7400
2024-07-20,Ukwa East Mine,57.2,25.4,90.5,88.3,1,1500,5000,13682,HEAVY_RAIN,Pit Waterlogging & Haul Mud Friction,Deploy Dewatering Pumps & Route via High Ramp,94.2,9851
2024-07-21,Balaghat Central Mine,107.8,27.6,73.4,68.7,3,1500,5000,18500,HEAVY_RAIN,Pit Waterlogging & Haul Mud Friction,Deploy Dewatering Pumps & Route via High Ramp,89.2,13320
2024-07-21,Mansar West Mine,107.8,27.6,73.4,68.7,3,1500,5000,18500,HEAVY_RAIN,Pit Waterlogging & Haul Mud Friction,Deploy Dewatering Pumps & Route via High Ramp,88.0,13320
2024-07-21,Dongri Buzurg Mine,107.8,27.6,73.4,68.7,3,1500,5000,18500,HEAVY_RAIN,Pit Waterlogging & Haul Mud Friction,Deploy Dewatering Pumps & Route via High Ramp,89.7,13320
2024-07-21,Ukwa East Mine,107.8,27.6,73.4,68.7,3,1500,5000,18500,HEAVY_RAIN,Pit Waterlogging & Haul Mud Friction,Deploy Dewatering Pumps & Route via High Ramp,96.0,13320
2024-07-22,Balaghat Central Mine,81.7,21.7,62.9,89.5,4,1500,5000,18500,HEAVY_RAIN,Pit Waterlogging & Haul Mud Friction,Deploy Dewatering Pumps & Route via High Ramp,88.8,13320
2024-07-22,Mansar West Mine,81.7,21.7,62.9,89.5,4,1500,5000,18500,HEAVY_RAIN,Pit Waterlogging & Haul Mud Friction,Deploy Dewatering Pumps & Route via High Ramp,97.8,13320
2024-07-22,Dongri Buzurg Mine,81.7,21.7,62.9,89.5,4,1500,5000,18500,HEAVY_RAIN,Pit Waterlogging & Haul Mud Friction,Deploy Dewatering Pumps & Route via High Ramp,86.8,13320
2024-07-22,Ukwa East Mine,81.7,21.7,62.9,89.5,4,1500,5000,18500,HEAVY_RAIN,Pit Waterlogging & Haul Mud Friction,Deploy Dewatering Pumps & Route via High Ramp,94.3,13320
2024-07-23,Balaghat Central Mine,64.1,31.5,73.4,89.4,1,1500,5000,16585,HEAVY_RAIN,Pit Waterlogging & Haul Mud Friction,Deploy Dewatering Pumps & Route via High Ramp,90.0,11941
2024-07-23,Mansar West Mine,64.1,31.5,73.4,89.4,1,1500,5000,14346,HEAVY_RAIN,Pit Waterlogging & Haul Mud Friction,Deploy Dewatering Pumps & Route via High Ramp,96.2,10329
2024-07-23,Dongri Buzurg Mine,64.1,31.5,73.4,89.4,1,1500,5000,14903,HEAVY_RAIN,Pit Waterlogging & Haul Mud Friction,Deploy Dewatering Pumps & Route via High Ramp,94.3,10730
2024-07-23,Ukwa East Mine,64.1,31.5,73.4,89.4,1,1500,5000,14299,HEAVY_RAIN,Pit Waterlogging & Haul Mud Friction,Deploy Dewatering Pumps & Route via High Ramp,94.2,10295
2024-07-24,Balaghat Central Mine,72.4,25.4,77.7,83.5,1,1500,5000,15609,HEAVY_RAIN,Pit Waterlogging & Haul Mud Friction,Deploy Dewatering Pumps & Route via High Ramp,96.5,11238
2024-07-24,Mansar West Mine,72.4,25.4,77.7,83.5,1,1500,5000,18416,HEAVY_RAIN,Pit Waterlogging & Haul Mud Friction,Deploy Dewatering Pumps & Route via High Ramp,96.0,13259
2024-07-24,Dongri Buzurg Mine,72.4,25.4,77.7,83.5,1,1500,5000,16781,HEAVY_RAIN,Pit Waterlogging & Haul Mud Friction,Deploy Dewatering Pumps & Route via High Ramp,85.9,12082
2024-07-24,Ukwa East Mine,72.4,25.4,77.7,83.5,1,1500,5000,18272,HEAVY_RAIN,Pit Waterlogging & Haul Mud Friction,Deploy Dewatering Pumps & Route via High Ramp,86.6,13155
2024-07-25,Balaghat Central Mine,119.0,27.6,90.0,97.0,3,1500,5000,18500,HEAVY_RAIN,Pit Waterlogging & Haul Mud Friction,Deploy Dewatering Pumps & Route via High Ramp,85.9,13320
2024-07-25,Mansar West Mine,119.0,27.6,90.0,97.0,3,1500,5000,18500,HEAVY_RAIN,Pit Waterlogging & Haul Mud Friction,Deploy Dewatering Pumps & Route via High Ramp,85.6,13320
2024-07-25,Dongri Buzurg Mine,119.0,27.6,90.0,97.0,3,1500,5000,18500,HEAVY_RAIN,Pit Waterlogging & Haul Mud Friction,Deploy Dewatering Pumps & Route via High Ramp,91.5,13320
2024-07-25,Ukwa East Mine,119.0,27.6,90.0,97.0,3,1500,5000,18500,HEAVY_RAIN,Pit Waterlogging & Haul Mud Friction,Deploy Dewatering Pumps & Route via High Ramp,96.9,13320
2024-07-26,Balaghat Central Mine,139.5,28.3,65.5,87.2,2,1500,5000,18500,HEAVY_RAIN,Pit Waterlogging & Haul Mud Friction,Deploy Dewatering Pumps & Route via High Ramp,97.4,13320
2024-07-26,Mansar West Mine,139.5,28.3,65.5,87.2,2,1500,5000,18500,HEAVY_RAIN,Pit Waterlogging & Haul Mud Friction,Deploy Dewatering Pumps & Route via High Ramp,97.3,13320
2024-07-26,Dongri Buzurg Mine,139.5,28.3,65.5,87.2,2,1500,5000,18500,HEAVY_RAIN,Pit Waterlogging & Haul Mud Friction,Deploy Dewatering Pumps & Route via High Ramp,92.9,13320
2024-07-26,Ukwa East Mine,139.5,28.3,65.5,87.2,2,1500,5000,18500,HEAVY_RAIN,Pit Waterlogging & Haul Mud Friction,Deploy Dewatering Pumps & Route via High Ramp,86.1,13320
2024-07-27,Balaghat Central Mine,69.7,31.4,68.1,97.5,3,1500,5000,12352,HEAVY_RAIN,Pit Waterlogging & Haul Mud Friction,Deploy Dewatering Pumps & Route via High Ramp,94.7,8893
2024-07-27,Mansar West Mine,69.7,31.4,68.1,97.5,3,1500,5000,18500,HEAVY_RAIN,Pit Waterlogging & Haul Mud Friction,Deploy Dewatering Pumps & Route via High Ramp,91.1,13320
2024-07-27,Dongri Buzurg Mine,69.7,31.4,68.1,97.5,3,1500,5000,11962,HEAVY_RAIN,Pit Waterlogging & Haul Mud Friction,Deploy Dewatering Pumps & Route via High Ramp,85.4,8612
2024-07-27,Ukwa East Mine,69.7,31.4,68.1,97.5,3,1500,5000,18500,HEAVY_RAIN,Pit Waterlogging & Haul Mud Friction,Deploy Dewatering Pumps & Route via High Ramp,86.8,13320
2024-07-28,Balaghat Central Mine,158.6,22.0,67.2,61.9,2,1500,5000,18500,HEAVY_RAIN,Pit Waterlogging & Haul Mud Friction,Deploy Dewatering Pumps & Route via High Ramp,89.1,13320
2024-07-28,Mansar West Mine,158.6,22.0,67.2,61.9,2,1500,5000,18500,HEAVY_RAIN,Pit Waterlogging & Haul Mud Friction,Deploy Dewatering Pumps & Route via High Ramp,90.9,13320
2024-07-28,Dongri Buzurg Mine,158.6,22.0,67.2,61.9,2,1500,5000,18500,HEAVY_RAIN,Pit Waterlogging & Haul Mud Friction,Deploy Dewatering Pumps & Route via High Ramp,88.6,13320
2024-07-28,Ukwa East Mine,158.6,22.0,67.2,61.9,2,1500,5000,18500,HEAVY_RAIN,Pit Waterlogging & Haul Mud Friction,Deploy Dewatering Pumps & Route via High Ramp,95.1,13320
2024-07-29,Balaghat Central Mine,164.3,30.4,67.2,78.8,2,1500,5000,18500,HEAVY_RAIN,Pit Waterlogging & Haul Mud Friction,Deploy Dewatering Pumps & Route via High Ramp,87.5,13320
2024-07-29,Mansar West Mine,164.3,30.4,67.2,78.8,2,1500,5000,18500,HEAVY_RAIN,Pit Waterlogging & Haul Mud Friction,Deploy Dewatering Pumps & Route via High Ramp,97.4,13320
2024-07-29,Dongri Buzurg Mine,164.3,30.4,67.2,78.8,2,1500,5000,18500,HEAVY_RAIN,Pit Waterlogging & Haul Mud Friction,Deploy Dewatering Pumps & Route via High Ramp,97.4,13320
2024-07-29,Ukwa East Mine,164.3,30.4,67.2,78.8,2,1500,5000,18500,HEAVY_RAIN,Pit Waterlogging & Haul Mud Friction,Deploy Dewatering Pumps & Route via High Ramp,86.0,13320
2024-07-30,Balaghat Central Mine,123.5,27.5,82.4,58.9,4,1500,5000,18500,HEAVY_RAIN,Pit Waterlogging & Haul Mud Friction,Deploy Dewatering Pumps & Route via High Ramp,95.7,13320
2024-07-30,Mansar West Mine,123.5,27.5,82.4,58.9,4,1500,5000,18500,HEAVY_RAIN,Pit Waterlogging & Haul Mud Friction,Deploy Dewatering Pumps & Route via High Ramp,92.5,13320
2024-07-30,Dongri Buzurg Mine,123.5,27.5,82.4,58.9,4,1500,5000,18500,HEAVY_RAIN,Pit Waterlogging & Haul Mud Friction,Deploy Dewatering Pumps & Route via High Ramp,96.4,13320
2024-07-30,Ukwa East Mine,123.5,27.5,82.4,58.9,4,1500,5000,18500,HEAVY_RAIN,Pit Waterlogging & Haul Mud Friction,Deploy Dewatering Pumps & Route via High Ramp,86.4,13320
2024-07-31,Balaghat Central Mine,91.0,25.8,63.7,64.8,2,1500,5000,18500,HEAVY_RAIN,Pit Waterlogging & Haul Mud Friction,Deploy Dewatering Pumps & Route via High Ramp,94.0,13320
2024-07-31,Mansar West Mine,91.0,25.8,63.7,64.8,2,1500,5000,18500,HEAVY_RAIN,Pit Waterlogging & Haul Mud Friction,Deploy Dewatering Pumps & Route via High Ramp,97.5,13320
2024-07-31,Dongri Buzurg Mine,91.0,25.8,63.7,64.8,2,1500,5000,18500,HEAVY_RAIN,Pit Waterlogging & Haul Mud Friction,Deploy Dewatering Pumps & Route via High Ramp,90.0,13320
2024-07-31,Ukwa East Mine,91.0,25.8,63.7,64.8,2,1500,5000,18500,HEAVY_RAIN,Pit Waterlogging & Haul Mud Friction,Deploy Dewatering Pumps & Route via High Ramp,88.1,13320
2024-08-01,Balaghat Central Mine,149.0,20.7,77.4,61.4,3,1500,5000,18500,HEAVY_RAIN,Pit Waterlogging & Haul Mud Friction,Deploy Dewatering Pumps & Route via High Ramp,88.2,13320
2024-08-01,Mansar West Mine,149.0,20.7,77.4,61.4,3,1500,5000,18500,HEAVY_RAIN,Pit Waterlogging & Haul Mud Friction,Deploy Dewatering Pumps & Route via High Ramp,92.4,13320
2024-08-01,Dongri Buzurg Mine,149.0,20.7,77.4,61.4,3,1500,5000,18500,HEAVY_RAIN,Pit Waterlogging & Haul Mud Friction,Deploy Dewatering Pumps & Route via High Ramp,96.7,13320
2024-08-01,Ukwa East Mine,149.0,20.7,77.4,61.4,3,1500,5000,18500,HEAVY_RAIN,Pit Waterlogging & Haul Mud Friction,Deploy Dewatering Pumps & Route via High Ramp,85.4,13320
2024-08-02,Balaghat Central Mine,50.5,25.7,71.2,56.7,5,1500,15000,0,HEAVY_RAIN,Pit Waterlogging & Haul Mud Friction,Deploy Dewatering Pumps & Route via High Ramp,85.7,0
2024-08-02,Mansar West Mine,50.5,25.7,71.2,56.7,5,1500,7446,7554,HEAVY_RAIN,Pit Waterlogging & Haul Mud Friction,Deploy Dewatering Pumps & Route via High Ramp,92.2,5438
2024-08-02,Dongri Buzurg Mine,50.5,25.7,71.2,56.7,5,1500,10563,4437,HEAVY_RAIN,Pit Waterlogging & Haul Mud Friction,Deploy Dewatering Pumps & Route via High Ramp,92.5,3194
2024-08-02,Ukwa East Mine,50.5,25.7,71.2,56.7,5,1500,13811,1189,HEAVY_RAIN,Pit Waterlogging & Haul Mud Friction,Deploy Dewatering Pumps & Route via High Ramp,93.2,856
2024-08-03,Balaghat Central Mine,166.5,27.4,83.4,57.3,3,1500,5000,18500,HEAVY_RAIN,Pit Waterlogging & Haul Mud Friction,Deploy Dewatering Pumps & Route via High Ramp,93.7,13320
2024-08-03,Mansar West Mine,166.5,27.4,83.4,57.3,3,1500,5000,18500,HEAVY_RAIN,Pit Waterlogging & Haul Mud Friction,Deploy Dewatering Pumps & Route via High Ramp,85.6,13320
2024-08-03,Dongri Buzurg Mine,166.5,27.4,83.4,57.3,3,1500,5000,18500,HEAVY_RAIN,Pit Waterlogging & Haul Mud Friction,Deploy Dewatering Pumps & Route via High Ramp,95.2,13320
2024-08-03,Ukwa East Mine,166.5,27.4,83.4,57.3,3,1500,5000,18500,HEAVY_RAIN,Pit Waterlogging & Haul Mud Friction,Deploy Dewatering Pumps & Route via High Ramp,89.5,13320
2024-08-04,Balaghat Central Mine,117.4,28.1,71.5,80.5,3,1500,5000,18500,HEAVY_RAIN,Pit Waterlogging & Haul Mud Friction,Deploy Dewatering Pumps & Route via High Ramp,95.0,13320
2024-08-04,Mansar West Mine,117.4,28.1,71.5,80.5,3,1500,5000,18500,HEAVY_RAIN,Pit Waterlogging & Haul Mud Friction,Deploy Dewatering Pumps & Route via High Ramp,89.5,13320
2024-08-04,Dongri Buzurg Mine,117.4,28.1,71.5,80.5,3,1500,5000,18500,HEAVY_RAIN,Pit Waterlogging & Haul Mud Friction,Deploy Dewatering Pumps & Route via High Ramp,97.7,13320
2024-08-04,Ukwa East Mine,117.4,28.1,71.5,80.5,3,1500,5000,18500,HEAVY_RAIN,Pit Waterlogging & Haul Mud Friction,Deploy Dewatering Pumps & Route via High Ramp,93.5,13320
2024-08-05,Balaghat Central Mine,38.1,23.4,76.1,82.3,1,1500,5000,14932,HIGH_MOISTURE,Rock Bench Blasting Misfire Risk,Switch to Emulsion Charges & Dry Stemming Sequence,93.2,11199
2024-08-05,Mansar West Mine,38.1,23.4,76.1,82.3,1,1500,5000,13787,HIGH_MOISTURE,Rock Bench Blasting Misfire Risk,Switch to Emulsion Charges & Dry Stemming Sequence,90.8,10340
2024-08-05,Dongri Buzurg Mine,38.1,23.4,76.1,82.3,1,1500,5000,11909,HIGH_MOISTURE,Rock Bench Blasting Misfire Risk,Switch to Emulsion Charges & Dry Stemming Sequence,97.1,8931
2024-08-05,Ukwa East Mine,38.1,23.4,76.1,82.3,1,1500,5000,13905,HIGH_MOISTURE,Rock Bench Blasting Misfire Risk,Switch to Emulsion Charges & Dry Stemming Sequence,92.4,10428
2024-08-06,Balaghat Central Mine,74.8,20.6,76.2,94.9,4,1500,5000,18500,HEAVY_RAIN,Pit Waterlogging & Haul Mud Friction,Deploy Dewatering Pumps & Route via High Ramp,93.7,13320
2024-08-06,Mansar West Mine,74.8,20.6,76.2,94.9,4,1500,5000,18500,HEAVY_RAIN,Pit Waterlogging & Haul Mud Friction,Deploy Dewatering Pumps & Route via High Ramp,86.7,13320
2024-08-06,Dongri Buzurg Mine,74.8,20.6,76.2,94.9,4,1500,5000,12753,HEAVY_RAIN,Pit Waterlogging & Haul Mud Friction,Deploy Dewatering Pumps & Route via High Ramp,91.7,9182
2024-08-06,Ukwa East Mine,74.8,20.6,76.2,94.9,4,1500,5000,18500,HEAVY_RAIN,Pit Waterlogging & Haul Mud Friction,Deploy Dewatering Pumps & Route via High Ramp,95.8,13320
2024-08-07,Balaghat Central Mine,33.0,24.3,77.3,72.0,2,1500,5000,18500,FLEET_BREAKDOWN,Haul Truck & Shovel Mechanical Failure,Reallocate Backup Fleet & Deploy Mobile Mechanics,89.7,14800
2024-08-07,Mansar West Mine,33.0,24.3,77.3,72.0,2,1500,5000,18500,FLEET_BREAKDOWN,Haul Truck & Shovel Mechanical Failure,Reallocate Backup Fleet & Deploy Mobile Mechanics,96.0,14800
2024-08-07,Dongri Buzurg Mine,33.0,24.3,77.3,72.0,2,1500,5000,18500,FLEET_BREAKDOWN,Haul Truck & Shovel Mechanical Failure,Reallocate Backup Fleet & Deploy Mobile Mechanics,88.4,14800
2024-08-07,Ukwa East Mine,33.0,24.3,77.3,72.0,2,1500,5000,18500,FLEET_BREAKDOWN,Haul Truck & Shovel Mechanical Failure,Reallocate Backup Fleet & Deploy Mobile Mechanics,90.0,14800
2024-08-08,Balaghat Central Mine,91.4,30.8,64.0,73.2,4,1500,5000,18500,HEAVY_RAIN,Pit Waterlogging & Haul Mud Friction,Deploy Dewatering Pumps & Route via High Ramp,90.3,13320
2024-08-08,Mansar West Mine,91.4,30.8,64.0,73.2,4,1500,5000,18500,HEAVY_RAIN,Pit Waterlogging & Haul Mud Friction,Deploy Dewatering Pumps & Route via High Ramp,95.9,13320
2024-08-08,Dongri Buzurg Mine,91.4,30.8,64.0,73.2,4,1500,5000,18500,HEAVY_RAIN,Pit Waterlogging & Haul Mud Friction,Deploy Dewatering Pumps & Route via High Ramp,91.7,13320
2024-08-08,Ukwa East Mine,91.4,30.8,64.0,73.2,4,1500,5000,18500,HEAVY_RAIN,Pit Waterlogging & Haul Mud Friction,Deploy Dewatering Pumps & Route via High Ramp,95.8,13320
2024-08-09,Balaghat Central Mine,57.1,26.7,72.1,62.8,1,1500,8493,6507,HEAVY_RAIN,Pit Waterlogging & Haul Mud Friction,Deploy Dewatering Pumps & Route via High Ramp,91.3,4685
2024-08-09,Mansar West Mine,57.1,26.7,72.1,62.8,1,1500,10928,4072,HEAVY_RAIN,Pit Waterlogging & Haul Mud Friction,Deploy Dewatering Pumps & Route via High Ramp,87.1,2931
2024-08-09,Dongri Buzurg Mine,57.1,26.7,72.1,62.8,1,1500,5000,11192,HEAVY_RAIN,Pit Waterlogging & Haul Mud Friction,Deploy Dewatering Pumps & Route via High Ramp,96.4,8058
2024-08-09,Ukwa East Mine,57.1,26.7,72.1,62.8,1,1500,6407,8593,HEAVY_RAIN,Pit Waterlogging & Haul Mud Friction,Deploy Dewatering Pumps & Route via High Ramp,92.5,6186
2024-08-10,Balaghat Central Mine,132.9,26.6,68.2,74.5,1,1500,5000,18500,HEAVY_RAIN,Pit Waterlogging & Haul Mud Friction,Deploy Dewatering Pumps & Route via High Ramp,93.7,13320
2024-08-10,Mansar West Mine,132.9,26.6,68.2,74.5,1,1500,5000,18500,HEAVY_RAIN,Pit Waterlogging & Haul Mud Friction,Deploy Dewatering Pumps & Route via High Ramp,86.8,13320
2024-08-10,Dongri Buzurg Mine,132.9,26.6,68.2,74.5,1,1500,5000,18500,HEAVY_RAIN,Pit Waterlogging & Haul Mud Friction,Deploy Dewatering Pumps & Route via High Ramp,92.8,13320
2024-08-10,Ukwa East Mine,132.9,26.6,68.2,74.5,1,1500,5000,18500,HEAVY_RAIN,Pit Waterlogging & Haul Mud Friction,Deploy Dewatering Pumps & Route via High Ramp,91.7,13320
2024-08-11,Balaghat Central Mine,41.7,29.5,64.4,81.4,1,1500,13064,1936,NORMAL,Optimal Mine Operations,Maintain Standard Production Schedule,89.7,1936
2024-08-11,Mansar West Mine,41.7,29.5,64.4,81.4,1,1500,14268,732,NORMAL,Optimal Mine Operations,Maintain Standard Production Schedule,87.1,732
2024-08-11,Dongri Buzurg Mine,41.7,29.5,64.4,81.4,1,1500,11621,3379,NORMAL,Optimal Mine Operations,Maintain Standard Production Schedule,87.0,3379
2024-08-11,Ukwa East Mine,41.7,29.5,64.4,81.4,1,1500,15000,0,NORMAL,Optimal Mine Operations,Maintain Standard Production Schedule,89.0,0
2024-08-12,Balaghat Central Mine,26.2,30.4,78.8,59.2,3,1500,5000,18500,FLEET_BREAKDOWN,Haul Truck & Shovel Mechanical Failure,Reallocate Backup Fleet & Deploy Mobile Mechanics,86.3,14800
2024-08-12,Mansar West Mine,26.2,30.4,78.8,59.2,3,1500,5000,18500,FLEET_BREAKDOWN,Haul Truck & Shovel Mechanical Failure,Reallocate Backup Fleet & Deploy Mobile Mechanics,89.2,14800
2024-08-12,Dongri Buzurg Mine,26.2,30.4,78.8,59.2,3,1500,5000,18500,FLEET_BREAKDOWN,Haul Truck & Shovel Mechanical Failure,Reallocate Backup Fleet & Deploy Mobile Mechanics,90.2,14800
2024-08-12,Ukwa East Mine,26.2,30.4,78.8,59.2,3,1500,5000,18500,FLEET_BREAKDOWN,Haul Truck & Shovel Mechanical Failure,Reallocate Backup Fleet & Deploy Mobile Mechanics,92.7,14800
2024-08-13,Balaghat Central Mine,130.6,20.4,73.8,79.2,2,1500,5000,18500,HEAVY_RAIN,Pit Waterlogging & Haul Mud Friction,Deploy Dewatering Pumps & Route via High Ramp,85.0,13320
2024-08-13,Mansar West Mine,130.6,20.4,73.8,79.2,2,1500,5000,18500,HEAVY_RAIN,Pit Waterlogging & Haul Mud Friction,Deploy Dewatering Pumps & Route via High Ramp,90.1,13320
2024-08-13,Dongri Buzurg Mine,130.6,20.4,73.8,79.2,2,1500,5000,18500,HEAVY_RAIN,Pit Waterlogging & Haul Mud Friction,Deploy Dewatering Pumps & Route via High Ramp,96.2,13320
2024-08-13,Ukwa East Mine,130.6,20.4,73.8,79.2,2,1500,5000,18500,HEAVY_RAIN,Pit Waterlogging & Haul Mud Friction,Deploy Dewatering Pumps & Route via High Ramp,92.7,13320
2024-08-14,Balaghat Central Mine,146.2,23.4,66.3,64.0,5,1500,5000,18500,HEAVY_RAIN,Pit Waterlogging & Haul Mud Friction,Deploy Dewatering Pumps & Route via High Ramp,91.9,13320
2024-08-14,Mansar West Mine,146.2,23.4,66.3,64.0,5,1500,5000,18500,HEAVY_RAIN,Pit Waterlogging & Haul Mud Friction,Deploy Dewatering Pumps & Route via High Ramp,92.3,13320
2024-08-14,Dongri Buzurg Mine,146.2,23.4,66.3,64.0,5,1500,5000,18500,HEAVY_RAIN,Pit Waterlogging & Haul Mud Friction,Deploy Dewatering Pumps & Route via High Ramp,88.0,13320
2024-08-14,Ukwa East Mine,146.2,23.4,66.3,64.0,5,1500,5000,18500,HEAVY_RAIN,Pit Waterlogging & Haul Mud Friction,Deploy Dewatering Pumps & Route via High Ramp,91.6,13320
2024-08-15,Balaghat Central Mine,134.3,21.9,61.0,66.1,2,1500,5000,18500,HEAVY_RAIN,Pit Waterlogging & Haul Mud Friction,Deploy Dewatering Pumps & Route via High Ramp,92.2,13320
2024-08-15,Mansar West Mine,134.3,21.9,61.0,66.1,2,1500,5000,18500,HEAVY_RAIN,Pit Waterlogging & Haul Mud Friction,Deploy Dewatering Pumps & Route via High Ramp,89.2,13320
2024-08-15,Dongri Buzurg Mine,134.3,21.9,61.0,66.1,2,1500,5000,18500,HEAVY_RAIN,Pit Waterlogging & Haul Mud Friction,Deploy Dewatering Pumps & Route via High Ramp,92.1,13320
2024-08-15,Ukwa East Mine,134.3,21.9,61.0,66.1,2,1500,5000,18500,HEAVY_RAIN,Pit Waterlogging & Haul Mud Friction,Deploy Dewatering Pumps & Route via High Ramp,94.7,13320
2024-08-16,Balaghat Central Mine,158.8,22.5,83.2,75.3,5,1500,5000,18500,HEAVY_RAIN,Pit Waterlogging & Haul Mud Friction,Deploy Dewatering Pumps & Route via High Ramp,87.1,13320
2024-08-16,Mansar West Mine,158.8,22.5,83.2,75.3,5,1500,5000,18500,HEAVY_RAIN,Pit Waterlogging & Haul Mud Friction,Deploy Dewatering Pumps & Route via High Ramp,94.5,13320
2024-08-16,Dongri Buzurg Mine,158.8,22.5,83.2,75.3,5,1500,5000,18500,HEAVY_RAIN,Pit Waterlogging & Haul Mud Friction,Deploy Dewatering Pumps & Route via High Ramp,93.5,13320
2024-08-16,Ukwa East Mine,158.8,22.5,83.2,75.3,5,1500,5000,18500,HEAVY_RAIN,Pit Waterlogging & Haul Mud Friction,Deploy Dewatering Pumps & Route via High Ramp,97.2,13320
2024-08-17,Balaghat Central Mine,137.8,30.0,70.2,94.4,5,1500,5000,18500,HEAVY_RAIN,Pit Waterlogging & Haul Mud Friction,Deploy Dewatering Pumps & Route via High Ramp,97.5,13320
2024-08-17,Mansar West Mine,137.8,30.0,70.2,94.4,5,1500,5000,18500,HEAVY_RAIN,Pit Waterlogging & Haul Mud Friction,Deploy Dewatering Pumps & Route via High Ramp,90.4,13320
2024-08-17,Dongri Buzurg Mine,137.8,30.0,70.2,94.4,5,1500,5000,18500,HEAVY_RAIN,Pit Waterlogging & Haul Mud Friction,Deploy Dewatering Pumps & Route via High Ramp,86.5,13320
2024-08-17,Ukwa East Mine,137.8,30.0,70.2,94.4,5,1500,5000,18500,HEAVY_RAIN,Pit Waterlogging & Haul Mud Friction,Deploy Dewatering Pumps & Route via High Ramp,97.8,13320
2024-08-18,Balaghat Central Mine,115.7,20.4,79.5,87.5,4,1500,5000,18500,HEAVY_RAIN,Pit Waterlogging & Haul Mud Friction,Deploy Dewatering Pumps & Route via High Ramp,92.5,13320
2024-08-18,Mansar West Mine,115.7,20.4,79.5,87.5,4,1500,5000,18500,HEAVY_RAIN,Pit Waterlogging & Haul Mud Friction,Deploy Dewatering Pumps & Route via High Ramp,93.3,13320
2024-08-18,Dongri Buzurg Mine,115.7,20.4,79.5,87.5,4,1500,5000,18500,HEAVY_RAIN,Pit Waterlogging & Haul Mud Friction,Deploy Dewatering Pumps & Route via High Ramp,94.8,13320
2024-08-18,Ukwa East Mine,115.7,20.4,79.5,87.5,4,1500,5000,18500,HEAVY_RAIN,Pit Waterlogging & Haul Mud Friction,Deploy Dewatering Pumps & Route via High Ramp,96.2,13320
2024-08-19,Balaghat Central Mine,141.7,28.7,74.6,70.1,4,1500,5000,18500,HEAVY_RAIN,Pit Waterlogging & Haul Mud Friction,Deploy Dewatering Pumps & Route via High Ramp,95.3,13320
2024-08-19,Mansar West Mine,141.7,28.7,74.6,70.1,4,1500,5000,18500,HEAVY_RAIN,Pit Waterlogging & Haul Mud Friction,Deploy Dewatering Pumps & Route via High Ramp,92.3,13320
2024-08-19,Dongri Buzurg Mine,141.7,28.7,74.6,70.1,4,1500,5000,18500,HEAVY_RAIN,Pit Waterlogging & Haul Mud Friction,Deploy Dewatering Pumps & Route via High Ramp,89.9,13320
2024-08-19,Ukwa East Mine,141.7,28.7,74.6,70.1,4,1500,5000,18500,HEAVY_RAIN,Pit Waterlogging & Haul Mud Friction,Deploy Dewatering Pumps & Route via High Ramp,97.3,13320
2024-08-20,Balaghat Central Mine,175.7,28.2,64.8,76.8,5,1500,5000,18500,HEAVY_RAIN,Pit Waterlogging & Haul Mud Friction,Deploy Dewatering Pumps & Route via High Ramp,96.4,13320
2024-08-20,Mansar West Mine,175.7,28.2,64.8,76.8,5,1500,5000,18500,HEAVY_RAIN,Pit Waterlogging & Haul Mud Friction,Deploy Dewatering Pumps & Route via High Ramp,90.9,13320
2024-08-20,Dongri Buzurg Mine,175.7,28.2,64.8,76.8,5,1500,5000,18500,HEAVY_RAIN,Pit Waterlogging & Haul Mud Friction,Deploy Dewatering Pumps & Route via High Ramp,94.4,13320
2024-08-20,Ukwa East Mine,175.7,28.2,64.8,76.8,5,1500,5000,18500,HEAVY_RAIN,Pit Waterlogging & Haul Mud Friction,Deploy Dewatering Pumps & Route via High Ramp,97.7,13320
2024-08-21,Balaghat Central Mine,180.0,23.0,86.1,91.8,3,1500,5000,18500,HEAVY_RAIN,Pit Waterlogging & Haul Mud Friction,Deploy Dewatering Pumps & Route via High Ramp,92.9,13320
2024-08-21,Mansar West Mine,180.0,23.0,86.1,91.8,3,1500,5000,18500,HEAVY_RAIN,Pit Waterlogging & Haul Mud Friction,Deploy Dewatering Pumps & Route via High Ramp,86.6,13320
2024-08-21,Dongri Buzurg Mine,180.0,23.0,86.1,91.8,3,1500,5000,18500,HEAVY_RAIN,Pit Waterlogging & Haul Mud Friction,Deploy Dewatering Pumps & Route via High Ramp,92.8,13320
2024-08-21,Ukwa East Mine,180.0,23.0,86.1,91.8,3,1500,5000,18500,HEAVY_RAIN,Pit Waterlogging & Haul Mud Friction,Deploy Dewatering Pumps & Route via High Ramp,91.8,13320
2024-08-22,Balaghat Central Mine,46.7,23.8,68.6,67.6,5,1500,5000,18500,FLEET_BREAKDOWN,Haul Truck & Shovel Mechanical Failure,Reallocate Backup Fleet & Deploy Mobile Mechanics,90.4,14800
2024-08-22,Mansar West Mine,46.7,23.8,68.6,67.6,5,1500,5000,18500,FLEET_BREAKDOWN,Haul Truck & Shovel Mechanical Failure,Reallocate Backup Fleet & Deploy Mobile Mechanics,90.2,14800
2024-08-22,Dongri Buzurg Mine,46.7,23.8,68.6,67.6,5,1500,5000,18500,FLEET_BREAKDOWN,Haul Truck & Shovel Mechanical Failure,Reallocate Backup Fleet & Deploy Mobile Mechanics,96.3,14800
2024-08-22,Ukwa East Mine,46.7,23.8,68.6,67.6,5,1500,5000,18500,FLEET_BREAKDOWN,Haul Truck & Shovel Mechanical Failure,Reallocate Backup Fleet & Deploy Mobile Mechanics,96.4,14800
2024-08-23,Balaghat Central Mine,121.3,22.6,61.3,79.3,2,1500,5000,18500,HEAVY_RAIN,Pit Waterlogging & Haul Mud Friction,Deploy Dewatering Pumps & Route via High Ramp,94.1,13320
2024-08-23,Mansar West Mine,121.3,22.6,61.3,79.3,2,1500,5000,18500,HEAVY_RAIN,Pit Waterlogging & Haul Mud Friction,Deploy Dewatering Pumps & Route via High Ramp,90.7,13320
2024-08-23,Dongri Buzurg Mine,121.3,22.6,61.3,79.3,2,1500,5000,18500,HEAVY_RAIN,Pit Waterlogging & Haul Mud Friction,Deploy Dewatering Pumps & Route via High Ramp,87.4,13320
2024-08-23,Ukwa East Mine,121.3,22.6,61.3,79.3,2,1500,5000,18500,HEAVY_RAIN,Pit Waterlogging & Haul Mud Friction,Deploy Dewatering Pumps & Route via High Ramp,85.5,13320
2024-08-24,Balaghat Central Mine,124.3,21.6,63.2,56.9,4,1500,5000,18500,HEAVY_RAIN,Pit Waterlogging & Haul Mud Friction,Deploy Dewatering Pumps & Route via High Ramp,91.7,13320
2024-08-24,Mansar West Mine,124.3,21.6,63.2,56.9,4,1500,5000,18500,HEAVY_RAIN,Pit Waterlogging & Haul Mud Friction,Deploy Dewatering Pumps & Route via High Ramp,89.4,13320
2024-08-24,Dongri Buzurg Mine,124.3,21.6,63.2,56.9,4,1500,5000,18500,HEAVY_RAIN,Pit Waterlogging & Haul Mud Friction,Deploy Dewatering Pumps & Route via High Ramp,97.3,13320
2024-08-24,Ukwa East Mine,124.3,21.6,63.2,56.9,4,1500,5000,18500,HEAVY_RAIN,Pit Waterlogging & Haul Mud Friction,Deploy Dewatering Pumps & Route via High Ramp,94.6,13320
2024-08-25,Balaghat Central Mine,108.5,24.3,76.0,96.2,2,1500,5000,18500,HEAVY_RAIN,Pit Waterlogging & Haul Mud Friction,Deploy Dewatering Pumps & Route via High Ramp,95.8,13320
2024-08-25,Mansar West Mine,108.5,24.3,76.0,96.2,2,1500,5000,18500,HEAVY_RAIN,Pit Waterlogging & Haul Mud Friction,Deploy Dewatering Pumps & Route via High Ramp,87.8,13320
2024-08-25,Dongri Buzurg Mine,108.5,24.3,76.0,96.2,2,1500,5000,18500,HEAVY_RAIN,Pit Waterlogging & Haul Mud Friction,Deploy Dewatering Pumps & Route via High Ramp,85.1,13320
2024-08-25,Ukwa East Mine,108.5,24.3,76.0,96.2,2,1500,5000,18500,HEAVY_RAIN,Pit Waterlogging & Haul Mud Friction,Deploy Dewatering Pumps & Route via High Ramp,91.5,13320
2024-08-26,Balaghat Central Mine,153.9,27.7,77.2,69.7,3,1500,5000,18500,HEAVY_RAIN,Pit Waterlogging & Haul Mud Friction,Deploy Dewatering Pumps & Route via High Ramp,89.5,13320
2024-08-26,Mansar West Mine,153.9,27.7,77.2,69.7,3,1500,5000,18500,HEAVY_RAIN,Pit Waterlogging & Haul Mud Friction,Deploy Dewatering Pumps & Route via High Ramp,87.0,13320
2024-08-26,Dongri Buzurg Mine,153.9,27.7,77.2,69.7,3,1500,5000,18500,HEAVY_RAIN,Pit Waterlogging & Haul Mud Friction,Deploy Dewatering Pumps & Route via High Ramp,96.6,13320
2024-08-26,Ukwa East Mine,153.9,27.7,77.2,69.7,3,1500,5000,18500,HEAVY_RAIN,Pit Waterlogging & Haul Mud Friction,Deploy Dewatering Pumps & Route via High Ramp,91.8,13320
2024-08-27,Balaghat Central Mine,177.3,23.4,86.7,64.0,4,1500,5000,18500,HEAVY_RAIN,Pit Waterlogging & Haul Mud Friction,Deploy Dewatering Pumps & Route via High Ramp,89.8,13320
2024-08-27,Mansar West Mine,177.3,23.4,86.7,64.0,4,1500,5000,18500,HEAVY_RAIN,Pit Waterlogging & Haul Mud Friction,Deploy Dewatering Pumps & Route via High Ramp,96.9,13320
2024-08-27,Dongri Buzurg Mine,177.3,23.4,86.7,64.0,4,1500,5000,18500,HEAVY_RAIN,Pit Waterlogging & Haul Mud Friction,Deploy Dewatering Pumps & Route via High Ramp,88.8,13320
2024-08-27,Ukwa East Mine,177.3,23.4,86.7,64.0,4,1500,5000,18500,HEAVY_RAIN,Pit Waterlogging & Haul Mud Friction,Deploy Dewatering Pumps & Route via High Ramp,88.9,13320
2024-08-28,Balaghat Central Mine,29.8,21.2,80.6,81.8,3,1500,5000,18500,HIGH_MOISTURE,Rock Bench Blasting Misfire Risk,Switch to Emulsion Charges & Dry Stemming Sequence,96.5,13875
2024-08-28,Mansar West Mine,29.8,21.2,80.6,81.8,3,1500,5000,10886,HIGH_MOISTURE,Rock Bench Blasting Misfire Risk,Switch to Emulsion Charges & Dry Stemming Sequence,95.4,8164
2024-08-28,Dongri Buzurg Mine,29.8,21.2,80.6,81.8,3,1500,5000,18500,HIGH_MOISTURE,Rock Bench Blasting Misfire Risk,Switch to Emulsion Charges & Dry Stemming Sequence,87.2,13875
2024-08-28,Ukwa East Mine,29.8,21.2,80.6,81.8,3,1500,5000,12585,HIGH_MOISTURE,Rock Bench Blasting Misfire Risk,Switch to Emulsion Charges & Dry Stemming Sequence,93.9,9438
2024-08-29,Balaghat Central Mine,34.5,30.6,90.8,82.1,3,1500,5000,18500,HIGH_MOISTURE,Rock Bench Blasting Misfire Risk,Switch to Emulsion Charges & Dry Stemming Sequence,96.4,13875
2024-08-29,Mansar West Mine,34.5,30.6,90.8,82.1,3,1500,5000,18500,HIGH_MOISTURE,Rock Bench Blasting Misfire Risk,Switch to Emulsion Charges & Dry Stemming Sequence,90.1,13875
2024-08-29,Dongri Buzurg Mine,34.5,30.6,90.8,82.1,3,1500,5000,18500,HIGH_MOISTURE,Rock Bench Blasting Misfire Risk,Switch to Emulsion Charges & Dry Stemming Sequence,94.2,13875
2024-08-29,Ukwa East Mine,34.5,30.6,90.8,82.1,3,1500,5000,18500,HIGH_MOISTURE,Rock Bench Blasting Misfire Risk,Switch to Emulsion Charges & Dry Stemming Sequence,91.3,13875
2024-08-30,Balaghat Central Mine,27.2,31.4,86.1,78.0,4,1500,5000,18500,HIGH_MOISTURE,Rock Bench Blasting Misfire Risk,Switch to Emulsion Charges & Dry Stemming Sequence,92.8,13875
2024-08-30,Mansar West Mine,27.2,31.4,86.1,78.0,4,1500,5000,18500,HIGH_MOISTURE,Rock Bench Blasting Misfire Risk,Switch to Emulsion Charges & Dry Stemming Sequence,92.4,13875
2024-08-30,Dongri Buzurg Mine,27.2,31.4,86.1,78.0,4,1500,5000,18500,HIGH_MOISTURE,Rock Bench Blasting Misfire Risk,Switch to Emulsion Charges & Dry Stemming Sequence,87.4,13875
2024-08-30,Ukwa East Mine,27.2,31.4,86.1,78.0,4,1500,5000,18500,HIGH_MOISTURE,Rock Bench Blasting Misfire Risk,Switch to Emulsion Charges & Dry Stemming Sequence,90.0,13875
2024-08-31,Balaghat Central Mine,60.6,22.8,90.5,81.1,5,1500,5000,10789,HEAVY_RAIN,Pit Waterlogging & Haul Mud Friction,Deploy Dewatering Pumps & Route via High Ramp,86.1,7768
2024-08-31,Mansar West Mine,60.6,22.8,90.5,81.1,5,1500,5000,10090,HEAVY_RAIN,Pit Waterlogging & Haul Mud Friction,Deploy Dewatering Pumps & Route via High Ramp,88.3,7264
2024-08-31,Dongri Buzurg Mine,60.6,22.8,90.5,81.1,5,1500,5000,11515,HEAVY_RAIN,Pit Waterlogging & Haul Mud Friction,Deploy Dewatering Pumps & Route via High Ramp,88.0,8290
2024-08-31,Ukwa East Mine,60.6,22.8,90.5,81.1,5,1500,7049,7951,HEAVY_RAIN,Pit Waterlogging & Haul Mud Friction,Deploy Dewatering Pumps & Route via High Ramp,87.1,5724
2024-09-01,Balaghat Central Mine,139.8,30.3,88.5,63.4,4,1500,5000,18500,HEAVY_RAIN,Pit Waterlogging & Haul Mud Friction,Deploy Dewatering Pumps & Route via High Ramp,92.6,13320
2024-09-01,Mansar West Mine,139.8,30.3,88.5,63.4,4,1500,5000,18500,HEAVY_RAIN,Pit Waterlogging & Haul Mud Friction,Deploy Dewatering Pumps & Route via High Ramp,94.2,13320
2024-09-01,Dongri Buzurg Mine,139.8,30.3,88.5,63.4,4,1500,5000,18500,HEAVY_RAIN,Pit Waterlogging & Haul Mud Friction,Deploy Dewatering Pumps & Route via High Ramp,96.2,13320
2024-09-01,Ukwa East Mine,139.8,30.3,88.5,63.4,4,1500,5000,18500,HEAVY_RAIN,Pit Waterlogging & Haul Mud Friction,Deploy Dewatering Pumps & Route via High Ramp,87.9,13320
2024-09-02,Balaghat Central Mine,149.3,30.5,83.4,73.7,3,1500,5000,18500,HEAVY_RAIN,Pit Waterlogging & Haul Mud Friction,Deploy Dewatering Pumps & Route via High Ramp,92.8,13320
2024-09-02,Mansar West Mine,149.3,30.5,83.4,73.7,3,1500,5000,18500,HEAVY_RAIN,Pit Waterlogging & Haul Mud Friction,Deploy Dewatering Pumps & Route via High Ramp,87.1,13320
2024-09-02,Dongri Buzurg Mine,149.3,30.5,83.4,73.7,3,1500,5000,18500,HEAVY_RAIN,Pit Waterlogging & Haul Mud Friction,Deploy Dewatering Pumps & Route via High Ramp,87.2,13320
2024-09-02,Ukwa East Mine,149.3,30.5,83.4,73.7,3,1500,5000,18500,HEAVY_RAIN,Pit Waterlogging & Haul Mud Friction,Deploy Dewatering Pumps & Route via High Ramp,92.1,13320
2024-09-03,Balaghat Central Mine,73.3,26.1,73.1,59.1,3,1500,5000,18500,HEAVY_RAIN,Pit Waterlogging & Haul Mud Friction,Deploy Dewatering Pumps & Route via High Ramp,93.4,13320
2024-09-03,Mansar West Mine,73.3,26.1,73.1,59.1,3,1500,5000,18500,HEAVY_RAIN,Pit Waterlogging & Haul Mud Friction,Deploy Dewatering Pumps & Route via High Ramp,88.4,13320
2024-09-03,Dongri Buzurg Mine,73.3,26.1,73.1,59.1,3,1500,5000,18500,HEAVY_RAIN,Pit Waterlogging & Haul Mud Friction,Deploy Dewatering Pumps & Route via High Ramp,86.7,13320
2024-09-03,Ukwa East Mine,73.3,26.1,73.1,59.1,3,1500,5000,18500,HEAVY_RAIN,Pit Waterlogging & Haul Mud Friction,Deploy Dewatering Pumps & Route via High Ramp,95.5,13320
2024-09-04,Balaghat Central Mine,107.1,21.5,62.2,64.2,5,1500,5000,18500,HEAVY_RAIN,Pit Waterlogging & Haul Mud Friction,Deploy Dewatering Pumps & Route via High Ramp,88.0,13320
2024-09-04,Mansar West Mine,107.1,21.5,62.2,64.2,5,1500,5000,18500,HEAVY_RAIN,Pit Waterlogging & Haul Mud Friction,Deploy Dewatering Pumps & Route via High Ramp,94.7,13320
2024-09-04,Dongri Buzurg Mine,107.1,21.5,62.2,64.2,5,1500,5000,18500,HEAVY_RAIN,Pit Waterlogging & Haul Mud Friction,Deploy Dewatering Pumps & Route via High Ramp,94.8,13320
2024-09-04,Ukwa East Mine,107.1,21.5,62.2,64.2,5,1500,5000,18500,HEAVY_RAIN,Pit Waterlogging & Haul Mud Friction,Deploy Dewatering Pumps & Route via High Ramp,87.1,13320
2024-09-05,Balaghat Central Mine,146.9,27.4,81.5,95.8,2,1500,5000,18500,HEAVY_RAIN,Pit Waterlogging & Haul Mud Friction,Deploy Dewatering Pumps & Route via High Ramp,97.9,13320
2024-09-05,Mansar West Mine,146.9,27.4,81.5,95.8,2,1500,5000,18500,HEAVY_RAIN,Pit Waterlogging & Haul Mud Friction,Deploy Dewatering Pumps & Route via High Ramp,95.4,13320
2024-09-05,Dongri Buzurg Mine,146.9,27.4,81.5,95.8,2,1500,5000,18500,HEAVY_RAIN,Pit Waterlogging & Haul Mud Friction,Deploy Dewatering Pumps & Route via High Ramp,90.1,13320
2024-09-05,Ukwa East Mine,146.9,27.4,81.5,95.8,2,1500,5000,18500,HEAVY_RAIN,Pit Waterlogging & Haul Mud Friction,Deploy Dewatering Pumps & Route via High Ramp,93.0,13320
2024-09-06,Balaghat Central Mine,75.7,30.2,78.0,94.8,1,1500,5000,18500,HEAVY_RAIN,Pit Waterlogging & Haul Mud Friction,Deploy Dewatering Pumps & Route via High Ramp,88.8,13320
2024-09-06,Mansar West Mine,75.7,30.2,78.0,94.8,1,1500,5000,18500,HEAVY_RAIN,Pit Waterlogging & Haul Mud Friction,Deploy Dewatering Pumps & Route via High Ramp,92.1,13320
2024-09-06,Dongri Buzurg Mine,75.7,30.2,78.0,94.8,1,1500,5000,18500,HEAVY_RAIN,Pit Waterlogging & Haul Mud Friction,Deploy Dewatering Pumps & Route via High Ramp,96.1,13320
2024-09-06,Ukwa East Mine,75.7,30.2,78.0,94.8,1,1500,5000,18500,HEAVY_RAIN,Pit Waterlogging & Haul Mud Friction,Deploy Dewatering Pumps & Route via High Ramp,96.8,13320
2024-09-07,Balaghat Central Mine,131.4,24.1,89.4,58.0,4,1500,5000,18500,HEAVY_RAIN,Pit Waterlogging & Haul Mud Friction,Deploy Dewatering Pumps & Route via High Ramp,90.5,13320
2024-09-07,Mansar West Mine,131.4,24.1,89.4,58.0,4,1500,5000,18500,HEAVY_RAIN,Pit Waterlogging & Haul Mud Friction,Deploy Dewatering Pumps & Route via High Ramp,91.1,13320
2024-09-07,Dongri Buzurg Mine,131.4,24.1,89.4,58.0,4,1500,5000,18500,HEAVY_RAIN,Pit Waterlogging & Haul Mud Friction,Deploy Dewatering Pumps & Route via High Ramp,95.5,13320
2024-09-07,Ukwa East Mine,131.4,24.1,89.4,58.0,4,1500,5000,18500,HEAVY_RAIN,Pit Waterlogging & Haul Mud Friction,Deploy Dewatering Pumps & Route via High Ramp,91.5,13320
2024-09-08,Balaghat Central Mine,30.8,20.6,71.0,77.1,1,1500,7692,7308,HIGH_MOISTURE,Rock Bench Blasting Misfire Risk,Switch to Emulsion Charges & Dry Stemming Sequence,90.5,5481
2024-09-08,Mansar West Mine,30.8,20.6,71.0,77.1,1,1500,10214,4786,HIGH_MOISTURE,Rock Bench Blasting Misfire Risk,Switch to Emulsion Charges & Dry Stemming Sequence,95.8,3589
2024-09-08,Dongri Buzurg Mine,30.8,20.6,71.0,77.1,1,1500,5000,18500,HIGH_MOISTURE,Rock Bench Blasting Misfire Risk,Switch to Emulsion Charges & Dry Stemming Sequence,89.2,13875
2024-09-08,Ukwa East Mine,30.8,20.6,71.0,77.1,1,1500,9833,5167,HIGH_MOISTURE,Rock Bench Blasting Misfire Risk,Switch to Emulsion Charges & Dry Stemming Sequence,94.1,3875
2024-09-09,Balaghat Central Mine,173.1,28.6,91.0,67.5,3,1500,5000,18500,HEAVY_RAIN,Pit Waterlogging & Haul Mud Friction,Deploy Dewatering Pumps & Route via High Ramp,90.5,13320
2024-09-09,Mansar West Mine,173.1,28.6,91.0,67.5,3,1500,5000,18500,HEAVY_RAIN,Pit Waterlogging & Haul Mud Friction,Deploy Dewatering Pumps & Route via High Ramp,87.3,13320
2024-09-09,Dongri Buzurg Mine,173.1,28.6,91.0,67.5,3,1500,5000,18500,HEAVY_RAIN,Pit Waterlogging & Haul Mud Friction,Deploy Dewatering Pumps & Route via High Ramp,95.1,13320
2024-09-09,Ukwa East Mine,173.1,28.6,91.0,67.5,3,1500,5000,18500,HEAVY_RAIN,Pit Waterlogging & Haul Mud Friction,Deploy Dewatering Pumps & Route via High Ramp,97.6,13320
2024-09-10,Balaghat Central Mine,136.0,29.6,69.3,87.0,4,1500,5000,18500,HEAVY_RAIN,Pit Waterlogging & Haul Mud Friction,Deploy Dewatering Pumps & Route via High Ramp,96.2,13320
2024-09-10,Mansar West Mine,136.0,29.6,69.3,87.0,4,1500,5000,18500,HEAVY_RAIN,Pit Waterlogging & Haul Mud Friction,Deploy Dewatering Pumps & Route via High Ramp,87.7,13320
2024-09-10,Dongri Buzurg Mine,136.0,29.6,69.3,87.0,4,1500,5000,18500,HEAVY_RAIN,Pit Waterlogging & Haul Mud Friction,Deploy Dewatering Pumps & Route via High Ramp,88.9,13320
2024-09-10,Ukwa East Mine,136.0,29.6,69.3,87.0,4,1500,5000,18500,HEAVY_RAIN,Pit Waterlogging & Haul Mud Friction,Deploy Dewatering Pumps & Route via High Ramp,87.7,13320
2024-09-11,Balaghat Central Mine,140.2,21.6,72.4,58.5,4,1500,5000,18500,HEAVY_RAIN,Pit Waterlogging & Haul Mud Friction,Deploy Dewatering Pumps & Route via High Ramp,96.9,13320
2024-09-11,Mansar West Mine,140.2,21.6,72.4,58.5,4,1500,5000,18500,HEAVY_RAIN,Pit Waterlogging & Haul Mud Friction,Deploy Dewatering Pumps & Route via High Ramp,87.3,13320
2024-09-11,Dongri Buzurg Mine,140.2,21.6,72.4,58.5,4,1500,5000,18500,HEAVY_RAIN,Pit Waterlogging & Haul Mud Friction,Deploy Dewatering Pumps & Route via High Ramp,93.4,13320
2024-09-11,Ukwa East Mine,140.2,21.6,72.4,58.5,4,1500,5000,18500,HEAVY_RAIN,Pit Waterlogging & Haul Mud Friction,Deploy Dewatering Pumps & Route via High Ramp,90.6,13320
2024-09-12,Balaghat Central Mine,45.0,22.0,65.8,69.9,1,1500,5000,18500,FLEET_BREAKDOWN,Haul Truck & Shovel Mechanical Failure,Reallocate Backup Fleet & Deploy Mobile Mechanics,97.8,14800
2024-09-12,Mansar West Mine,45.0,22.0,65.8,69.9,1,1500,5000,18500,FLEET_BREAKDOWN,Haul Truck & Shovel Mechanical Failure,Reallocate Backup Fleet & Deploy Mobile Mechanics,87.0,14800
2024-09-12,Dongri Buzurg Mine,45.0,22.0,65.8,69.9,1,1500,5000,18500,FLEET_BREAKDOWN,Haul Truck & Shovel Mechanical Failure,Reallocate Backup Fleet & Deploy Mobile Mechanics,97.0,14800
2024-09-12,Ukwa East Mine,45.0,22.0,65.8,69.9,1,1500,5000,18500,FLEET_BREAKDOWN,Haul Truck & Shovel Mechanical Failure,Reallocate Backup Fleet & Deploy Mobile Mechanics,93.9,14800
2024-09-13,Balaghat Central Mine,166.9,23.4,88.1,93.2,4,1500,5000,18500,HEAVY_RAIN,Pit Waterlogging & Haul Mud Friction,Deploy Dewatering Pumps & Route via High Ramp,90.0,13320
2024-09-13,Mansar West Mine,166.9,23.4,88.1,93.2,4,1500,5000,18500,HEAVY_RAIN,Pit Waterlogging & Haul Mud Friction,Deploy Dewatering Pumps & Route via High Ramp,85.9,13320
2024-09-13,Dongri Buzurg Mine,166.9,23.4,88.1,93.2,4,1500,5000,18500,HEAVY_RAIN,Pit Waterlogging & Haul Mud Friction,Deploy Dewatering Pumps & Route via High Ramp,91.1,13320
2024-09-13,Ukwa East Mine,166.9,23.4,88.1,93.2,4,1500,5000,18500,HEAVY_RAIN,Pit Waterlogging & Haul Mud Friction,Deploy Dewatering Pumps & Route via High Ramp,90.5,13320
2024-09-14,Balaghat Central Mine,91.6,21.0,68.0,81.8,3,1500,5000,18500,HEAVY_RAIN,Pit Waterlogging & Haul Mud Friction,Deploy Dewatering Pumps & Route via High Ramp,87.9,13320
2024-09-14,Mansar West Mine,91.6,21.0,68.0,81.8,3,1500,5000,18500,HEAVY_RAIN,Pit Waterlogging & Haul Mud Friction,Deploy Dewatering Pumps & Route via High Ramp,90.9,13320
2024-09-14,Dongri Buzurg Mine,91.6,21.0,68.0,81.8,3,1500,5000,18500,HEAVY_RAIN,Pit Waterlogging & Haul Mud Friction,Deploy Dewatering Pumps & Route via High Ramp,97.3,13320
2024-09-14,Ukwa East Mine,91.6,21.0,68.0,81.8,3,1500,5000,18500,HEAVY_RAIN,Pit Waterlogging & Haul Mud Friction,Deploy Dewatering Pumps & Route via High Ramp,91.1,13320
2024-09-15,Balaghat Central Mine,98.7,24.4,85.3,64.3,2,1500,5000,18500,HEAVY_RAIN,Pit Waterlogging & Haul Mud Friction,Deploy Dewatering Pumps & Route via High Ramp,90.5,13320
2024-09-15,Mansar West Mine,98.7,24.4,85.3,64.3,2,1500,5000,18500,HEAVY_RAIN,Pit Waterlogging & Haul Mud Friction,Deploy Dewatering Pumps & Route via High Ramp,90.6,13320
2024-09-15,Dongri Buzurg Mine,98.7,24.4,85.3,64.3,2,1500,5000,18500,HEAVY_RAIN,Pit Waterlogging & Haul Mud Friction,Deploy Dewatering Pumps & Route via High Ramp,95.1,13320
2024-09-15,Ukwa East Mine,98.7,24.4,85.3,64.3,2,1500,5000,18500,HEAVY_RAIN,Pit Waterlogging & Haul Mud Friction,Deploy Dewatering Pumps & Route via High Ramp,96.8,13320
2024-09-16,Balaghat Central Mine,41.5,26.6,90.5,75.2,5,1500,5000,18500,HIGH_MOISTURE,Rock Bench Blasting Misfire Risk,Switch to Emulsion Charges & Dry Stemming Sequence,85.2,13875
2024-09-16,Mansar West Mine,41.5,26.6,90.5,75.2,5,1500,5000,18500,HIGH_MOISTURE,Rock Bench Blasting Misfire Risk,Switch to Emulsion Charges & Dry Stemming Sequence,91.7,13875
2024-09-16,Dongri Buzurg Mine,41.5,26.6,90.5,75.2,5,1500,5000,18500,HIGH_MOISTURE,Rock Bench Blasting Misfire Risk,Switch to Emulsion Charges & Dry Stemming Sequence,87.2,13875
2024-09-16,Ukwa East Mine,41.5,26.6,90.5,75.2,5,1500,5000,18500,HIGH_MOISTURE,Rock Bench Blasting Misfire Risk,Switch to Emulsion Charges & Dry Stemming Sequence,86.4,13875
2024-09-17,Balaghat Central Mine,128.9,27.8,69.8,59.3,3,1500,5000,18500,HEAVY_RAIN,Pit Waterlogging & Haul Mud Friction,Deploy Dewatering Pumps & Route via High Ramp,86.1,13320
2024-09-17,Mansar West Mine,128.9,27.8,69.8,59.3,3,1500,5000,18500,HEAVY_RAIN,Pit Waterlogging & Haul Mud Friction,Deploy Dewatering Pumps & Route via High Ramp,89.8,13320
2024-09-17,Dongri Buzurg Mine,128.9,27.8,69.8,59.3,3,1500,5000,18500,HEAVY_RAIN,Pit Waterlogging & Haul Mud Friction,Deploy Dewatering Pumps & Route via High Ramp,96.7,13320
2024-09-17,Ukwa East Mine,128.9,27.8,69.8,59.3,3,1500,5000,18500,HEAVY_RAIN,Pit Waterlogging & Haul Mud Friction,Deploy Dewatering Pumps & Route via High Ramp,88.2,13320
2024-09-18,Balaghat Central Mine,156.2,28.7,74.2,55.3,3,1500,5000,18500,HEAVY_RAIN,Pit Waterlogging & Haul Mud Friction,Deploy Dewatering Pumps & Route via High Ramp,91.1,13320
2024-09-18,Mansar West Mine,156.2,28.7,74.2,55.3,3,1500,5000,18500,HEAVY_RAIN,Pit Waterlogging & Haul Mud Friction,Deploy Dewatering Pumps & Route via High Ramp,89.0,13320
2024-09-18,Dongri Buzurg Mine,156.2,28.7,74.2,55.3,3,1500,5000,18500,HEAVY_RAIN,Pit Waterlogging & Haul Mud Friction,Deploy Dewatering Pumps & Route via High Ramp,92.8,13320
2024-09-18,Ukwa East Mine,156.2,28.7,74.2,55.3,3,1500,5000,18500,HEAVY_RAIN,Pit Waterlogging & Haul Mud Friction,Deploy Dewatering Pumps & Route via High Ramp,88.7,13320
2024-09-19,Balaghat Central Mine,166.9,31.7,74.1,82.8,1,1500,5000,18500,HEAVY_RAIN,Pit Waterlogging & Haul Mud Friction,Deploy Dewatering Pumps & Route via High Ramp,95.8,13320
2024-09-19,Mansar West Mine,166.9,31.7,74.1,82.8,1,1500,5000,18500,HEAVY_RAIN,Pit Waterlogging & Haul Mud Friction,Deploy Dewatering Pumps & Route via High Ramp,93.9,13320
2024-09-19,Dongri Buzurg Mine,166.9,31.7,74.1,82.8,1,1500,5000,18500,HEAVY_RAIN,Pit Waterlogging & Haul Mud Friction,Deploy Dewatering Pumps & Route via High Ramp,95.9,13320
2024-09-19,Ukwa East Mine,166.9,31.7,74.1,82.8,1,1500,5000,18500,HEAVY_RAIN,Pit Waterlogging & Haul Mud Friction,Deploy Dewatering Pumps & Route via High Ramp,87.4,13320
2024-09-20,Balaghat Central Mine,88.4,27.4,70.2,60.4,1,1500,5000,18500,HEAVY_RAIN,Pit Waterlogging & Haul Mud Friction,Deploy Dewatering Pumps & Route via High Ramp,95.0,13320
2024-09-20,Mansar West Mine,88.4,27.4,70.2,60.4,1,1500,5000,18500,HEAVY_RAIN,Pit Waterlogging & Haul Mud Friction,Deploy Dewatering Pumps & Route via High Ramp,88.7,13320
2024-09-20,Dongri Buzurg Mine,88.4,27.4,70.2,60.4,1,1500,5000,18500,HEAVY_RAIN,Pit Waterlogging & Haul Mud Friction,Deploy Dewatering Pumps & Route via High Ramp,92.3,13320
2024-09-20,Ukwa East Mine,88.4,27.4,70.2,60.4,1,1500,5000,18500,HEAVY_RAIN,Pit Waterlogging & Haul Mud Friction,Deploy Dewatering Pumps & Route via High Ramp,91.9,13320
2024-09-21,Balaghat Central Mine,132.6,31.2,71.4,75.3,1,1500,5000,18500,HEAVY_RAIN,Pit Waterlogging & Haul Mud Friction,Deploy Dewatering Pumps & Route via High Ramp,86.3,13320
2024-09-21,Mansar West Mine,132.6,31.2,71.4,75.3,1,1500,5000,18500,HEAVY_RAIN,Pit Waterlogging & Haul Mud Friction,Deploy Dewatering Pumps & Route via High Ramp,92.1,13320
2024-09-21,Dongri Buzurg Mine,132.6,31.2,71.4,75.3,1,1500,5000,18500,HEAVY_RAIN,Pit Waterlogging & Haul Mud Friction,Deploy Dewatering Pumps & Route via High Ramp,89.7,13320
2024-09-21,Ukwa East Mine,132.6,31.2,71.4,75.3,1,1500,5000,18500,HEAVY_RAIN,Pit Waterlogging & Haul Mud Friction,Deploy Dewatering Pumps & Route via High Ramp,97.8,13320
2024-09-22,Balaghat Central Mine,38.1,28.9,83.4,82.8,5,1500,5000,18500,HIGH_MOISTURE,Rock Bench Blasting Misfire Risk,Switch to Emulsion Charges & Dry Stemming Sequence,86.2,13875
2024-09-22,Mansar West Mine,38.1,28.9,83.4,82.8,5,1500,5000,18500,HIGH_MOISTURE,Rock Bench Blasting Misfire Risk,Switch to Emulsion Charges & Dry Stemming Sequence,85.6,13875
2024-09-22,Dongri Buzurg Mine,38.1,28.9,83.4,82.8,5,1500,5000,18023,HIGH_MOISTURE,Rock Bench Blasting Misfire Risk,Switch to Emulsion Charges & Dry Stemming Sequence,97.4,13517
2024-09-22,Ukwa East Mine,38.1,28.9,83.4,82.8,5,1500,5000,18500,HIGH_MOISTURE,Rock Bench Blasting Misfire Risk,Switch to Emulsion Charges & Dry Stemming Sequence,85.2,13875
2024-09-23,Balaghat Central Mine,75.5,31.4,63.8,86.2,2,1500,5000,18500,HEAVY_RAIN,Pit Waterlogging & Haul Mud Friction,Deploy Dewatering Pumps & Route via High Ramp,97.8,13320
2024-09-23,Mansar West Mine,75.5,31.4,63.8,86.2,2,1500,5000,18500,HEAVY_RAIN,Pit Waterlogging & Haul Mud Friction,Deploy Dewatering Pumps & Route via High Ramp,88.1,13320
2024-09-23,Dongri Buzurg Mine,75.5,31.4,63.8,86.2,2,1500,5000,18500,HEAVY_RAIN,Pit Waterlogging & Haul Mud Friction,Deploy Dewatering Pumps & Route via High Ramp,93.8,13320
2024-09-23,Ukwa East Mine,75.5,31.4,63.8,86.2,2,1500,5000,18500,HEAVY_RAIN,Pit Waterlogging & Haul Mud Friction,Deploy Dewatering Pumps & Route via High Ramp,94.2,13320
2024-09-24,Balaghat Central Mine,77.2,28.6,61.0,88.5,2,1500,5000,18500,HEAVY_RAIN,Pit Waterlogging & Haul Mud Friction,Deploy Dewatering Pumps & Route via High Ramp,86.8,13320
2024-09-24,Mansar West Mine,77.2,28.6,61.0,88.5,2,1500,5000,18500,HEAVY_RAIN,Pit Waterlogging & Haul Mud Friction,Deploy Dewatering Pumps & Route via High Ramp,93.1,13320
2024-09-24,Dongri Buzurg Mine,77.2,28.6,61.0,88.5,2,1500,5000,18500,HEAVY_RAIN,Pit Waterlogging & Haul Mud Friction,Deploy Dewatering Pumps & Route via High Ramp,85.9,13320
2024-09-24,Ukwa East Mine,77.2,28.6,61.0,88.5,2,1500,5000,18500,HEAVY_RAIN,Pit Waterlogging & Haul Mud Friction,Deploy Dewatering Pumps & Route via High Ramp,91.5,13320
2024-09-25,Balaghat Central Mine,163.7,29.4,69.3,64.8,3,1500,5000,18500,HEAVY_RAIN,Pit Waterlogging & Haul Mud Friction,Deploy Dewatering Pumps & Route via High Ramp,96.9,13320
2024-09-25,Mansar West Mine,163.7,29.4,69.3,64.8,3,1500,5000,18500,HEAVY_RAIN,Pit Waterlogging & Haul Mud Friction,Deploy Dewatering Pumps & Route via High Ramp,90.0,13320
2024-09-25,Dongri Buzurg Mine,163.7,29.4,69.3,64.8,3,1500,5000,18500,HEAVY_RAIN,Pit Waterlogging & Haul Mud Friction,Deploy Dewatering Pumps & Route via High Ramp,88.3,13320
2024-09-25,Ukwa East Mine,163.7,29.4,69.3,64.8,3,1500,5000,18500,HEAVY_RAIN,Pit Waterlogging & Haul Mud Friction,Deploy Dewatering Pumps & Route via High Ramp,96.0,13320
2024-09-26,Balaghat Central Mine,113.2,28.7,66.9,69.2,5,1500,5000,18500,HEAVY_RAIN,Pit Waterlogging & Haul Mud Friction,Deploy Dewatering Pumps & Route via High Ramp,92.1,13320
2024-09-26,Mansar West Mine,113.2,28.7,66.9,69.2,5,1500,5000,18500,HEAVY_RAIN,Pit Waterlogging & Haul Mud Friction,Deploy Dewatering Pumps & Route via High Ramp,88.6,13320
2024-09-26,Dongri Buzurg Mine,113.2,28.7,66.9,69.2,5,1500,5000,18500,HEAVY_RAIN,Pit Waterlogging & Haul Mud Friction,Deploy Dewatering Pumps & Route via High Ramp,96.3,13320
2024-09-26,Ukwa East Mine,113.2,28.7,66.9,69.2,5,1500,5000,18500,HEAVY_RAIN,Pit Waterlogging & Haul Mud Friction,Deploy Dewatering Pumps & Route via High Ramp,92.9,13320
2024-09-27,Balaghat Central Mine,140.5,30.7,61.7,56.0,1,1500,5000,18500,HEAVY_RAIN,Pit Waterlogging & Haul Mud Friction,Deploy Dewatering Pumps & Route via High Ramp,93.1,13320
2024-09-27,Mansar West Mine,140.5,30.7,61.7,56.0,1,1500,5000,18500,HEAVY_RAIN,Pit Waterlogging & Haul Mud Friction,Deploy Dewatering Pumps & Route via High Ramp,95.0,13320
2024-09-27,Dongri Buzurg Mine,140.5,30.7,61.7,56.0,1,1500,5000,18500,HEAVY_RAIN,Pit Waterlogging & Haul Mud Friction,Deploy Dewatering Pumps & Route via High Ramp,97.3,13320
2024-09-27,Ukwa East Mine,140.5,30.7,61.7,56.0,1,1500,5000,18500,HEAVY_RAIN,Pit Waterlogging & Haul Mud Friction,Deploy Dewatering Pumps & Route via High Ramp,90.5,13320
2024-09-28,Balaghat Central Mine,106.1,27.0,61.6,61.5,4,1500,5000,18500,HEAVY_RAIN,Pit Waterlogging & Haul Mud Friction,Deploy Dewatering Pumps & Route via High Ramp,97.6,13320
2024-09-28,Mansar West Mine,106.1,27.0,61.6,61.5,4,1500,5000,18500,HEAVY_RAIN,Pit Waterlogging & Haul Mud Friction,Deploy Dewatering Pumps & Route via High Ramp,90.4,13320
2024-09-28,Dongri Buzurg Mine,106.1,27.0,61.6,61.5,4,1500,5000,18500,HEAVY_RAIN,Pit Waterlogging & Haul Mud Friction,Deploy Dewatering Pumps & Route via High Ramp,85.1,13320
2024-09-28,Ukwa East Mine,106.1,27.0,61.6,61.5,4,1500,5000,18500,HEAVY_RAIN,Pit Waterlogging & Haul Mud Friction,Deploy Dewatering Pumps & Route via High Ramp,85.9,13320
2024-09-29,Balaghat Central Mine,78.1,29.9,81.6,94.9,3,1500,5000,15596,HEAVY_RAIN,Pit Waterlogging & Haul Mud Friction,Deploy Dewatering Pumps & Route via High Ramp,97.6,11229
2024-09-29,Mansar West Mine,78.1,29.9,81.6,94.9,3,1500,5000,18500,HEAVY_RAIN,Pit Waterlogging & Haul Mud Friction,Deploy Dewatering Pumps & Route via High Ramp,95.7,13320
2024-09-29,Dongri Buzurg Mine,78.1,29.9,81.6,94.9,3,1500,5000,18500,HEAVY_RAIN,Pit Waterlogging & Haul Mud Friction,Deploy Dewatering Pumps & Route via High Ramp,89.5,13320
2024-09-29,Ukwa East Mine,78.1,29.9,81.6,94.9,3,1500,5000,18500,HEAVY_RAIN,Pit Waterlogging & Haul Mud Friction,Deploy Dewatering Pumps & Route via High Ramp,92.3,13320
2024-09-30,Balaghat Central Mine,40.9,24.4,65.6,72.4,4,1500,5000,18500,FLEET_BREAKDOWN,Haul Truck & Shovel Mechanical Failure,Reallocate Backup Fleet & Deploy Mobile Mechanics,91.3,14800
2024-09-30,Mansar West Mine,40.9,24.4,65.6,72.4,4,1500,5000,18500,FLEET_BREAKDOWN,Haul Truck & Shovel Mechanical Failure,Reallocate Backup Fleet & Deploy Mobile Mechanics,87.3,14800
2024-09-30,Dongri Buzurg Mine,40.9,24.4,65.6,72.4,4,1500,5000,18500,FLEET_BREAKDOWN,Haul Truck & Shovel Mechanical Failure,Reallocate Backup Fleet & Deploy Mobile Mechanics,94.7,14800
2024-09-30,Ukwa East Mine,40.9,24.4,65.6,72.4,4,1500,5000,18500,FLEET_BREAKDOWN,Haul Truck & Shovel Mechanical Failure,Reallocate Backup Fleet & Deploy Mobile Mechanics,95.4,14800
2024-10-01,Balaghat Central Mine,0.6,25.0,39.0,57.9,1,1500,5000,18500,FLEET_BREAKDOWN,Haul Truck & Shovel Mechanical Failure,Reallocate Backup Fleet & Deploy Mobile Mechanics,86.0,14800
2024-10-01,Mansar West Mine,0.6,25.0,39.0,57.9,1,1500,5000,18500,FLEET_BREAKDOWN,Haul Truck & Shovel Mechanical Failure,Reallocate Backup Fleet & Deploy Mobile Mechanics,86.7,14800
2024-10-01,Dongri Buzurg Mine,0.6,25.0,39.0,57.9,1,1500,5000,18500,FLEET_BREAKDOWN,Haul Truck & Shovel Mechanical Failure,Reallocate Backup Fleet & Deploy Mobile Mechanics,88.4,14800
2024-10-01,Ukwa East Mine,0.6,25.0,39.0,57.9,1,1500,5000,18500,FLEET_BREAKDOWN,Haul Truck & Shovel Mechanical Failure,Reallocate Backup Fleet & Deploy Mobile Mechanics,88.2,14800
2024-10-02,Balaghat Central Mine,4.8,31.1,33.3,96.3,5,1500,13191,1809,NORMAL,Optimal Mine Operations,Maintain Standard Production Schedule,96.4,1809
2024-10-02,Mansar West Mine,4.8,31.1,33.3,96.3,5,1500,15000,0,NORMAL,Optimal Mine Operations,Maintain Standard Production Schedule,90.6,0
2024-10-02,Dongri Buzurg Mine,4.8,31.1,33.3,96.3,5,1500,7583,7417,NORMAL,Optimal Mine Operations,Maintain Standard Production Schedule,92.7,7417
2024-10-02,Ukwa East Mine,4.8,31.1,33.3,96.3,5,1500,6829,8171,NORMAL,Optimal Mine Operations,Maintain Standard Production Schedule,85.5,8171
2024-10-03,Balaghat Central Mine,3.3,21.8,18.0,93.6,5,1500,14600,400,NORMAL,Optimal Mine Operations,Maintain Standard Production Schedule,96.4,400
2024-10-03,Mansar West Mine,3.3,21.8,18.0,93.6,5,1500,9204,5796,NORMAL,Optimal Mine Operations,Maintain Standard Production Schedule,94.8,5796
2024-10-03,Dongri Buzurg Mine,3.3,21.8,18.0,93.6,5,1500,15000,0,NORMAL,Optimal Mine Operations,Maintain Standard Production Schedule,85.8,0
2024-10-03,Ukwa East Mine,3.3,21.8,18.0,93.6,5,1500,14591,409,NORMAL,Optimal Mine Operations,Maintain Standard Production Schedule,97.6,409
2024-10-04,Balaghat Central Mine,9.8,21.9,24.7,69.0,5,1500,5000,18500,FLEET_BREAKDOWN,Haul Truck & Shovel Mechanical Failure,Reallocate Backup Fleet & Deploy Mobile Mechanics,95.7,14800
2024-10-04,Mansar West Mine,9.8,21.9,24.7,69.0,5,1500,5000,18500,FLEET_BREAKDOWN,Haul Truck & Shovel Mechanical Failure,Reallocate Backup Fleet & Deploy Mobile Mechanics,89.4,14800
2024-10-04,Dongri Buzurg Mine,9.8,21.9,24.7,69.0,5,1500,5000,18500,FLEET_BREAKDOWN,Haul Truck & Shovel Mechanical Failure,Reallocate Backup Fleet & Deploy Mobile Mechanics,88.1,14800
2024-10-04,Ukwa East Mine,9.8,21.9,24.7,69.0,5,1500,5000,18500,FLEET_BREAKDOWN,Haul Truck & Shovel Mechanical Failure,Reallocate Backup Fleet & Deploy Mobile Mechanics,92.1,14800
2024-10-05,Balaghat Central Mine,13.9,31.7,18.3,96.2,3,1500,11332,3668,NORMAL,Optimal Mine Operations,Maintain Standard Production Schedule,89.1,3668
2024-10-05,Mansar West Mine,13.9,31.7,18.3,96.2,3,1500,12858,2142,NORMAL,Optimal Mine Operations,Maintain Standard Production Schedule,96.9,2142
2024-10-05,Dongri Buzurg Mine,13.9,31.7,18.3,96.2,3,1500,10177,4823,NORMAL,Optimal Mine Operations,Maintain Standard Production Schedule,92.8,4823
2024-10-05,Ukwa East Mine,13.9,31.7,18.3,96.2,3,1500,12323,2677,NORMAL,Optimal Mine Operations,Maintain Standard Production Schedule,85.4,2677
2024-10-06,Balaghat Central Mine,16.6,28.8,31.7,77.8,2,1500,15000,0,NORMAL,Optimal Mine Operations,Maintain Standard Production Schedule,89.9,0
2024-10-06,Mansar West Mine,16.6,28.8,31.7,77.8,2,1500,15000,0,NORMAL,Optimal Mine Operations,Maintain Standard Production Schedule,90.1,0
2024-10-06,Dongri Buzurg Mine,16.6,28.8,31.7,77.8,2,1500,15000,0,NORMAL,Optimal Mine Operations,Maintain Standard Production Schedule,86.1,0
2024-10-06,Ukwa East Mine,16.6,28.8,31.7,77.8,2,1500,15000,0,NORMAL,Optimal Mine Operations,Maintain Standard Production Schedule,94.8,0
2024-10-07,Balaghat Central Mine,4.0,21.6,18.1,58.1,5,1500,5000,18500,FLEET_BREAKDOWN,Haul Truck & Shovel Mechanical Failure,Reallocate Backup Fleet & Deploy Mobile Mechanics,91.2,14800
2024-10-07,Mansar West Mine,4.0,21.6,18.1,58.1,5,1500,5000,18500,FLEET_BREAKDOWN,Haul Truck & Shovel Mechanical Failure,Reallocate Backup Fleet & Deploy Mobile Mechanics,94.6,14800
2024-10-07,Dongri Buzurg Mine,4.0,21.6,18.1,58.1,5,1500,5000,18500,FLEET_BREAKDOWN,Haul Truck & Shovel Mechanical Failure,Reallocate Backup Fleet & Deploy Mobile Mechanics,86.4,14800
2024-10-07,Ukwa East Mine,4.0,21.6,18.1,58.1,5,1500,5000,18500,FLEET_BREAKDOWN,Haul Truck & Shovel Mechanical Failure,Reallocate Backup Fleet & Deploy Mobile Mechanics,89.5,14800
2024-10-08,Balaghat Central Mine,4.9,20.7,31.9,78.6,3,1500,15000,0,NORMAL,Optimal Mine Operations,Maintain Standard Production Schedule,89.2,0
2024-10-08,Mansar West Mine,4.9,20.7,31.9,78.6,3,1500,10051,4949,NORMAL,Optimal Mine Operations,Maintain Standard Production Schedule,89.9,4949
2024-10-08,Dongri Buzurg Mine,4.9,20.7,31.9,78.6,3,1500,13285,1715,NORMAL,Optimal Mine Operations,Maintain Standard Production Schedule,89.2,1715
2024-10-08,Ukwa East Mine,4.9,20.7,31.9,78.6,3,1500,15000,0,NORMAL,Optimal Mine Operations,Maintain Standard Production Schedule,88.1,0
2024-10-09,Balaghat Central Mine,3.3,25.4,36.6,95.2,4,1500,15000,0,NORMAL,Optimal Mine Operations,Maintain Standard Production Schedule,97.9,0
2024-10-09,Mansar West Mine,3.3,25.4,36.6,95.2,4,1500,15000,0,NORMAL,Optimal Mine Operations,Maintain Standard Production Schedule,94.3,0
2024-10-09,Dongri Buzurg Mine,3.3,25.4,36.6,95.2,4,1500,15000,0,NORMAL,Optimal Mine Operations,Maintain Standard Production Schedule,87.1,0
2024-10-09,Ukwa East Mine,3.3,25.4,36.6,95.2,4,1500,10007,4993,NORMAL,Optimal Mine Operations,Maintain Standard Production Schedule,85.3,4993
2024-10-10,Balaghat Central Mine,5.3,26.6,22.1,71.5,3,1500,5000,18500,FLEET_BREAKDOWN,Haul Truck & Shovel Mechanical Failure,Reallocate Backup Fleet & Deploy Mobile Mechanics,86.8,14800
2024-10-10,Mansar West Mine,5.3,26.6,22.1,71.5,3,1500,5000,18500,FLEET_BREAKDOWN,Haul Truck & Shovel Mechanical Failure,Reallocate Backup Fleet & Deploy Mobile Mechanics,87.1,14800
2024-10-10,Dongri Buzurg Mine,5.3,26.6,22.1,71.5,3,1500,5000,18500,FLEET_BREAKDOWN,Haul Truck & Shovel Mechanical Failure,Reallocate Backup Fleet & Deploy Mobile Mechanics,96.4,14800
2024-10-10,Ukwa East Mine,5.3,26.6,22.1,71.5,3,1500,5000,18500,FLEET_BREAKDOWN,Haul Truck & Shovel Mechanical Failure,Reallocate Backup Fleet & Deploy Mobile Mechanics,94.3,14800
2024-10-11,Balaghat Central Mine,10.8,24.0,33.6,80.2,2,1500,15000,0,NORMAL,Optimal Mine Operations,Maintain Standard Production Schedule,93.9,0
2024-10-11,Mansar West Mine,10.8,24.0,33.6,80.2,2,1500,10603,4397,NORMAL,Optimal Mine Operations,Maintain Standard Production Schedule,87.1,4397
2024-10-11,Dongri Buzurg Mine,10.8,24.0,33.6,80.2,2,1500,15000,0,NORMAL,Optimal Mine Operations,Maintain Standard Production Schedule,95.2,0
2024-10-11,Ukwa East Mine,10.8,24.0,33.6,80.2,2,1500,15000,0,NORMAL,Optimal Mine Operations,Maintain Standard Production Schedule,87.7,0
2024-10-12,Balaghat Central Mine,17.1,20.6,40.5,78.4,3,1500,15000,0,NORMAL,Optimal Mine Operations,Maintain Standard Production Schedule,94.8,0
2024-10-12,Mansar West Mine,17.1,20.6,40.5,78.4,3,1500,15000,0,NORMAL,Optimal Mine Operations,Maintain Standard Production Schedule,96.9,0
2024-10-12,Dongri Buzurg Mine,17.1,20.6,40.5,78.4,3,1500,12968,2032,NORMAL,Optimal Mine Operations,Maintain Standard Production Schedule,86.3,2032
2024-10-12,Ukwa East Mine,17.1,20.6,40.5,78.4,3,1500,15000,0,NORMAL,Optimal Mine Operations,Maintain Standard Production Schedule,87.3,0
2024-10-13,Balaghat Central Mine,11.4,31.3,15.5,95.8,3,1500,14040,960,NORMAL,Optimal Mine Operations,Maintain Standard Production Schedule,95.8,960
2024-10-13,Mansar West Mine,11.4,31.3,15.5,95.8,3,1500,15000,0,NORMAL,Optimal Mine Operations,Maintain Standard Production Schedule,85.2,0
2024-10-13,Dongri Buzurg Mine,11.4,31.3,15.5,95.8,3,1500,13148,1852,NORMAL,Optimal Mine Operations,Maintain Standard Production Schedule,87.3,1852
2024-10-13,Ukwa East Mine,11.4,31.3,15.5,95.8,3,1500,12994,2006,NORMAL,Optimal Mine Operations,Maintain Standard Production Schedule,91.9,2006
2024-10-14,Balaghat Central Mine,17.4,29.2,33.4,57.9,2,1500,5000,18500,FLEET_BREAKDOWN,Haul Truck & Shovel Mechanical Failure,Reallocate Backup Fleet & Deploy Mobile Mechanics,93.5,14800
2024-10-14,Mansar West Mine,17.4,29.2,33.4,57.9,2,1500,5000,18500,FLEET_BREAKDOWN,Haul Truck & Shovel Mechanical Failure,Reallocate Backup Fleet & Deploy Mobile Mechanics,85.2,14800
2024-10-14,Dongri Buzurg Mine,17.4,29.2,33.4,57.9,2,1500,5000,18500,FLEET_BREAKDOWN,Haul Truck & Shovel Mechanical Failure,Reallocate Backup Fleet & Deploy Mobile Mechanics,93.1,14800
2024-10-14,Ukwa East Mine,17.4,29.2,33.4,57.9,2,1500,5000,18500,FLEET_BREAKDOWN,Haul Truck & Shovel Mechanical Failure,Reallocate Backup Fleet & Deploy Mobile Mechanics,97.5,14800
2024-10-15,Balaghat Central Mine,13.3,21.8,33.9,71.3,3,1500,5000,18500,FLEET_BREAKDOWN,Haul Truck & Shovel Mechanical Failure,Reallocate Backup Fleet & Deploy Mobile Mechanics,88.8,14800
2024-10-15,Mansar West Mine,13.3,21.8,33.9,71.3,3,1500,5000,18500,FLEET_BREAKDOWN,Haul Truck & Shovel Mechanical Failure,Reallocate Backup Fleet & Deploy Mobile Mechanics,95.9,14800
2024-10-15,Dongri Buzurg Mine,13.3,21.8,33.9,71.3,3,1500,5000,18500,FLEET_BREAKDOWN,Haul Truck & Shovel Mechanical Failure,Reallocate Backup Fleet & Deploy Mobile Mechanics,92.9,14800
2024-10-15,Ukwa East Mine,13.3,21.8,33.9,71.3,3,1500,5000,18500,FLEET_BREAKDOWN,Haul Truck & Shovel Mechanical Failure,Reallocate Backup Fleet & Deploy Mobile Mechanics,91.2,14800
2024-10-16,Balaghat Central Mine,16.1,29.7,24.2,97.2,3,1500,15000,0,NORMAL,Optimal Mine Operations,Maintain Standard Production Schedule,85.1,0
2024-10-16,Mansar West Mine,16.1,29.7,24.2,97.2,3,1500,15000,0,NORMAL,Optimal Mine Operations,Maintain Standard Production Schedule,90.1,0
2024-10-16,Dongri Buzurg Mine,16.1,29.7,24.2,97.2,3,1500,13082,1918,NORMAL,Optimal Mine Operations,Maintain Standard Production Schedule,85.7,1918
2024-10-16,Ukwa East Mine,16.1,29.7,24.2,97.2,3,1500,12749,2251,NORMAL,Optimal Mine Operations,Maintain Standard Production Schedule,95.2,2251
2024-10-17,Balaghat Central Mine,1.1,26.9,24.9,76.5,1,1500,11503,3497,NORMAL,Optimal Mine Operations,Maintain Standard Production Schedule,91.6,3497
2024-10-17,Mansar West Mine,1.1,26.9,24.9,76.5,1,1500,15000,0,NORMAL,Optimal Mine Operations,Maintain Standard Production Schedule,93.4,0
2024-10-17,Dongri Buzurg Mine,1.1,26.9,24.9,76.5,1,1500,15000,0,NORMAL,Optimal Mine Operations,Maintain Standard Production Schedule,92.3,0
2024-10-17,Ukwa East Mine,1.1,26.9,24.9,76.5,1,1500,15000,0,NORMAL,Optimal Mine Operations,Maintain Standard Production Schedule,95.9,0
2024-10-18,Balaghat Central Mine,11.2,23.8,43.2,96.1,5,1500,12158,2842,NORMAL,Optimal Mine Operations,Maintain Standard Production Schedule,92.8,2842
2024-10-18,Mansar West Mine,11.2,23.8,43.2,96.1,5,1500,11803,3197,NORMAL,Optimal Mine Operations,Maintain Standard Production Schedule,93.0,3197
2024-10-18,Dongri Buzurg Mine,11.2,23.8,43.2,96.1,5,1500,13515,1485,NORMAL,Optimal Mine Operations,Maintain Standard Production Schedule,87.8,1485
2024-10-18,Ukwa East Mine,11.2,23.8,43.2,96.1,5,1500,15000,0,NORMAL,Optimal Mine Operations,Maintain Standard Production Schedule,93.1,0
2024-10-19,Balaghat Central Mine,18.4,31.5,22.5,95.8,1,1500,12251,2749,NORMAL,Optimal Mine Operations,Maintain Standard Production Schedule,96.5,2749
2024-10-19,Mansar West Mine,18.4,31.5,22.5,95.8,1,1500,13751,1249,NORMAL,Optimal Mine Operations,Maintain Standard Production Schedule,91.8,1249
2024-10-19,Dongri Buzurg Mine,18.4,31.5,22.5,95.8,1,1500,9326,5674,NORMAL,Optimal Mine Operations,Maintain Standard Production Schedule,90.2,5674
2024-10-19,Ukwa East Mine,18.4,31.5,22.5,95.8,1,1500,15000,0,NORMAL,Optimal Mine Operations,Maintain Standard Production Schedule,94.9,0
2024-10-20,Balaghat Central Mine,15.6,30.6,21.8,56.1,5,1500,5000,18500,FLEET_BREAKDOWN,Haul Truck & Shovel Mechanical Failure,Reallocate Backup Fleet & Deploy Mobile Mechanics,93.6,14800
2024-10-20,Mansar West Mine,15.6,30.6,21.8,56.1,5,1500,5000,18500,FLEET_BREAKDOWN,Haul Truck & Shovel Mechanical Failure,Reallocate Backup Fleet & Deploy Mobile Mechanics,90.5,14800
2024-10-20,Dongri Buzurg Mine,15.6,30.6,21.8,56.1,5,1500,5000,18500,FLEET_BREAKDOWN,Haul Truck & Shovel Mechanical Failure,Reallocate Backup Fleet & Deploy Mobile Mechanics,94.6,14800
2024-10-20,Ukwa East Mine,15.6,30.6,21.8,56.1,5,1500,5000,18500,FLEET_BREAKDOWN,Haul Truck & Shovel Mechanical Failure,Reallocate Backup Fleet & Deploy Mobile Mechanics,96.0,14800
2024-10-21,Balaghat Central Mine,7.3,22.8,32.6,83.1,4,1500,15000,0,NORMAL,Optimal Mine Operations,Maintain Standard Production Schedule,85.8,0
2024-10-21,Mansar West Mine,7.3,22.8,32.6,83.1,4,1500,14011,989,NORMAL,Optimal Mine Operations,Maintain Standard Production Schedule,86.4,989
2024-10-21,Dongri Buzurg Mine,7.3,22.8,32.6,83.1,4,1500,10127,4873,NORMAL,Optimal Mine Operations,Maintain Standard Production Schedule,91.0,4873
2024-10-21,Ukwa East Mine,7.3,22.8,32.6,83.1,4,1500,15000,0,NORMAL,Optimal Mine Operations,Maintain Standard Production Schedule,92.0,0
2024-10-22,Balaghat Central Mine,10.6,29.4,17.4,89.0,5,1500,15000,0,NORMAL,Optimal Mine Operations,Maintain Standard Production Schedule,87.1,0
2024-10-22,Mansar West Mine,10.6,29.4,17.4,89.0,5,1500,11304,3696,NORMAL,Optimal Mine Operations,Maintain Standard Production Schedule,85.3,3696
2024-10-22,Dongri Buzurg Mine,10.6,29.4,17.4,89.0,5,1500,11972,3028,NORMAL,Optimal Mine Operations,Maintain Standard Production Schedule,91.9,3028
2024-10-22,Ukwa East Mine,10.6,29.4,17.4,89.0,5,1500,15000,0,NORMAL,Optimal Mine Operations,Maintain Standard Production Schedule,90.9,0
2024-10-23,Balaghat Central Mine,5.1,30.4,36.0,62.6,5,1500,5000,18500,FLEET_BREAKDOWN,Haul Truck & Shovel Mechanical Failure,Reallocate Backup Fleet & Deploy Mobile Mechanics,90.1,14800
2024-10-23,Mansar West Mine,5.1,30.4,36.0,62.6,5,1500,5000,18500,FLEET_BREAKDOWN,Haul Truck & Shovel Mechanical Failure,Reallocate Backup Fleet & Deploy Mobile Mechanics,91.5,14800
2024-10-23,Dongri Buzurg Mine,5.1,30.4,36.0,62.6,5,1500,5000,18500,FLEET_BREAKDOWN,Haul Truck & Shovel Mechanical Failure,Reallocate Backup Fleet & Deploy Mobile Mechanics,93.6,14800
2024-10-23,Ukwa East Mine,5.1,30.4,36.0,62.6,5,1500,5000,18500,FLEET_BREAKDOWN,Haul Truck & Shovel Mechanical Failure,Reallocate Backup Fleet & Deploy Mobile Mechanics,87.4,14800
2024-10-24,Balaghat Central Mine,6.0,27.6,25.0,57.1,2,1500,5000,18500,FLEET_BREAKDOWN,Haul Truck & Shovel Mechanical Failure,Reallocate Backup Fleet & Deploy Mobile Mechanics,91.0,14800
2024-10-24,Mansar West Mine,6.0,27.6,25.0,57.1,2,1500,5000,18500,FLEET_BREAKDOWN,Haul Truck & Shovel Mechanical Failure,Reallocate Backup Fleet & Deploy Mobile Mechanics,85.9,14800
2024-10-24,Dongri Buzurg Mine,6.0,27.6,25.0,57.1,2,1500,5000,18500,FLEET_BREAKDOWN,Haul Truck & Shovel Mechanical Failure,Reallocate Backup Fleet & Deploy Mobile Mechanics,95.3,14800
2024-10-24,Ukwa East Mine,6.0,27.6,25.0,57.1,2,1500,5000,18500,FLEET_BREAKDOWN,Haul Truck & Shovel Mechanical Failure,Reallocate Backup Fleet & Deploy Mobile Mechanics,90.8,14800
2024-10-25,Balaghat Central Mine,9.9,24.0,24.4,92.3,5,1500,11959,3041,NORMAL,Optimal Mine Operations,Maintain Standard Production Schedule,88.7,3041
2024-10-25,Mansar West Mine,9.9,24.0,24.4,92.3,5,1500,12795,2205,NORMAL,Optimal Mine Operations,Maintain Standard Production Schedule,90.4,2205
2024-10-25,Dongri Buzurg Mine,9.9,24.0,24.4,92.3,5,1500,12745,2255,NORMAL,Optimal Mine Operations,Maintain Standard Production Schedule,91.5,2255
2024-10-25,Ukwa East Mine,9.9,24.0,24.4,92.3,5,1500,15000,0,NORMAL,Optimal Mine Operations,Maintain Standard Production Schedule,89.5,0
2024-10-26,Balaghat Central Mine,17.2,25.1,42.5,95.7,2,1500,8128,6872,NORMAL,Optimal Mine Operations,Maintain Standard Production Schedule,88.7,6872
2024-10-26,Mansar West Mine,17.2,25.1,42.5,95.7,2,1500,15000,0,NORMAL,Optimal Mine Operations,Maintain Standard Production Schedule,86.8,0
2024-10-26,Dongri Buzurg Mine,17.2,25.1,42.5,95.7,2,1500,15000,0,NORMAL,Optimal Mine Operations,Maintain Standard Production Schedule,88.5,0
2024-10-26,Ukwa East Mine,17.2,25.1,42.5,95.7,2,1500,15000,0,NORMAL,Optimal Mine Operations,Maintain Standard Production Schedule,85.1,0
2024-10-27,Balaghat Central Mine,1.2,29.2,20.5,66.9,1,1500,5000,18500,FLEET_BREAKDOWN,Haul Truck & Shovel Mechanical Failure,Reallocate Backup Fleet & Deploy Mobile Mechanics,97.4,14800
2024-10-27,Mansar West Mine,1.2,29.2,20.5,66.9,1,1500,5000,18500,FLEET_BREAKDOWN,Haul Truck & Shovel Mechanical Failure,Reallocate Backup Fleet & Deploy Mobile Mechanics,90.7,14800
2024-10-27,Dongri Buzurg Mine,1.2,29.2,20.5,66.9,1,1500,5000,18500,FLEET_BREAKDOWN,Haul Truck & Shovel Mechanical Failure,Reallocate Backup Fleet & Deploy Mobile Mechanics,93.8,14800
2024-10-27,Ukwa East Mine,1.2,29.2,20.5,66.9,1,1500,5000,18500,FLEET_BREAKDOWN,Haul Truck & Shovel Mechanical Failure,Reallocate Backup Fleet & Deploy Mobile Mechanics,93.4,14800
2024-10-28,Balaghat Central Mine,1.1,29.6,34.9,72.1,5,1500,5000,18500,FLEET_BREAKDOWN,Haul Truck & Shovel Mechanical Failure,Reallocate Backup Fleet & Deploy Mobile Mechanics,88.1,14800
2024-10-28,Mansar West Mine,1.1,29.6,34.9,72.1,5,1500,5000,18500,FLEET_BREAKDOWN,Haul Truck & Shovel Mechanical Failure,Reallocate Backup Fleet & Deploy Mobile Mechanics,91.2,14800
2024-10-28,Dongri Buzurg Mine,1.1,29.6,34.9,72.1,5,1500,5000,18500,FLEET_BREAKDOWN,Haul Truck & Shovel Mechanical Failure,Reallocate Backup Fleet & Deploy Mobile Mechanics,96.7,14800
2024-10-28,Ukwa East Mine,1.1,29.6,34.9,72.1,5,1500,5000,18500,FLEET_BREAKDOWN,Haul Truck & Shovel Mechanical Failure,Reallocate Backup Fleet & Deploy Mobile Mechanics,93.3,14800
2024-10-29,Balaghat Central Mine,4.2,30.5,15.2,55.2,1,1500,5000,18500,FLEET_BREAKDOWN,Haul Truck & Shovel Mechanical Failure,Reallocate Backup Fleet & Deploy Mobile Mechanics,97.9,14800
2024-10-29,Mansar West Mine,4.2,30.5,15.2,55.2,1,1500,5000,18500,FLEET_BREAKDOWN,Haul Truck & Shovel Mechanical Failure,Reallocate Backup Fleet & Deploy Mobile Mechanics,96.5,14800
2024-10-29,Dongri Buzurg Mine,4.2,30.5,15.2,55.2,1,1500,5000,18500,FLEET_BREAKDOWN,Haul Truck & Shovel Mechanical Failure,Reallocate Backup Fleet & Deploy Mobile Mechanics,88.6,14800
2024-10-29,Ukwa East Mine,4.2,30.5,15.2,55.2,1,1500,5000,18500,FLEET_BREAKDOWN,Haul Truck & Shovel Mechanical Failure,Reallocate Backup Fleet & Deploy Mobile Mechanics,92.9,14800
2024-10-30,Balaghat Central Mine,17.6,21.4,26.7,73.1,5,1500,5000,18500,FLEET_BREAKDOWN,Haul Truck & Shovel Mechanical Failure,Reallocate Backup Fleet & Deploy Mobile Mechanics,96.6,14800
2024-10-30,Mansar West Mine,17.6,21.4,26.7,73.1,5,1500,5000,18500,FLEET_BREAKDOWN,Haul Truck & Shovel Mechanical Failure,Reallocate Backup Fleet & Deploy Mobile Mechanics,93.3,14800
2024-10-30,Dongri Buzurg Mine,17.6,21.4,26.7,73.1,5,1500,5000,18500,FLEET_BREAKDOWN,Haul Truck & Shovel Mechanical Failure,Reallocate Backup Fleet & Deploy Mobile Mechanics,91.1,14800
2024-10-30,Ukwa East Mine,17.6,21.4,26.7,73.1,5,1500,5000,18500,FLEET_BREAKDOWN,Haul Truck & Shovel Mechanical Failure,Reallocate Backup Fleet & Deploy Mobile Mechanics,96.7,14800
2024-10-31,Balaghat Central Mine,13.1,28.9,17.2,97.9,5,1500,12766,2234,NORMAL,Optimal Mine Operations,Maintain Standard Production Schedule,90.0,2234
2024-10-31,Mansar West Mine,13.1,28.9,17.2,97.9,5,1500,15000,0,NORMAL,Optimal Mine Operations,Maintain Standard Production Schedule,98.0,0
2024-10-31,Dongri Buzurg Mine,13.1,28.9,17.2,97.9,5,1500,12300,2700,NORMAL,Optimal Mine Operations,Maintain Standard Production Schedule,93.7,2700
2024-10-31,Ukwa East Mine,13.1,28.9,17.2,97.9,5,1500,15000,0,NORMAL,Optimal Mine Operations,Maintain Standard Production Schedule,96.2,0
2024-11-01,Balaghat Central Mine,4.9,21.5,26.2,84.1,1,1500,15000,0,NORMAL,Optimal Mine Operations,Maintain Standard Production Schedule,94.1,0
2024-11-01,Mansar West Mine,4.9,21.5,26.2,84.1,1,1500,14024,976,NORMAL,Optimal Mine Operations,Maintain Standard Production Schedule,93.4,976
2024-11-01,Dongri Buzurg Mine,4.9,21.5,26.2,84.1,1,1500,15000,0,NORMAL,Optimal Mine Operations,Maintain Standard Production Schedule,97.4,0
2024-11-01,Ukwa East Mine,4.9,21.5,26.2,84.1,1,1500,14321,679,NORMAL,Optimal Mine Operations,Maintain Standard Production Schedule,93.5,679
2024-11-02,Balaghat Central Mine,7.2,24.4,35.6,64.6,2,1500,5000,18500,FLEET_BREAKDOWN,Haul Truck & Shovel Mechanical Failure,Reallocate Backup Fleet & Deploy Mobile Mechanics,97.4,14800
2024-11-02,Mansar West Mine,7.2,24.4,35.6,64.6,2,1500,5000,18500,FLEET_BREAKDOWN,Haul Truck & Shovel Mechanical Failure,Reallocate Backup Fleet & Deploy Mobile Mechanics,96.5,14800
2024-11-02,Dongri Buzurg Mine,7.2,24.4,35.6,64.6,2,1500,5000,18500,FLEET_BREAKDOWN,Haul Truck & Shovel Mechanical Failure,Reallocate Backup Fleet & Deploy Mobile Mechanics,90.8,14800
2024-11-02,Ukwa East Mine,7.2,24.4,35.6,64.6,2,1500,5000,18500,FLEET_BREAKDOWN,Haul Truck & Shovel Mechanical Failure,Reallocate Backup Fleet & Deploy Mobile Mechanics,91.9,14800
2024-11-03,Balaghat Central Mine,9.3,29.4,20.7,59.9,1,1500,5000,18500,FLEET_BREAKDOWN,Haul Truck & Shovel Mechanical Failure,Reallocate Backup Fleet & Deploy Mobile Mechanics,93.6,14800
2024-11-03,Mansar West Mine,9.3,29.4,20.7,59.9,1,1500,5000,18500,FLEET_BREAKDOWN,Haul Truck & Shovel Mechanical Failure,Reallocate Backup Fleet & Deploy Mobile Mechanics,93.2,14800
2024-11-03,Dongri Buzurg Mine,9.3,29.4,20.7,59.9,1,1500,5000,18500,FLEET_BREAKDOWN,Haul Truck & Shovel Mechanical Failure,Reallocate Backup Fleet & Deploy Mobile Mechanics,98.0,14800
2024-11-03,Ukwa East Mine,9.3,29.4,20.7,59.9,1,1500,5000,18500,FLEET_BREAKDOWN,Haul Truck & Shovel Mechanical Failure,Reallocate Backup Fleet & Deploy Mobile Mechanics,86.1,14800
2024-11-04,Balaghat Central Mine,7.2,24.5,20.4,58.3,2,1500,5000,18500,FLEET_BREAKDOWN,Haul Truck & Shovel Mechanical Failure,Reallocate Backup Fleet & Deploy Mobile Mechanics,89.0,14800
2024-11-04,Mansar West Mine,7.2,24.5,20.4,58.3,2,1500,5000,18500,FLEET_BREAKDOWN,Haul Truck & Shovel Mechanical Failure,Reallocate Backup Fleet & Deploy Mobile Mechanics,90.5,14800
2024-11-04,Dongri Buzurg Mine,7.2,24.5,20.4,58.3,2,1500,5000,18500,FLEET_BREAKDOWN,Haul Truck & Shovel Mechanical Failure,Reallocate Backup Fleet & Deploy Mobile Mechanics,86.1,14800
2024-11-04,Ukwa East Mine,7.2,24.5,20.4,58.3,2,1500,5000,18500,FLEET_BREAKDOWN,Haul Truck & Shovel Mechanical Failure,Reallocate Backup Fleet & Deploy Mobile Mechanics,88.8,14800
2024-11-05,Balaghat Central Mine,16.1,21.7,21.6,86.4,2,1500,15000,0,NORMAL,Optimal Mine Operations,Maintain Standard Production Schedule,94.0,0
2024-11-05,Mansar West Mine,16.1,21.7,21.6,86.4,2,1500,15000,0,NORMAL,Optimal Mine Operations,Maintain Standard Production Schedule,89.3,0
2024-11-05,Dongri Buzurg Mine,16.1,21.7,21.6,86.4,2,1500,14012,988,NORMAL,Optimal Mine Operations,Maintain Standard Production Schedule,90.9,988
2024-11-05,Ukwa East Mine,16.1,21.7,21.6,86.4,2,1500,15000,0,NORMAL,Optimal Mine Operations,Maintain Standard Production Schedule,91.0,0
2024-11-06,Balaghat Central Mine,1.4,28.4,43.3,86.1,5,1500,15000,0,NORMAL,Optimal Mine Operations,Maintain Standard Production Schedule,89.1,0
2024-11-06,Mansar West Mine,1.4,28.4,43.3,86.1,5,1500,15000,0,NORMAL,Optimal Mine Operations,Maintain Standard Production Schedule,85.1,0
2024-11-06,Dongri Buzurg Mine,1.4,28.4,43.3,86.1,5,1500,13314,1686,NORMAL,Optimal Mine Operations,Maintain Standard Production Schedule,85.9,1686
2024-11-06,Ukwa East Mine,1.4,28.4,43.3,86.1,5,1500,15000,0,NORMAL,Optimal Mine Operations,Maintain Standard Production Schedule,94.3,0
2024-11-07,Balaghat Central Mine,2.4,26.6,33.3,82.5,3,1500,15000,0,NORMAL,Optimal Mine Operations,Maintain Standard Production Schedule,85.9,0
2024-11-07,Mansar West Mine,2.4,26.6,33.3,82.5,3,1500,15000,0,NORMAL,Optimal Mine Operations,Maintain Standard Production Schedule,97.3,0
2024-11-07,Dongri Buzurg Mine,2.4,26.6,33.3,82.5,3,1500,10273,4727,NORMAL,Optimal Mine Operations,Maintain Standard Production Schedule,96.5,4727
2024-11-07,Ukwa East Mine,2.4,26.6,33.3,82.5,3,1500,15000,0,NORMAL,Optimal Mine Operations,Maintain Standard Production Schedule,91.6,0
2024-11-08,Balaghat Central Mine,5.6,30.1,22.4,68.5,5,1500,5000,18500,FLEET_BREAKDOWN,Haul Truck & Shovel Mechanical Failure,Reallocate Backup Fleet & Deploy Mobile Mechanics,88.5,14800
2024-11-08,Mansar West Mine,5.6,30.1,22.4,68.5,5,1500,5000,18500,FLEET_BREAKDOWN,Haul Truck & Shovel Mechanical Failure,Reallocate Backup Fleet & Deploy Mobile Mechanics,90.0,14800
2024-11-08,Dongri Buzurg Mine,5.6,30.1,22.4,68.5,5,1500,5000,18500,FLEET_BREAKDOWN,Haul Truck & Shovel Mechanical Failure,Reallocate Backup Fleet & Deploy Mobile Mechanics,92.4,14800
2024-11-08,Ukwa East Mine,5.6,30.1,22.4,68.5,5,1500,5000,18500,FLEET_BREAKDOWN,Haul Truck & Shovel Mechanical Failure,Reallocate Backup Fleet & Deploy Mobile Mechanics,93.7,14800
2024-11-09,Balaghat Central Mine,4.0,27.1,28.7,73.1,5,1500,5000,18500,FLEET_BREAKDOWN,Haul Truck & Shovel Mechanical Failure,Reallocate Backup Fleet & Deploy Mobile Mechanics,85.8,14800
2024-11-09,Mansar West Mine,4.0,27.1,28.7,73.1,5,1500,5000,18500,FLEET_BREAKDOWN,Haul Truck & Shovel Mechanical Failure,Reallocate Backup Fleet & Deploy Mobile Mechanics,92.2,14800
2024-11-09,Dongri Buzurg Mine,4.0,27.1,28.7,73.1,5,1500,5000,18500,FLEET_BREAKDOWN,Haul Truck & Shovel Mechanical Failure,Reallocate Backup Fleet & Deploy Mobile Mechanics,93.1,14800
2024-11-09,Ukwa East Mine,4.0,27.1,28.7,73.1,5,1500,5000,18500,FLEET_BREAKDOWN,Haul Truck & Shovel Mechanical Failure,Reallocate Backup Fleet & Deploy Mobile Mechanics,87.3,14800
2024-11-10,Balaghat Central Mine,4.2,29.9,31.2,72.3,2,1500,5000,18500,FLEET_BREAKDOWN,Haul Truck & Shovel Mechanical Failure,Reallocate Backup Fleet & Deploy Mobile Mechanics,94.2,14800
2024-11-10,Mansar West Mine,4.2,29.9,31.2,72.3,2,1500,5000,18500,FLEET_BREAKDOWN,Haul Truck & Shovel Mechanical Failure,Reallocate Backup Fleet & Deploy Mobile Mechanics,89.8,14800
2024-11-10,Dongri Buzurg Mine,4.2,29.9,31.2,72.3,2,1500,5000,18500,FLEET_BREAKDOWN,Haul Truck & Shovel Mechanical Failure,Reallocate Backup Fleet & Deploy Mobile Mechanics,94.4,14800
2024-11-10,Ukwa East Mine,4.2,29.9,31.2,72.3,2,1500,5000,18500,FLEET_BREAKDOWN,Haul Truck & Shovel Mechanical Failure,Reallocate Backup Fleet & Deploy Mobile Mechanics,94.6,14800
2024-11-11,Balaghat Central Mine,12.5,29.5,17.8,63.7,5,1500,5000,18500,FLEET_BREAKDOWN,Haul Truck & Shovel Mechanical Failure,Reallocate Backup Fleet & Deploy Mobile Mechanics,89.5,14800
2024-11-11,Mansar West Mine,12.5,29.5,17.8,63.7,5,1500,5000,18500,FLEET_BREAKDOWN,Haul Truck & Shovel Mechanical Failure,Reallocate Backup Fleet & Deploy Mobile Mechanics,90.8,14800
2024-11-11,Dongri Buzurg Mine,12.5,29.5,17.8,63.7,5,1500,5000,18500,FLEET_BREAKDOWN,Haul Truck & Shovel Mechanical Failure,Reallocate Backup Fleet & Deploy Mobile Mechanics,97.7,14800
2024-11-11,Ukwa East Mine,12.5,29.5,17.8,63.7,5,1500,5000,18500,FLEET_BREAKDOWN,Haul Truck & Shovel Mechanical Failure,Reallocate Backup Fleet & Deploy Mobile Mechanics,94.7,14800
2024-11-12,Balaghat Central Mine,0.7,29.7,15.0,80.4,3,1500,15000,0,NORMAL,Optimal Mine Operations,Maintain Standard Production Schedule,89.2,0
2024-11-12,Mansar West Mine,0.7,29.7,15.0,80.4,3,1500,10316,4684,NORMAL,Optimal Mine Operations,Maintain Standard Production Schedule,95.4,4684
2024-11-12,Dongri Buzurg Mine,0.7,29.7,15.0,80.4,3,1500,14976,24,NORMAL,Optimal Mine Operations,Maintain Standard Production Schedule,95.1,24
2024-11-12,Ukwa East Mine,0.7,29.7,15.0,80.4,3,1500,15000,0,NORMAL,Optimal Mine Operations,Maintain Standard Production Schedule,95.2,0
2024-11-13,Balaghat Central Mine,15.4,24.6,27.9,87.6,4,1500,15000,0,NORMAL,Optimal Mine Operations,Maintain Standard Production Schedule,94.4,0
2024-11-13,Mansar West Mine,15.4,24.6,27.9,87.6,4,1500,15000,0,NORMAL,Optimal Mine Operations,Maintain Standard Production Schedule,91.6,0
2024-11-13,Dongri Buzurg Mine,15.4,24.6,27.9,87.6,4,1500,15000,0,NORMAL,Optimal Mine Operations,Maintain Standard Production Schedule,90.3,0
2024-11-13,Ukwa East Mine,15.4,24.6,27.9,87.6,4,1500,15000,0,NORMAL,Optimal Mine Operations,Maintain Standard Production Schedule,92.1,0
2024-11-14,Balaghat Central Mine,5.2,21.5,18.8,58.4,3,1500,5000,18500,FLEET_BREAKDOWN,Haul Truck & Shovel Mechanical Failure,Reallocate Backup Fleet & Deploy Mobile Mechanics,95.1,14800
2024-11-14,Mansar West Mine,5.2,21.5,18.8,58.4,3,1500,5000,18500,FLEET_BREAKDOWN,Haul Truck & Shovel Mechanical Failure,Reallocate Backup Fleet & Deploy Mobile Mechanics,85.5,14800
2024-11-14,Dongri Buzurg Mine,5.2,21.5,18.8,58.4,3,1500,5000,18500,FLEET_BREAKDOWN,Haul Truck & Shovel Mechanical Failure,Reallocate Backup Fleet & Deploy Mobile Mechanics,91.8,14800
2024-11-14,Ukwa East Mine,5.2,21.5,18.8,58.4,3,1500,5000,18500,FLEET_BREAKDOWN,Haul Truck & Shovel Mechanical Failure,Reallocate Backup Fleet & Deploy Mobile Mechanics,94.0,14800
2024-11-15,Balaghat Central Mine,14.5,20.7,18.3,64.4,4,1500,5000,18500,FLEET_BREAKDOWN,Haul Truck & Shovel Mechanical Failure,Reallocate Backup Fleet & Deploy Mobile Mechanics,87.0,14800
2024-11-15,Mansar West Mine,14.5,20.7,18.3,64.4,4,1500,5000,18500,FLEET_BREAKDOWN,Haul Truck & Shovel Mechanical Failure,Reallocate Backup Fleet & Deploy Mobile Mechanics,87.3,14800
2024-11-15,Dongri Buzurg Mine,14.5,20.7,18.3,64.4,4,1500,5000,18500,FLEET_BREAKDOWN,Haul Truck & Shovel Mechanical Failure,Reallocate Backup Fleet & Deploy Mobile Mechanics,86.5,14800
2024-11-15,Ukwa East Mine,14.5,20.7,18.3,64.4,4,1500,5000,18500,FLEET_BREAKDOWN,Haul Truck & Shovel Mechanical Failure,Reallocate Backup Fleet & Deploy Mobile Mechanics,93.7,14800
2024-11-16,Balaghat Central Mine,3.6,30.7,37.8,91.1,2,1500,11875,3125,NORMAL,Optimal Mine Operations,Maintain Standard Production Schedule,95.9,3125
2024-11-16,Mansar West Mine,3.6,30.7,37.8,91.1,2,1500,15000,0,NORMAL,Optimal Mine Operations,Maintain Standard Production Schedule,94.5,0
2024-11-16,Dongri Buzurg Mine,3.6,30.7,37.8,91.1,2,1500,15000,0,NORMAL,Optimal Mine Operations,Maintain Standard Production Schedule,95.6,0
2024-11-16,Ukwa East Mine,3.6,30.7,37.8,91.1,2,1500,12810,2190,NORMAL,Optimal Mine Operations,Maintain Standard Production Schedule,95.9,2190
2024-11-17,Balaghat Central Mine,17.4,21.9,30.7,83.3,5,1500,14694,306,NORMAL,Optimal Mine Operations,Maintain Standard Production Schedule,87.6,306
2024-11-17,Mansar West Mine,17.4,21.9,30.7,83.3,5,1500,14707,293,NORMAL,Optimal Mine Operations,Maintain Standard Production Schedule,97.0,293
2024-11-17,Dongri Buzurg Mine,17.4,21.9,30.7,83.3,5,1500,15000,0,NORMAL,Optimal Mine Operations,Maintain Standard Production Schedule,97.9,0
2024-11-17,Ukwa East Mine,17.4,21.9,30.7,83.3,5,1500,11716,3284,NORMAL,Optimal Mine Operations,Maintain Standard Production Schedule,93.2,3284
2024-11-18,Balaghat Central Mine,12.9,21.6,35.3,82.9,3,1500,13360,1640,NORMAL,Optimal Mine Operations,Maintain Standard Production Schedule,90.0,1640
2024-11-18,Mansar West Mine,12.9,21.6,35.3,82.9,3,1500,14950,50,NORMAL,Optimal Mine Operations,Maintain Standard Production Schedule,85.8,50
2024-11-18,Dongri Buzurg Mine,12.9,21.6,35.3,82.9,3,1500,15000,0,NORMAL,Optimal Mine Operations,Maintain Standard Production Schedule,86.3,0
2024-11-18,Ukwa East Mine,12.9,21.6,35.3,82.9,3,1500,11235,3765,NORMAL,Optimal Mine Operations,Maintain Standard Production Schedule,90.8,3765
2024-11-19,Balaghat Central Mine,18.6,22.3,34.6,75.6,4,1500,15000,0,NORMAL,Optimal Mine Operations,Maintain Standard Production Schedule,89.9,0
2024-11-19,Mansar West Mine,18.6,22.3,34.6,75.6,4,1500,15000,0,NORMAL,Optimal Mine Operations,Maintain Standard Production Schedule,94.3,0
2024-11-19,Dongri Buzurg Mine,18.6,22.3,34.6,75.6,4,1500,14226,774,NORMAL,Optimal Mine Operations,Maintain Standard Production Schedule,97.6,774
2024-11-19,Ukwa East Mine,18.6,22.3,34.6,75.6,4,1500,11725,3275,NORMAL,Optimal Mine Operations,Maintain Standard Production Schedule,90.7,3275
2024-11-20,Balaghat Central Mine,10.6,21.6,23.7,94.6,3,1500,9445,5555,NORMAL,Optimal Mine Operations,Maintain Standard Production Schedule,85.7,5555
2024-11-20,Mansar West Mine,10.6,21.6,23.7,94.6,3,1500,12663,2337,NORMAL,Optimal Mine Operations,Maintain Standard Production Schedule,90.3,2337
2024-11-20,Dongri Buzurg Mine,10.6,21.6,23.7,94.6,3,1500,15000,0,NORMAL,Optimal Mine Operations,Maintain Standard Production Schedule,94.0,0
2024-11-20,Ukwa East Mine,10.6,21.6,23.7,94.6,3,1500,15000,0,NORMAL,Optimal Mine Operations,Maintain Standard Production Schedule,97.9,0
2024-11-21,Balaghat Central Mine,2.8,25.5,38.9,68.5,2,1500,5000,18500,FLEET_BREAKDOWN,Haul Truck & Shovel Mechanical Failure,Reallocate Backup Fleet & Deploy Mobile Mechanics,87.5,14800
2024-11-21,Mansar West Mine,2.8,25.5,38.9,68.5,2,1500,5000,18500,FLEET_BREAKDOWN,Haul Truck & Shovel Mechanical Failure,Reallocate Backup Fleet & Deploy Mobile Mechanics,96.7,14800
2024-11-21,Dongri Buzurg Mine,2.8,25.5,38.9,68.5,2,1500,5000,18500,FLEET_BREAKDOWN,Haul Truck & Shovel Mechanical Failure,Reallocate Backup Fleet & Deploy Mobile Mechanics,88.2,14800
2024-11-21,Ukwa East Mine,2.8,25.5,38.9,68.5,2,1500,5000,18500,FLEET_BREAKDOWN,Haul Truck & Shovel Mechanical Failure,Reallocate Backup Fleet & Deploy Mobile Mechanics,93.9,14800
2024-11-22,Balaghat Central Mine,18.0,24.3,19.0,76.0,2,1500,14336,664,NORMAL,Optimal Mine Operations,Maintain Standard Production Schedule,88.9,664
2024-11-22,Mansar West Mine,18.0,24.3,19.0,76.0,2,1500,15000,0,NORMAL,Optimal Mine Operations,Maintain Standard Production Schedule,91.3,0
2024-11-22,Dongri Buzurg Mine,18.0,24.3,19.0,76.0,2,1500,9196,5804,NORMAL,Optimal Mine Operations,Maintain Standard Production Schedule,85.7,5804
2024-11-22,Ukwa East Mine,18.0,24.3,19.0,76.0,2,1500,10281,4719,NORMAL,Optimal Mine Operations,Maintain Standard Production Schedule,96.3,4719
2024-11-23,Balaghat Central Mine,3.2,20.7,29.7,73.6,4,1500,5000,18500,FLEET_BREAKDOWN,Haul Truck & Shovel Mechanical Failure,Reallocate Backup Fleet & Deploy Mobile Mechanics,94.3,14800
2024-11-23,Mansar West Mine,3.2,20.7,29.7,73.6,4,1500,5000,18500,FLEET_BREAKDOWN,Haul Truck & Shovel Mechanical Failure,Reallocate Backup Fleet & Deploy Mobile Mechanics,86.5,14800
2024-11-23,Dongri Buzurg Mine,3.2,20.7,29.7,73.6,4,1500,5000,18500,FLEET_BREAKDOWN,Haul Truck & Shovel Mechanical Failure,Reallocate Backup Fleet & Deploy Mobile Mechanics,91.1,14800
2024-11-23,Ukwa East Mine,3.2,20.7,29.7,73.6,4,1500,5000,18500,FLEET_BREAKDOWN,Haul Truck & Shovel Mechanical Failure,Reallocate Backup Fleet & Deploy Mobile Mechanics,88.3,14800
2024-11-24,Balaghat Central Mine,17.0,21.8,34.0,61.4,3,1500,5000,18500,FLEET_BREAKDOWN,Haul Truck & Shovel Mechanical Failure,Reallocate Backup Fleet & Deploy Mobile Mechanics,88.1,14800
2024-11-24,Mansar West Mine,17.0,21.8,34.0,61.4,3,1500,5000,18500,FLEET_BREAKDOWN,Haul Truck & Shovel Mechanical Failure,Reallocate Backup Fleet & Deploy Mobile Mechanics,94.1,14800
2024-11-24,Dongri Buzurg Mine,17.0,21.8,34.0,61.4,3,1500,5000,18500,FLEET_BREAKDOWN,Haul Truck & Shovel Mechanical Failure,Reallocate Backup Fleet & Deploy Mobile Mechanics,87.2,14800
2024-11-24,Ukwa East Mine,17.0,21.8,34.0,61.4,3,1500,5000,18500,FLEET_BREAKDOWN,Haul Truck & Shovel Mechanical Failure,Reallocate Backup Fleet & Deploy Mobile Mechanics,92.7,14800
2024-11-25,Balaghat Central Mine,8.2,27.3,34.2,86.1,5,1500,13425,1575,NORMAL,Optimal Mine Operations,Maintain Standard Production Schedule,88.7,1575
2024-11-25,Mansar West Mine,8.2,27.3,34.2,86.1,5,1500,15000,0,NORMAL,Optimal Mine Operations,Maintain Standard Production Schedule,92.1,0
2024-11-25,Dongri Buzurg Mine,8.2,27.3,34.2,86.1,5,1500,15000,0,NORMAL,Optimal Mine Operations,Maintain Standard Production Schedule,90.6,0
2024-11-25,Ukwa East Mine,8.2,27.3,34.2,86.1,5,1500,11713,3287,NORMAL,Optimal Mine Operations,Maintain Standard Production Schedule,86.6,3287
2024-11-26,Balaghat Central Mine,13.7,27.8,36.2,67.7,3,1500,5000,18500,FLEET_BREAKDOWN,Haul Truck & Shovel Mechanical Failure,Reallocate Backup Fleet & Deploy Mobile Mechanics,86.1,14800
2024-11-26,Mansar West Mine,13.7,27.8,36.2,67.7,3,1500,5000,18500,FLEET_BREAKDOWN,Haul Truck & Shovel Mechanical Failure,Reallocate Backup Fleet & Deploy Mobile Mechanics,91.6,14800
2024-11-26,Dongri Buzurg Mine,13.7,27.8,36.2,67.7,3,1500,5000,18500,FLEET_BREAKDOWN,Haul Truck & Shovel Mechanical Failure,Reallocate Backup Fleet & Deploy Mobile Mechanics,86.1,14800
2024-11-26,Ukwa East Mine,13.7,27.8,36.2,67.7,3,1500,5000,18500,FLEET_BREAKDOWN,Haul Truck & Shovel Mechanical Failure,Reallocate Backup Fleet & Deploy Mobile Mechanics,88.3,14800
2024-11-27,Balaghat Central Mine,1.7,21.2,17.7,86.1,1,1500,15000,0,NORMAL,Optimal Mine Operations,Maintain Standard Production Schedule,94.0,0
2024-11-27,Mansar West Mine,1.7,21.2,17.7,86.1,1,1500,14151,849,NORMAL,Optimal Mine Operations,Maintain Standard Production Schedule,91.5,849
2024-11-27,Dongri Buzurg Mine,1.7,21.2,17.7,86.1,1,1500,15000,0,NORMAL,Optimal Mine Operations,Maintain Standard Production Schedule,95.3,0
2024-11-27,Ukwa East Mine,1.7,21.2,17.7,86.1,1,1500,12515,2485,NORMAL,Optimal Mine Operations,Maintain Standard Production Schedule,90.4,2485
2024-11-28,Balaghat Central Mine,14.2,23.4,35.6,66.2,1,1500,5000,18500,FLEET_BREAKDOWN,Haul Truck & Shovel Mechanical Failure,Reallocate Backup Fleet & Deploy Mobile Mechanics,91.0,14800
2024-11-28,Mansar West Mine,14.2,23.4,35.6,66.2,1,1500,5000,18500,FLEET_BREAKDOWN,Haul Truck & Shovel Mechanical Failure,Reallocate Backup Fleet & Deploy Mobile Mechanics,97.0,14800
2024-11-28,Dongri Buzurg Mine,14.2,23.4,35.6,66.2,1,1500,5000,18500,FLEET_BREAKDOWN,Haul Truck & Shovel Mechanical Failure,Reallocate Backup Fleet & Deploy Mobile Mechanics,89.9,14800
2024-11-28,Ukwa East Mine,14.2,23.4,35.6,66.2,1,1500,5000,18500,FLEET_BREAKDOWN,Haul Truck & Shovel Mechanical Failure,Reallocate Backup Fleet & Deploy Mobile Mechanics,91.4,14800
2024-11-29,Balaghat Central Mine,0.4,20.3,42.6,65.0,5,1500,5000,18500,FLEET_BREAKDOWN,Haul Truck & Shovel Mechanical Failure,Reallocate Backup Fleet & Deploy Mobile Mechanics,85.6,14800
2024-11-29,Mansar West Mine,0.4,20.3,42.6,65.0,5,1500,5000,18500,FLEET_BREAKDOWN,Haul Truck & Shovel Mechanical Failure,Reallocate Backup Fleet & Deploy Mobile Mechanics,85.9,14800
2024-11-29,Dongri Buzurg Mine,0.4,20.3,42.6,65.0,5,1500,5000,18500,FLEET_BREAKDOWN,Haul Truck & Shovel Mechanical Failure,Reallocate Backup Fleet & Deploy Mobile Mechanics,88.3,14800
2024-11-29,Ukwa East Mine,0.4,20.3,42.6,65.0,5,1500,5000,18500,FLEET_BREAKDOWN,Haul Truck & Shovel Mechanical Failure,Reallocate Backup Fleet & Deploy Mobile Mechanics,94.9,14800
2024-11-30,Balaghat Central Mine,4.0,21.6,39.8,56.6,4,1500,5000,18500,FLEET_BREAKDOWN,Haul Truck & Shovel Mechanical Failure,Reallocate Backup Fleet & Deploy Mobile Mechanics,95.1,14800
2024-11-30,Mansar West Mine,4.0,21.6,39.8,56.6,4,1500,5000,18500,FLEET_BREAKDOWN,Haul Truck & Shovel Mechanical Failure,Reallocate Backup Fleet & Deploy Mobile Mechanics,89.5,14800
2024-11-30,Dongri Buzurg Mine,4.0,21.6,39.8,56.6,4,1500,5000,18500,FLEET_BREAKDOWN,Haul Truck & Shovel Mechanical Failure,Reallocate Backup Fleet & Deploy Mobile Mechanics,88.5,14800
2024-11-30,Ukwa East Mine,4.0,21.6,39.8,56.6,4,1500,5000,18500,FLEET_BREAKDOWN,Haul Truck & Shovel Mechanical Failure,Reallocate Backup Fleet & Deploy Mobile Mechanics,89.8,14800
2024-12-01,Balaghat Central Mine,18.0,30.8,23.3,96.7,3,1500,15000,0,NORMAL,Optimal Mine Operations,Maintain Standard Production Schedule,88.1,0
2024-12-01,Mansar West Mine,18.0,30.8,23.3,96.7,3,1500,15000,0,NORMAL,Optimal Mine Operations,Maintain Standard Production Schedule,87.9,0
2024-12-01,Dongri Buzurg Mine,18.0,30.8,23.3,96.7,3,1500,15000,0,NORMAL,Optimal Mine Operations,Maintain Standard Production Schedule,95.1,0
2024-12-01,Ukwa East Mine,18.0,30.8,23.3,96.7,3,1500,13054,1946,NORMAL,Optimal Mine Operations,Maintain Standard Production Schedule,95.6,1946
2024-12-02,Balaghat Central Mine,14.1,28.2,39.9,65.3,3,1500,5000,18500,FLEET_BREAKDOWN,Haul Truck & Shovel Mechanical Failure,Reallocate Backup Fleet & Deploy Mobile Mechanics,95.9,14800
2024-12-02,Mansar West Mine,14.1,28.2,39.9,65.3,3,1500,5000,18500,FLEET_BREAKDOWN,Haul Truck & Shovel Mechanical Failure,Reallocate Backup Fleet & Deploy Mobile Mechanics,96.8,14800
2024-12-02,Dongri Buzurg Mine,14.1,28.2,39.9,65.3,3,1500,5000,18500,FLEET_BREAKDOWN,Haul Truck & Shovel Mechanical Failure,Reallocate Backup Fleet & Deploy Mobile Mechanics,87.4,14800
2024-12-02,Ukwa East Mine,14.1,28.2,39.9,65.3,3,1500,5000,18500,FLEET_BREAKDOWN,Haul Truck & Shovel Mechanical Failure,Reallocate Backup Fleet & Deploy Mobile Mechanics,92.1,14800
2024-12-03,Balaghat Central Mine,18.0,25.9,23.6,86.4,2,1500,15000,0,NORMAL,Optimal Mine Operations,Maintain Standard Production Schedule,95.7,0
2024-12-03,Mansar West Mine,18.0,25.9,23.6,86.4,2,1500,13697,1303,NORMAL,Optimal Mine Operations,Maintain Standard Production Schedule,88.3,1303
2024-12-03,Dongri Buzurg Mine,18.0,25.9,23.6,86.4,2,1500,15000,0,NORMAL,Optimal Mine Operations,Maintain Standard Production Schedule,89.7,0
2024-12-03,Ukwa East Mine,18.0,25.9,23.6,86.4,2,1500,15000,0,NORMAL,Optimal Mine Operations,Maintain Standard Production Schedule,93.3,0
2024-12-04,Balaghat Central Mine,10.3,29.4,17.9,83.4,4,1500,15000,0,NORMAL,Optimal Mine Operations,Maintain Standard Production Schedule,86.2,0
2024-12-04,Mansar West Mine,10.3,29.4,17.9,83.4,4,1500,15000,0,NORMAL,Optimal Mine Operations,Maintain Standard Production Schedule,92.0,0
2024-12-04,Dongri Buzurg Mine,10.3,29.4,17.9,83.4,4,1500,12471,2529,NORMAL,Optimal Mine Operations,Maintain Standard Production Schedule,96.1,2529
2024-12-04,Ukwa East Mine,10.3,29.4,17.9,83.4,4,1500,14483,517,NORMAL,Optimal Mine Operations,Maintain Standard Production Schedule,92.8,517
2024-12-05,Balaghat Central Mine,9.3,20.1,26.2,85.2,4,1500,11770,3230,NORMAL,Optimal Mine Operations,Maintain Standard Production Schedule,88.7,3230
2024-12-05,Mansar West Mine,9.3,20.1,26.2,85.2,4,1500,10262,4738,NORMAL,Optimal Mine Operations,Maintain Standard Production Schedule,93.9,4738
2024-12-05,Dongri Buzurg Mine,9.3,20.1,26.2,85.2,4,1500,15000,0,NORMAL,Optimal Mine Operations,Maintain Standard Production Schedule,87.4,0
2024-12-05,Ukwa East Mine,9.3,20.1,26.2,85.2,4,1500,15000,0,NORMAL,Optimal Mine Operations,Maintain Standard Production Schedule,87.6,0
2024-12-06,Balaghat Central Mine,4.7,24.6,29.0,65.6,1,1500,5000,18500,FLEET_BREAKDOWN,Haul Truck & Shovel Mechanical Failure,Reallocate Backup Fleet & Deploy Mobile Mechanics,87.2,14800
2024-12-06,Mansar West Mine,4.7,24.6,29.0,65.6,1,1500,5000,18500,FLEET_BREAKDOWN,Haul Truck & Shovel Mechanical Failure,Reallocate Backup Fleet & Deploy Mobile Mechanics,91.4,14800
2024-12-06,Dongri Buzurg Mine,4.7,24.6,29.0,65.6,1,1500,5000,18500,FLEET_BREAKDOWN,Haul Truck & Shovel Mechanical Failure,Reallocate Backup Fleet & Deploy Mobile Mechanics,97.6,14800
2024-12-06,Ukwa East Mine,4.7,24.6,29.0,65.6,1,1500,5000,18500,FLEET_BREAKDOWN,Haul Truck & Shovel Mechanical Failure,Reallocate Backup Fleet & Deploy Mobile Mechanics,89.3,14800
2024-12-07,Balaghat Central Mine,0.6,29.2,43.5,68.6,5,1500,5000,18500,FLEET_BREAKDOWN,Haul Truck & Shovel Mechanical Failure,Reallocate Backup Fleet & Deploy Mobile Mechanics,93.2,14800
2024-12-07,Mansar West Mine,0.6,29.2,43.5,68.6,5,1500,5000,18500,FLEET_BREAKDOWN,Haul Truck & Shovel Mechanical Failure,Reallocate Backup Fleet & Deploy Mobile Mechanics,95.3,14800
2024-12-07,Dongri Buzurg Mine,0.6,29.2,43.5,68.6,5,1500,5000,18500,FLEET_BREAKDOWN,Haul Truck & Shovel Mechanical Failure,Reallocate Backup Fleet & Deploy Mobile Mechanics,92.5,14800
2024-12-07,Ukwa East Mine,0.6,29.2,43.5,68.6,5,1500,5000,18500,FLEET_BREAKDOWN,Haul Truck & Shovel Mechanical Failure,Reallocate Backup Fleet & Deploy Mobile Mechanics,90.7,14800
2024-12-08,Balaghat Central Mine,12.4,28.5,44.1,75.9,2,1500,15000,0,NORMAL,Optimal Mine Operations,Maintain Standard Production Schedule,85.1,0
2024-12-08,Mansar West Mine,12.4,28.5,44.1,75.9,2,1500,11676,3324,NORMAL,Optimal Mine Operations,Maintain Standard Production Schedule,87.8,3324
2024-12-08,Dongri Buzurg Mine,12.4,28.5,44.1,75.9,2,1500,15000,0,NORMAL,Optimal Mine Operations,Maintain Standard Production Schedule,94.3,0
2024-12-08,Ukwa East Mine,12.4,28.5,44.1,75.9,2,1500,14531,469,NORMAL,Optimal Mine Operations,Maintain Standard Production Schedule,97.3,469
2024-12-09,Balaghat Central Mine,2.2,30.5,22.5,80.1,2,1500,14965,35,NORMAL,Optimal Mine Operations,Maintain Standard Production Schedule,90.3,35
2024-12-09,Mansar West Mine,2.2,30.5,22.5,80.1,2,1500,9701,5299,NORMAL,Optimal Mine Operations,Maintain Standard Production Schedule,89.0,5299
2024-12-09,Dongri Buzurg Mine,2.2,30.5,22.5,80.1,2,1500,13761,1239,NORMAL,Optimal Mine Operations,Maintain Standard Production Schedule,93.1,1239
2024-12-09,Ukwa East Mine,2.2,30.5,22.5,80.1,2,1500,12106,2894,NORMAL,Optimal Mine Operations,Maintain Standard Production Schedule,93.9,2894
2024-12-10,Balaghat Central Mine,15.5,26.9,34.5,93.1,5,1500,14569,431,NORMAL,Optimal Mine Operations,Maintain Standard Production Schedule,91.7,431
2024-12-10,Mansar West Mine,15.5,26.9,34.5,93.1,5,1500,10672,4328,NORMAL,Optimal Mine Operations,Maintain Standard Production Schedule,89.7,4328
2024-12-10,Dongri Buzurg Mine,15.5,26.9,34.5,93.1,5,1500,15000,0,NORMAL,Optimal Mine Operations,Maintain Standard Production Schedule,90.2,0
2024-12-10,Ukwa East Mine,15.5,26.9,34.5,93.1,5,1500,11371,3629,NORMAL,Optimal Mine Operations,Maintain Standard Production Schedule,95.4,3629
2024-12-11,Balaghat Central Mine,8.4,29.9,24.7,84.4,3,1500,15000,0,NORMAL,Optimal Mine Operations,Maintain Standard Production Schedule,86.8,0
2024-12-11,Mansar West Mine,8.4,29.9,24.7,84.4,3,1500,15000,0,NORMAL,Optimal Mine Operations,Maintain Standard Production Schedule,93.5,0
2024-12-11,Dongri Buzurg Mine,8.4,29.9,24.7,84.4,3,1500,15000,0,NORMAL,Optimal Mine Operations,Maintain Standard Production Schedule,86.3,0
2024-12-11,Ukwa East Mine,8.4,29.9,24.7,84.4,3,1500,14429,571,NORMAL,Optimal Mine Operations,Maintain Standard Production Schedule,95.3,571
2024-12-12,Balaghat Central Mine,10.1,24.3,28.7,70.2,5,1500,5000,18500,FLEET_BREAKDOWN,Haul Truck & Shovel Mechanical Failure,Reallocate Backup Fleet & Deploy Mobile Mechanics,94.2,14800
2024-12-12,Mansar West Mine,10.1,24.3,28.7,70.2,5,1500,5000,18500,FLEET_BREAKDOWN,Haul Truck & Shovel Mechanical Failure,Reallocate Backup Fleet & Deploy Mobile Mechanics,91.9,14800
2024-12-12,Dongri Buzurg Mine,10.1,24.3,28.7,70.2,5,1500,5000,18500,FLEET_BREAKDOWN,Haul Truck & Shovel Mechanical Failure,Reallocate Backup Fleet & Deploy Mobile Mechanics,94.3,14800
2024-12-12,Ukwa East Mine,10.1,24.3,28.7,70.2,5,1500,5000,18500,FLEET_BREAKDOWN,Haul Truck & Shovel Mechanical Failure,Reallocate Backup Fleet & Deploy Mobile Mechanics,89.7,14800
2024-12-13,Balaghat Central Mine,19.2,20.6,19.5,75.2,3,1500,11022,3978,NORMAL,Optimal Mine Operations,Maintain Standard Production Schedule,85.7,3978
2024-12-13,Mansar West Mine,19.2,20.6,19.5,75.2,3,1500,11500,3500,NORMAL,Optimal Mine Operations,Maintain Standard Production Schedule,85.5,3500
2024-12-13,Dongri Buzurg Mine,19.2,20.6,19.5,75.2,3,1500,6282,8718,NORMAL,Optimal Mine Operations,Maintain Standard Production Schedule,87.1,8718
2024-12-13,Ukwa East Mine,19.2,20.6,19.5,75.2,3,1500,15000,0,NORMAL,Optimal Mine Operations,Maintain Standard Production Schedule,93.9,0
2024-12-14,Balaghat Central Mine,5.4,23.0,18.4,69.9,3,1500,5000,18500,FLEET_BREAKDOWN,Haul Truck & Shovel Mechanical Failure,Reallocate Backup Fleet & Deploy Mobile Mechanics,96.6,14800
2024-12-14,Mansar West Mine,5.4,23.0,18.4,69.9,3,1500,5000,18500,FLEET_BREAKDOWN,Haul Truck & Shovel Mechanical Failure,Reallocate Backup Fleet & Deploy Mobile Mechanics,95.0,14800
2024-12-14,Dongri Buzurg Mine,5.4,23.0,18.4,69.9,3,1500,5000,18500,FLEET_BREAKDOWN,Haul Truck & Shovel Mechanical Failure,Reallocate Backup Fleet & Deploy Mobile Mechanics,87.9,14800
2024-12-14,Ukwa East Mine,5.4,23.0,18.4,69.9,3,1500,5000,18500,FLEET_BREAKDOWN,Haul Truck & Shovel Mechanical Failure,Reallocate Backup Fleet & Deploy Mobile Mechanics,90.2,14800
2024-12-15,Balaghat Central Mine,2.8,24.0,17.6,80.7,1,1500,15000,0,NORMAL,Optimal Mine Operations,Maintain Standard Production Schedule,94.3,0
2024-12-15,Mansar West Mine,2.8,24.0,17.6,80.7,1,1500,15000,0,NORMAL,Optimal Mine Operations,Maintain Standard Production Schedule,92.2,0
2024-12-15,Dongri Buzurg Mine,2.8,24.0,17.6,80.7,1,1500,10895,4105,NORMAL,Optimal Mine Operations,Maintain Standard Production Schedule,97.5,4105
2024-12-15,Ukwa East Mine,2.8,24.0,17.6,80.7,1,1500,12056,2944,NORMAL,Optimal Mine Operations,Maintain Standard Production Schedule,93.2,2944
2024-12-16,Balaghat Central Mine,3.1,29.1,24.4,78.5,4,1500,12306,2694,NORMAL,Optimal Mine Operations,Maintain Standard Production Schedule,97.8,2694
2024-12-16,Mansar West Mine,3.1,29.1,24.4,78.5,4,1500,14658,342,NORMAL,Optimal Mine Operations,Maintain Standard Production Schedule,87.2,342
2024-12-16,Dongri Buzurg Mine,3.1,29.1,24.4,78.5,4,1500,11731,3269,NORMAL,Optimal Mine Operations,Maintain Standard Production Schedule,92.4,3269
2024-12-16,Ukwa East Mine,3.1,29.1,24.4,78.5,4,1500,14476,524,NORMAL,Optimal Mine Operations,Maintain Standard Production Schedule,96.1,524
2024-12-17,Balaghat Central Mine,9.0,31.8,25.0,59.5,4,1500,5000,18500,FLEET_BREAKDOWN,Haul Truck & Shovel Mechanical Failure,Reallocate Backup Fleet & Deploy Mobile Mechanics,97.0,14800
2024-12-17,Mansar West Mine,9.0,31.8,25.0,59.5,4,1500,5000,18500,FLEET_BREAKDOWN,Haul Truck & Shovel Mechanical Failure,Reallocate Backup Fleet & Deploy Mobile Mechanics,95.2,14800
2024-12-17,Dongri Buzurg Mine,9.0,31.8,25.0,59.5,4,1500,5000,18500,FLEET_BREAKDOWN,Haul Truck & Shovel Mechanical Failure,Reallocate Backup Fleet & Deploy Mobile Mechanics,93.1,14800
2024-12-17,Ukwa East Mine,9.0,31.8,25.0,59.5,4,1500,5000,18500,FLEET_BREAKDOWN,Haul Truck & Shovel Mechanical Failure,Reallocate Backup Fleet & Deploy Mobile Mechanics,94.2,14800
2024-12-18,Balaghat Central Mine,1.4,25.0,15.5,88.5,4,1500,13210,1790,NORMAL,Optimal Mine Operations,Maintain Standard Production Schedule,91.6,1790
2024-12-18,Mansar West Mine,1.4,25.0,15.5,88.5,4,1500,14464,536,NORMAL,Optimal Mine Operations,Maintain Standard Production Schedule,89.1,536
2024-12-18,Dongri Buzurg Mine,1.4,25.0,15.5,88.5,4,1500,15000,0,NORMAL,Optimal Mine Operations,Maintain Standard Production Schedule,93.6,0
2024-12-18,Ukwa East Mine,1.4,25.0,15.5,88.5,4,1500,14546,454,NORMAL,Optimal Mine Operations,Maintain Standard Production Schedule,91.1,454
2024-12-19,Balaghat Central Mine,2.9,20.8,33.4,58.8,2,1500,5000,18500,FLEET_BREAKDOWN,Haul Truck & Shovel Mechanical Failure,Reallocate Backup Fleet & Deploy Mobile Mechanics,95.9,14800
2024-12-19,Mansar West Mine,2.9,20.8,33.4,58.8,2,1500,5000,18500,FLEET_BREAKDOWN,Haul Truck & Shovel Mechanical Failure,Reallocate Backup Fleet & Deploy Mobile Mechanics,95.2,14800
2024-12-19,Dongri Buzurg Mine,2.9,20.8,33.4,58.8,2,1500,5000,18500,FLEET_BREAKDOWN,Haul Truck & Shovel Mechanical Failure,Reallocate Backup Fleet & Deploy Mobile Mechanics,91.2,14800
2024-12-19,Ukwa East Mine,2.9,20.8,33.4,58.8,2,1500,5000,18500,FLEET_BREAKDOWN,Haul Truck & Shovel Mechanical Failure,Reallocate Backup Fleet & Deploy Mobile Mechanics,97.9,14800
2024-12-20,Balaghat Central Mine,12.4,26.3,24.6,82.0,4,1500,15000,0,NORMAL,Optimal Mine Operations,Maintain Standard Production Schedule,94.9,0
2024-12-20,Mansar West Mine,12.4,26.3,24.6,82.0,4,1500,14703,297,NORMAL,Optimal Mine Operations,Maintain Standard Production Schedule,93.3,297
2024-12-20,Dongri Buzurg Mine,12.4,26.3,24.6,82.0,4,1500,13548,1452,NORMAL,Optimal Mine Operations,Maintain Standard Production Schedule,96.1,1452
2024-12-20,Ukwa East Mine,12.4,26.3,24.6,82.0,4,1500,15000,0,NORMAL,Optimal Mine Operations,Maintain Standard Production Schedule,91.6,0
2024-12-21,Balaghat Central Mine,19.6,26.9,35.7,65.0,1,1500,5000,18500,FLEET_BREAKDOWN,Haul Truck & Shovel Mechanical Failure,Reallocate Backup Fleet & Deploy Mobile Mechanics,97.4,14800
2024-12-21,Mansar West Mine,19.6,26.9,35.7,65.0,1,1500,5000,18500,FLEET_BREAKDOWN,Haul Truck & Shovel Mechanical Failure,Reallocate Backup Fleet & Deploy Mobile Mechanics,91.5,14800
2024-12-21,Dongri Buzurg Mine,19.6,26.9,35.7,65.0,1,1500,5000,18500,FLEET_BREAKDOWN,Haul Truck & Shovel Mechanical Failure,Reallocate Backup Fleet & Deploy Mobile Mechanics,96.8,14800
2024-12-21,Ukwa East Mine,19.6,26.9,35.7,65.0,1,1500,5000,18500,FLEET_BREAKDOWN,Haul Truck & Shovel Mechanical Failure,Reallocate Backup Fleet & Deploy Mobile Mechanics,88.4,14800
2024-12-22,Balaghat Central Mine,4.5,22.3,32.4,88.1,1,1500,14701,299,NORMAL,Optimal Mine Operations,Maintain Standard Production Schedule,89.7,299
2024-12-22,Mansar West Mine,4.5,22.3,32.4,88.1,1,1500,15000,0,NORMAL,Optimal Mine Operations,Maintain Standard Production Schedule,92.1,0
2024-12-22,Dongri Buzurg Mine,4.5,22.3,32.4,88.1,1,1500,15000,0,NORMAL,Optimal Mine Operations,Maintain Standard Production Schedule,97.8,0
2024-12-22,Ukwa East Mine,4.5,22.3,32.4,88.1,1,1500,13805,1195,NORMAL,Optimal Mine Operations,Maintain Standard Production Schedule,87.4,1195
2024-12-23,Balaghat Central Mine,19.1,25.6,42.6,55.8,2,1500,5000,18500,FLEET_BREAKDOWN,Haul Truck & Shovel Mechanical Failure,Reallocate Backup Fleet & Deploy Mobile Mechanics,89.7,14800
2024-12-23,Mansar West Mine,19.1,25.6,42.6,55.8,2,1500,5000,18500,FLEET_BREAKDOWN,Haul Truck & Shovel Mechanical Failure,Reallocate Backup Fleet & Deploy Mobile Mechanics,92.1,14800
2024-12-23,Dongri Buzurg Mine,19.1,25.6,42.6,55.8,2,1500,5000,18500,FLEET_BREAKDOWN,Haul Truck & Shovel Mechanical Failure,Reallocate Backup Fleet & Deploy Mobile Mechanics,85.3,14800
2024-12-23,Ukwa East Mine,19.1,25.6,42.6,55.8,2,1500,5000,18500,FLEET_BREAKDOWN,Haul Truck & Shovel Mechanical Failure,Reallocate Backup Fleet & Deploy Mobile Mechanics,86.9,14800
2024-12-24,Balaghat Central Mine,4.0,30.1,32.5,91.9,5,1500,15000,0,NORMAL,Optimal Mine Operations,Maintain Standard Production Schedule,88.8,0
2024-12-24,Mansar West Mine,4.0,30.1,32.5,91.9,5,1500,15000,0,NORMAL,Optimal Mine Operations,Maintain Standard Production Schedule,96.0,0
2024-12-24,Dongri Buzurg Mine,4.0,30.1,32.5,91.9,5,1500,15000,0,NORMAL,Optimal Mine Operations,Maintain Standard Production Schedule,92.2,0
2024-12-24,Ukwa East Mine,4.0,30.1,32.5,91.9,5,1500,15000,0,NORMAL,Optimal Mine Operations,Maintain Standard Production Schedule,92.5,0
2024-12-25,Balaghat Central Mine,2.6,23.9,42.0,91.7,4,1500,14362,638,NORMAL,Optimal Mine Operations,Maintain Standard Production Schedule,88.3,638
2024-12-25,Mansar West Mine,2.6,23.9,42.0,91.7,4,1500,15000,0,NORMAL,Optimal Mine Operations,Maintain Standard Production Schedule,95.0,0
2024-12-25,Dongri Buzurg Mine,2.6,23.9,42.0,91.7,4,1500,15000,0,NORMAL,Optimal Mine Operations,Maintain Standard Production Schedule,96.8,0
2024-12-25,Ukwa East Mine,2.6,23.9,42.0,91.7,4,1500,9902,5098,NORMAL,Optimal Mine Operations,Maintain Standard Production Schedule,89.2,5098
2024-12-26,Balaghat Central Mine,6.7,31.2,37.6,74.6,2,1500,5000,18500,FLEET_BREAKDOWN,Haul Truck & Shovel Mechanical Failure,Reallocate Backup Fleet & Deploy Mobile Mechanics,92.5,14800
2024-12-26,Mansar West Mine,6.7,31.2,37.6,74.6,2,1500,5000,18500,FLEET_BREAKDOWN,Haul Truck & Shovel Mechanical Failure,Reallocate Backup Fleet & Deploy Mobile Mechanics,87.6,14800
2024-12-26,Dongri Buzurg Mine,6.7,31.2,37.6,74.6,2,1500,5000,18500,FLEET_BREAKDOWN,Haul Truck & Shovel Mechanical Failure,Reallocate Backup Fleet & Deploy Mobile Mechanics,93.7,14800
2024-12-26,Ukwa East Mine,6.7,31.2,37.6,74.6,2,1500,5000,18500,FLEET_BREAKDOWN,Haul Truck & Shovel Mechanical Failure,Reallocate Backup Fleet & Deploy Mobile Mechanics,94.1,14800
2024-12-27,Balaghat Central Mine,6.8,27.3,15.7,63.8,5,1500,5000,18500,FLEET_BREAKDOWN,Haul Truck & Shovel Mechanical Failure,Reallocate Backup Fleet & Deploy Mobile Mechanics,91.0,14800
2024-12-27,Mansar West Mine,6.8,27.3,15.7,63.8,5,1500,5000,18500,FLEET_BREAKDOWN,Haul Truck & Shovel Mechanical Failure,Reallocate Backup Fleet & Deploy Mobile Mechanics,93.1,14800
2024-12-27,Dongri Buzurg Mine,6.8,27.3,15.7,63.8,5,1500,5000,18500,FLEET_BREAKDOWN,Haul Truck & Shovel Mechanical Failure,Reallocate Backup Fleet & Deploy Mobile Mechanics,85.7,14800
2024-12-27,Ukwa East Mine,6.8,27.3,15.7,63.8,5,1500,5000,18500,FLEET_BREAKDOWN,Haul Truck & Shovel Mechanical Failure,Reallocate Backup Fleet & Deploy Mobile Mechanics,85.4,14800
2024-12-28,Balaghat Central Mine,0.7,27.3,19.5,87.7,4,1500,15000,0,NORMAL,Optimal Mine Operations,Maintain Standard Production Schedule,86.6,0
2024-12-28,Mansar West Mine,0.7,27.3,19.5,87.7,4,1500,15000,0,NORMAL,Optimal Mine Operations,Maintain Standard Production Schedule,86.0,0
2024-12-28,Dongri Buzurg Mine,0.7,27.3,19.5,87.7,4,1500,13944,1056,NORMAL,Optimal Mine Operations,Maintain Standard Production Schedule,85.7,1056
2024-12-28,Ukwa East Mine,0.7,27.3,19.5,87.7,4,1500,12779,2221,NORMAL,Optimal Mine Operations,Maintain Standard Production Schedule,92.5,2221
2024-12-29,Balaghat Central Mine,14.6,27.5,34.1,59.9,5,1500,5000,18500,FLEET_BREAKDOWN,Haul Truck & Shovel Mechanical Failure,Reallocate Backup Fleet & Deploy Mobile Mechanics,90.5,14800
2024-12-29,Mansar West Mine,14.6,27.5,34.1,59.9,5,1500,5000,18500,FLEET_BREAKDOWN,Haul Truck & Shovel Mechanical Failure,Reallocate Backup Fleet & Deploy Mobile Mechanics,93.4,14800
2024-12-29,Dongri Buzurg Mine,14.6,27.5,34.1,59.9,5,1500,5000,18500,FLEET_BREAKDOWN,Haul Truck & Shovel Mechanical Failure,Reallocate Backup Fleet & Deploy Mobile Mechanics,95.5,14800
2024-12-29,Ukwa East Mine,14.6,27.5,34.1,59.9,5,1500,5000,18500,FLEET_BREAKDOWN,Haul Truck & Shovel Mechanical Failure,Reallocate Backup Fleet & Deploy Mobile Mechanics,91.2,14800
2024-12-30,Balaghat Central Mine,11.2,22.9,18.6,61.4,3,1500,5000,18500,FLEET_BREAKDOWN,Haul Truck & Shovel Mechanical Failure,Reallocate Backup Fleet & Deploy Mobile Mechanics,87.9,14800
2024-12-30,Mansar West Mine,11.2,22.9,18.6,61.4,3,1500,5000,18500,FLEET_BREAKDOWN,Haul Truck & Shovel Mechanical Failure,Reallocate Backup Fleet & Deploy Mobile Mechanics,94.0,14800
2024-12-30,Dongri Buzurg Mine,11.2,22.9,18.6,61.4,3,1500,5000,18500,FLEET_BREAKDOWN,Haul Truck & Shovel Mechanical Failure,Reallocate Backup Fleet & Deploy Mobile Mechanics,86.3,14800
2024-12-30,Ukwa East Mine,11.2,22.9,18.6,61.4,3,1500,5000,18500,FLEET_BREAKDOWN,Haul Truck & Shovel Mechanical Failure,Reallocate Backup Fleet & Deploy Mobile Mechanics,95.1,14800
2024-12-31,Balaghat Central Mine,0.3,24.3,21.2,74.0,4,1500,5000,18500,FLEET_BREAKDOWN,Haul Truck & Shovel Mechanical Failure,Reallocate Backup Fleet & Deploy Mobile Mechanics,94.6,14800
2024-12-31,Mansar West Mine,0.3,24.3,21.2,74.0,4,1500,5000,18500,FLEET_BREAKDOWN,Haul Truck & Shovel Mechanical Failure,Reallocate Backup Fleet & Deploy Mobile Mechanics,92.5,14800
2024-12-31,Dongri Buzurg Mine,0.3,24.3,21.2,74.0,4,1500,5000,18500,FLEET_BREAKDOWN,Haul Truck & Shovel Mechanical Failure,Reallocate Backup Fleet & Deploy Mobile Mechanics,91.2,14800
2024-12-31,Ukwa East Mine,0.3,24.3,21.2,74.0,4,1500,5000,18500,FLEET_BREAKDOWN,Haul Truck & Shovel Mechanical Failure,Reallocate Backup Fleet & Deploy Mobile Mechanics,93.5,14800
2025-01-01,Balaghat Central Mine,12.7,27.4,24.0,66.6,4,1500,5000,18500,FLEET_BREAKDOWN,Haul Truck & Shovel Mechanical Failure,Reallocate Backup Fleet & Deploy Mobile Mechanics,86.4,14800
2025-01-01,Mansar West Mine,12.7,27.4,24.0,66.6,4,1500,5000,18500,FLEET_BREAKDOWN,Haul Truck & Shovel Mechanical Failure,Reallocate Backup Fleet & Deploy Mobile Mechanics,85.3,14800
2025-01-01,Dongri Buzurg Mine,12.7,27.4,24.0,66.6,4,1500,5000,18500,FLEET_BREAKDOWN,Haul Truck & Shovel Mechanical Failure,Reallocate Backup Fleet & Deploy Mobile Mechanics,89.5,14800
2025-01-01,Ukwa East Mine,12.7,27.4,24.0,66.6,4,1500,5000,18500,FLEET_BREAKDOWN,Haul Truck & Shovel Mechanical Failure,Reallocate Backup Fleet & Deploy Mobile Mechanics,92.2,14800
2025-01-02,Balaghat Central Mine,12.3,27.3,42.3,80.2,1,1500,15000,0,NORMAL,Optimal Mine Operations,Maintain Standard Production Schedule,90.9,0
2025-01-02,Mansar West Mine,12.3,27.3,42.3,80.2,1,1500,14646,354,NORMAL,Optimal Mine Operations,Maintain Standard Production Schedule,91.1,354
2025-01-02,Dongri Buzurg Mine,12.3,27.3,42.3,80.2,1,1500,12750,2250,NORMAL,Optimal Mine Operations,Maintain Standard Production Schedule,85.4,2250
2025-01-02,Ukwa East Mine,12.3,27.3,42.3,80.2,1,1500,15000,0,NORMAL,Optimal Mine Operations,Maintain Standard Production Schedule,93.7,0
2025-01-03,Balaghat Central Mine,4.7,22.3,42.7,67.0,3,1500,5000,18500,FLEET_BREAKDOWN,Haul Truck & Shovel Mechanical Failure,Reallocate Backup Fleet & Deploy Mobile Mechanics,94.4,14800
2025-01-03,Mansar West Mine,4.7,22.3,42.7,67.0,3,1500,5000,18500,FLEET_BREAKDOWN,Haul Truck & Shovel Mechanical Failure,Reallocate Backup Fleet & Deploy Mobile Mechanics,86.5,14800
2025-01-03,Dongri Buzurg Mine,4.7,22.3,42.7,67.0,3,1500,5000,18500,FLEET_BREAKDOWN,Haul Truck & Shovel Mechanical Failure,Reallocate Backup Fleet & Deploy Mobile Mechanics,87.9,14800
2025-01-03,Ukwa East Mine,4.7,22.3,42.7,67.0,3,1500,5000,18500,FLEET_BREAKDOWN,Haul Truck & Shovel Mechanical Failure,Reallocate Backup Fleet & Deploy Mobile Mechanics,90.2,14800
2025-01-04,Balaghat Central Mine,3.5,23.8,28.6,97.9,2,1500,15000,0,NORMAL,Optimal Mine Operations,Maintain Standard Production Schedule,89.8,0
2025-01-04,Mansar West Mine,3.5,23.8,28.6,97.9,2,1500,12899,2101,NORMAL,Optimal Mine Operations,Maintain Standard Production Schedule,86.7,2101
2025-01-04,Dongri Buzurg Mine,3.5,23.8,28.6,97.9,2,1500,15000,0,NORMAL,Optimal Mine Operations,Maintain Standard Production Schedule,91.7,0
2025-01-04,Ukwa East Mine,3.5,23.8,28.6,97.9,2,1500,15000,0,NORMAL,Optimal Mine Operations,Maintain Standard Production Schedule,90.8,0
2025-01-05,Balaghat Central Mine,5.1,21.8,40.3,85.1,4,1500,15000,0,NORMAL,Optimal Mine Operations,Maintain Standard Production Schedule,93.8,0
2025-01-05,Mansar West Mine,5.1,21.8,40.3,85.1,4,1500,9340,5660,NORMAL,Optimal Mine Operations,Maintain Standard Production Schedule,87.0,5660
2025-01-05,Dongri Buzurg Mine,5.1,21.8,40.3,85.1,4,1500,9471,5529,NORMAL,Optimal Mine Operations,Maintain Standard Production Schedule,96.8,5529
2025-01-05,Ukwa East Mine,5.1,21.8,40.3,85.1,4,1500,15000,0,NORMAL,Optimal Mine Operations,Maintain Standard Production Schedule,88.2,0
2025-01-06,Balaghat Central Mine,6.5,31.6,33.9,93.5,3,1500,11201,3799,NORMAL,Optimal Mine Operations,Maintain Standard Production Schedule,95.7,3799
2025-01-06,Mansar West Mine,6.5,31.6,33.9,93.5,3,1500,13453,1547,NORMAL,Optimal Mine Operations,Maintain Standard Production Schedule,91.1,1547
2025-01-06,Dongri Buzurg Mine,6.5,31.6,33.9,93.5,3,1500,15000,0,NORMAL,Optimal Mine Operations,Maintain Standard Production Schedule,94.1,0
2025-01-06,Ukwa East Mine,6.5,31.6,33.9,93.5,3,1500,10639,4361,NORMAL,Optimal Mine Operations,Maintain Standard Production Schedule,88.8,4361
2025-01-07,Balaghat Central Mine,6.6,24.0,43.6,87.8,1,1500,15000,0,NORMAL,Optimal Mine Operations,Maintain Standard Production Schedule,90.9,0
2025-01-07,Mansar West Mine,6.6,24.0,43.6,87.8,1,1500,12083,2917,NORMAL,Optimal Mine Operations,Maintain Standard Production Schedule,87.8,2917
2025-01-07,Dongri Buzurg Mine,6.6,24.0,43.6,87.8,1,1500,14083,917,NORMAL,Optimal Mine Operations,Maintain Standard Production Schedule,96.9,917
2025-01-07,Ukwa East Mine,6.6,24.0,43.6,87.8,1,1500,15000,0,NORMAL,Optimal Mine Operations,Maintain Standard Production Schedule,86.9,0
2025-01-08,Balaghat Central Mine,2.0,20.8,23.6,70.1,2,1500,5000,18500,FLEET_BREAKDOWN,Haul Truck & Shovel Mechanical Failure,Reallocate Backup Fleet & Deploy Mobile Mechanics,89.7,14800
2025-01-08,Mansar West Mine,2.0,20.8,23.6,70.1,2,1500,5000,18500,FLEET_BREAKDOWN,Haul Truck & Shovel Mechanical Failure,Reallocate Backup Fleet & Deploy Mobile Mechanics,94.3,14800
2025-01-08,Dongri Buzurg Mine,2.0,20.8,23.6,70.1,2,1500,5000,18500,FLEET_BREAKDOWN,Haul Truck & Shovel Mechanical Failure,Reallocate Backup Fleet & Deploy Mobile Mechanics,87.5,14800
2025-01-08,Ukwa East Mine,2.0,20.8,23.6,70.1,2,1500,5000,18500,FLEET_BREAKDOWN,Haul Truck & Shovel Mechanical Failure,Reallocate Backup Fleet & Deploy Mobile Mechanics,89.4,14800
2025-01-09,Balaghat Central Mine,19.8,24.4,35.9,73.0,5,1500,5000,18500,FLEET_BREAKDOWN,Haul Truck & Shovel Mechanical Failure,Reallocate Backup Fleet & Deploy Mobile Mechanics,97.9,14800
2025-01-09,Mansar West Mine,19.8,24.4,35.9,73.0,5,1500,5000,18500,FLEET_BREAKDOWN,Haul Truck & Shovel Mechanical Failure,Reallocate Backup Fleet & Deploy Mobile Mechanics,95.5,14800
2025-01-09,Dongri Buzurg Mine,19.8,24.4,35.9,73.0,5,1500,5000,18500,FLEET_BREAKDOWN,Haul Truck & Shovel Mechanical Failure,Reallocate Backup Fleet & Deploy Mobile Mechanics,96.0,14800
2025-01-09,Ukwa East Mine,19.8,24.4,35.9,73.0,5,1500,5000,18500,FLEET_BREAKDOWN,Haul Truck & Shovel Mechanical Failure,Reallocate Backup Fleet & Deploy Mobile Mechanics,89.7,14800
2025-01-10,Balaghat Central Mine,18.3,27.6,40.7,80.2,1,1500,9492,5508,NORMAL,Optimal Mine Operations,Maintain Standard Production Schedule,87.1,5508
2025-01-10,Mansar West Mine,18.3,27.6,40.7,80.2,1,1500,15000,0,NORMAL,Optimal Mine Operations,Maintain Standard Production Schedule,89.9,0
2025-01-10,Dongri Buzurg Mine,18.3,27.6,40.7,80.2,1,1500,13904,1096,NORMAL,Optimal Mine Operations,Maintain Standard Production Schedule,94.2,1096
2025-01-10,Ukwa East Mine,18.3,27.6,40.7,80.2,1,1500,15000,0,NORMAL,Optimal Mine Operations,Maintain Standard Production Schedule,89.8,0
2025-01-11,Balaghat Central Mine,11.5,20.2,40.8,75.1,2,1500,15000,0,NORMAL,Optimal Mine Operations,Maintain Standard Production Schedule,85.7,0
2025-01-11,Mansar West Mine,11.5,20.2,40.8,75.1,2,1500,13985,1015,NORMAL,Optimal Mine Operations,Maintain Standard Production Schedule,88.0,1015
2025-01-11,Dongri Buzurg Mine,11.5,20.2,40.8,75.1,2,1500,15000,0,NORMAL,Optimal Mine Operations,Maintain Standard Production Schedule,91.4,0
2025-01-11,Ukwa East Mine,11.5,20.2,40.8,75.1,2,1500,15000,0,NORMAL,Optimal Mine Operations,Maintain Standard Production Schedule,92.2,0
2025-01-12,Balaghat Central Mine,12.8,20.6,19.6,86.9,2,1500,15000,0,NORMAL,Optimal Mine Operations,Maintain Standard Production Schedule,90.9,0
2025-01-12,Mansar West Mine,12.8,20.6,19.6,86.9,2,1500,15000,0,NORMAL,Optimal Mine Operations,Maintain Standard Production Schedule,86.7,0
2025-01-12,Dongri Buzurg Mine,12.8,20.6,19.6,86.9,2,1500,15000,0,NORMAL,Optimal Mine Operations,Maintain Standard Production Schedule,87.5,0
2025-01-12,Ukwa East Mine,12.8,20.6,19.6,86.9,2,1500,15000,0,NORMAL,Optimal Mine Operations,Maintain Standard Production Schedule,93.8,0
2025-01-13,Balaghat Central Mine,5.1,31.8,38.3,82.1,2,1500,10641,4359,NORMAL,Optimal Mine Operations,Maintain Standard Production Schedule,89.9,4359
2025-01-13,Mansar West Mine,5.1,31.8,38.3,82.1,2,1500,14543,457,NORMAL,Optimal Mine Operations,Maintain Standard Production Schedule,90.4,457
2025-01-13,Dongri Buzurg Mine,5.1,31.8,38.3,82.1,2,1500,12985,2015,NORMAL,Optimal Mine Operations,Maintain Standard Production Schedule,89.3,2015
2025-01-13,Ukwa East Mine,5.1,31.8,38.3,82.1,2,1500,15000,0,NORMAL,Optimal Mine Operations,Maintain Standard Production Schedule,86.5,0
2025-01-14,Balaghat Central Mine,3.8,24.6,24.5,72.3,1,1500,5000,18500,FLEET_BREAKDOWN,Haul Truck & Shovel Mechanical Failure,Reallocate Backup Fleet & Deploy Mobile Mechanics,90.3,14800
2025-01-14,Mansar West Mine,3.8,24.6,24.5,72.3,1,1500,5000,18500,FLEET_BREAKDOWN,Haul Truck & Shovel Mechanical Failure,Reallocate Backup Fleet & Deploy Mobile Mechanics,89.8,14800
2025-01-14,Dongri Buzurg Mine,3.8,24.6,24.5,72.3,1,1500,5000,18500,FLEET_BREAKDOWN,Haul Truck & Shovel Mechanical Failure,Reallocate Backup Fleet & Deploy Mobile Mechanics,95.4,14800
2025-01-14,Ukwa East Mine,3.8,24.6,24.5,72.3,1,1500,5000,18500,FLEET_BREAKDOWN,Haul Truck & Shovel Mechanical Failure,Reallocate Backup Fleet & Deploy Mobile Mechanics,97.2,14800
2025-01-15,Balaghat Central Mine,7.3,21.1,31.8,63.9,4,1500,5000,18500,FLEET_BREAKDOWN,Haul Truck & Shovel Mechanical Failure,Reallocate Backup Fleet & Deploy Mobile Mechanics,95.6,14800
2025-01-15,Mansar West Mine,7.3,21.1,31.8,63.9,4,1500,5000,18500,FLEET_BREAKDOWN,Haul Truck & Shovel Mechanical Failure,Reallocate Backup Fleet & Deploy Mobile Mechanics,88.9,14800
2025-01-15,Dongri Buzurg Mine,7.3,21.1,31.8,63.9,4,1500,5000,18500,FLEET_BREAKDOWN,Haul Truck & Shovel Mechanical Failure,Reallocate Backup Fleet & Deploy Mobile Mechanics,90.1,14800
2025-01-15,Ukwa East Mine,7.3,21.1,31.8,63.9,4,1500,5000,18500,FLEET_BREAKDOWN,Haul Truck & Shovel Mechanical Failure,Reallocate Backup Fleet & Deploy Mobile Mechanics,96.4,14800
2025-01-16,Balaghat Central Mine,10.9,26.1,37.1,67.6,3,1500,5000,18500,FLEET_BREAKDOWN,Haul Truck & Shovel Mechanical Failure,Reallocate Backup Fleet & Deploy Mobile Mechanics,88.1,14800
2025-01-16,Mansar West Mine,10.9,26.1,37.1,67.6,3,1500,5000,18500,FLEET_BREAKDOWN,Haul Truck & Shovel Mechanical Failure,Reallocate Backup Fleet & Deploy Mobile Mechanics,92.0,14800
2025-01-16,Dongri Buzurg Mine,10.9,26.1,37.1,67.6,3,1500,5000,18500,FLEET_BREAKDOWN,Haul Truck & Shovel Mechanical Failure,Reallocate Backup Fleet & Deploy Mobile Mechanics,96.5,14800
2025-01-16,Ukwa East Mine,10.9,26.1,37.1,67.6,3,1500,5000,18500,FLEET_BREAKDOWN,Haul Truck & Shovel Mechanical Failure,Reallocate Backup Fleet & Deploy Mobile Mechanics,88.6,14800
2025-01-17,Balaghat Central Mine,4.8,25.8,25.2,64.8,3,1500,5000,18500,FLEET_BREAKDOWN,Haul Truck & Shovel Mechanical Failure,Reallocate Backup Fleet & Deploy Mobile Mechanics,90.9,14800
2025-01-17,Mansar West Mine,4.8,25.8,25.2,64.8,3,1500,5000,18500,FLEET_BREAKDOWN,Haul Truck & Shovel Mechanical Failure,Reallocate Backup Fleet & Deploy Mobile Mechanics,94.0,14800
2025-01-17,Dongri Buzurg Mine,4.8,25.8,25.2,64.8,3,1500,5000,18500,FLEET_BREAKDOWN,Haul Truck & Shovel Mechanical Failure,Reallocate Backup Fleet & Deploy Mobile Mechanics,97.4,14800
2025-01-17,Ukwa East Mine,4.8,25.8,25.2,64.8,3,1500,5000,18500,FLEET_BREAKDOWN,Haul Truck & Shovel Mechanical Failure,Reallocate Backup Fleet & Deploy Mobile Mechanics,90.2,14800
2025-01-18,Balaghat Central Mine,11.0,22.6,27.5,86.6,2,1500,10469,4531,NORMAL,Optimal Mine Operations,Maintain Standard Production Schedule,91.1,4531
2025-01-18,Mansar West Mine,11.0,22.6,27.5,86.6,2,1500,11636,3364,NORMAL,Optimal Mine Operations,Maintain Standard Production Schedule,87.4,3364
2025-01-18,Dongri Buzurg Mine,11.0,22.6,27.5,86.6,2,1500,15000,0,NORMAL,Optimal Mine Operations,Maintain Standard Production Schedule,95.1,0
2025-01-18,Ukwa East Mine,11.0,22.6,27.5,86.6,2,1500,15000,0,NORMAL,Optimal Mine Operations,Maintain Standard Production Schedule,93.3,0
2025-01-19,Balaghat Central Mine,19.9,20.3,24.1,57.4,5,1500,5000,18500,FLEET_BREAKDOWN,Haul Truck & Shovel Mechanical Failure,Reallocate Backup Fleet & Deploy Mobile Mechanics,90.4,14800
2025-01-19,Mansar West Mine,19.9,20.3,24.1,57.4,5,1500,5000,18500,FLEET_BREAKDOWN,Haul Truck & Shovel Mechanical Failure,Reallocate Backup Fleet & Deploy Mobile Mechanics,95.9,14800
2025-01-19,Dongri Buzurg Mine,19.9,20.3,24.1,57.4,5,1500,5000,18500,FLEET_BREAKDOWN,Haul Truck & Shovel Mechanical Failure,Reallocate Backup Fleet & Deploy Mobile Mechanics,89.1,14800
2025-01-19,Ukwa East Mine,19.9,20.3,24.1,57.4,5,1500,5000,18500,FLEET_BREAKDOWN,Haul Truck & Shovel Mechanical Failure,Reallocate Backup Fleet & Deploy Mobile Mechanics,97.6,14800
2025-01-20,Balaghat Central Mine,6.3,29.5,36.8,91.5,1,1500,15000,0,NORMAL,Optimal Mine Operations,Maintain Standard Production Schedule,91.7,0
2025-01-20,Mansar West Mine,6.3,29.5,36.8,91.5,1,1500,10956,4044,NORMAL,Optimal Mine Operations,Maintain Standard Production Schedule,86.1,4044
2025-01-20,Dongri Buzurg Mine,6.3,29.5,36.8,91.5,1,1500,12236,2764,NORMAL,Optimal Mine Operations,Maintain Standard Production Schedule,93.9,2764
2025-01-20,Ukwa East Mine,6.3,29.5,36.8,91.5,1,1500,15000,0,NORMAL,Optimal Mine Operations,Maintain Standard Production Schedule,90.5,0
2025-01-21,Balaghat Central Mine,11.5,24.0,31.4,85.7,5,1500,15000,0,NORMAL,Optimal Mine Operations,Maintain Standard Production Schedule,86.9,0
2025-01-21,Mansar West Mine,11.5,24.0,31.4,85.7,5,1500,15000,0,NORMAL,Optimal Mine Operations,Maintain Standard Production Schedule,96.4,0
2025-01-21,Dongri Buzurg Mine,11.5,24.0,31.4,85.7,5,1500,15000,0,NORMAL,Optimal Mine Operations,Maintain Standard Production Schedule,89.5,0
2025-01-21,Ukwa East Mine,11.5,24.0,31.4,85.7,5,1500,15000,0,NORMAL,Optimal Mine Operations,Maintain Standard Production Schedule,97.8,0
2025-01-22,Balaghat Central Mine,5.6,22.2,22.6,93.3,2,1500,10740,4260,NORMAL,Optimal Mine Operations,Maintain Standard Production Schedule,86.2,4260
2025-01-22,Mansar West Mine,5.6,22.2,22.6,93.3,2,1500,12420,2580,NORMAL,Optimal Mine Operations,Maintain Standard Production Schedule,97.7,2580
2025-01-22,Dongri Buzurg Mine,5.6,22.2,22.6,93.3,2,1500,10280,4720,NORMAL,Optimal Mine Operations,Maintain Standard Production Schedule,94.1,4720
2025-01-22,Ukwa East Mine,5.6,22.2,22.6,93.3,2,1500,15000,0,NORMAL,Optimal Mine Operations,Maintain Standard Production Schedule,96.7,0
2025-01-23,Balaghat Central Mine,0.1,20.5,19.7,91.7,2,1500,15000,0,NORMAL,Optimal Mine Operations,Maintain Standard Production Schedule,90.0,0
2025-01-23,Mansar West Mine,0.1,20.5,19.7,91.7,2,1500,15000,0,NORMAL,Optimal Mine Operations,Maintain Standard Production Schedule,86.5,0
2025-01-23,Dongri Buzurg Mine,0.1,20.5,19.7,91.7,2,1500,15000,0,NORMAL,Optimal Mine Operations,Maintain Standard Production Schedule,85.8,0
2025-01-23,Ukwa East Mine,0.1,20.5,19.7,91.7,2,1500,15000,0,NORMAL,Optimal Mine Operations,Maintain Standard Production Schedule,96.2,0
2025-01-24,Balaghat Central Mine,18.5,28.4,36.6,71.1,3,1500,5000,18500,FLEET_BREAKDOWN,Haul Truck & Shovel Mechanical Failure,Reallocate Backup Fleet & Deploy Mobile Mechanics,91.4,14800
2025-01-24,Mansar West Mine,18.5,28.4,36.6,71.1,3,1500,5000,18500,FLEET_BREAKDOWN,Haul Truck & Shovel Mechanical Failure,Reallocate Backup Fleet & Deploy Mobile Mechanics,93.9,14800
2025-01-24,Dongri Buzurg Mine,18.5,28.4,36.6,71.1,3,1500,5000,18500,FLEET_BREAKDOWN,Haul Truck & Shovel Mechanical Failure,Reallocate Backup Fleet & Deploy Mobile Mechanics,90.3,14800
2025-01-24,Ukwa East Mine,18.5,28.4,36.6,71.1,3,1500,5000,18500,FLEET_BREAKDOWN,Haul Truck & Shovel Mechanical Failure,Reallocate Backup Fleet & Deploy Mobile Mechanics,95.1,14800
2025-01-25,Balaghat Central Mine,18.5,29.7,26.3,63.5,1,1500,5000,18500,FLEET_BREAKDOWN,Haul Truck & Shovel Mechanical Failure,Reallocate Backup Fleet & Deploy Mobile Mechanics,85.5,14800
2025-01-25,Mansar West Mine,18.5,29.7,26.3,63.5,1,1500,5000,18500,FLEET_BREAKDOWN,Haul Truck & Shovel Mechanical Failure,Reallocate Backup Fleet & Deploy Mobile Mechanics,89.2,14800
2025-01-25,Dongri Buzurg Mine,18.5,29.7,26.3,63.5,1,1500,5000,18500,FLEET_BREAKDOWN,Haul Truck & Shovel Mechanical Failure,Reallocate Backup Fleet & Deploy Mobile Mechanics,87.7,14800
2025-01-25,Ukwa East Mine,18.5,29.7,26.3,63.5,1,1500,5000,18500,FLEET_BREAKDOWN,Haul Truck & Shovel Mechanical Failure,Reallocate Backup Fleet & Deploy Mobile Mechanics,90.5,14800
2025-01-26,Balaghat Central Mine,16.5,31.6,16.8,61.8,3,1500,5000,18500,FLEET_BREAKDOWN,Haul Truck & Shovel Mechanical Failure,Reallocate Backup Fleet & Deploy Mobile Mechanics,89.5,14800
2025-01-26,Mansar West Mine,16.5,31.6,16.8,61.8,3,1500,5000,18500,FLEET_BREAKDOWN,Haul Truck & Shovel Mechanical Failure,Reallocate Backup Fleet & Deploy Mobile Mechanics,85.5,14800
2025-01-26,Dongri Buzurg Mine,16.5,31.6,16.8,61.8,3,1500,5000,18500,FLEET_BREAKDOWN,Haul Truck & Shovel Mechanical Failure,Reallocate Backup Fleet & Deploy Mobile Mechanics,91.9,14800
2025-01-26,Ukwa East Mine,16.5,31.6,16.8,61.8,3,1500,5000,18500,FLEET_BREAKDOWN,Haul Truck & Shovel Mechanical Failure,Reallocate Backup Fleet & Deploy Mobile Mechanics,86.4,14800
2025-01-27,Balaghat Central Mine,16.1,27.2,37.7,63.9,1,1500,5000,18500,FLEET_BREAKDOWN,Haul Truck & Shovel Mechanical Failure,Reallocate Backup Fleet & Deploy Mobile Mechanics,86.8,14800
2025-01-27,Mansar West Mine,16.1,27.2,37.7,63.9,1,1500,5000,18500,FLEET_BREAKDOWN,Haul Truck & Shovel Mechanical Failure,Reallocate Backup Fleet & Deploy Mobile Mechanics,86.1,14800
2025-01-27,Dongri Buzurg Mine,16.1,27.2,37.7,63.9,1,1500,5000,18500,FLEET_BREAKDOWN,Haul Truck & Shovel Mechanical Failure,Reallocate Backup Fleet & Deploy Mobile Mechanics,95.6,14800
2025-01-27,Ukwa East Mine,16.1,27.2,37.7,63.9,1,1500,5000,18500,FLEET_BREAKDOWN,Haul Truck & Shovel Mechanical Failure,Reallocate Backup Fleet & Deploy Mobile Mechanics,91.7,14800
2025-01-28,Balaghat Central Mine,12.2,27.0,16.3,94.8,1,1500,12949,2051,NORMAL,Optimal Mine Operations,Maintain Standard Production Schedule,93.7,2051
2025-01-28,Mansar West Mine,12.2,27.0,16.3,94.8,1,1500,15000,0,NORMAL,Optimal Mine Operations,Maintain Standard Production Schedule,88.4,0
2025-01-28,Dongri Buzurg Mine,12.2,27.0,16.3,94.8,1,1500,15000,0,NORMAL,Optimal Mine Operations,Maintain Standard Production Schedule,97.0,0
2025-01-28,Ukwa East Mine,12.2,27.0,16.3,94.8,1,1500,13091,1909,NORMAL,Optimal Mine Operations,Maintain Standard Production Schedule,95.1,1909
2025-01-29,Balaghat Central Mine,2.7,20.6,33.7,78.8,2,1500,8970,6030,NORMAL,Optimal Mine Operations,Maintain Standard Production Schedule,88.5,6030
2025-01-29,Mansar West Mine,2.7,20.6,33.7,78.8,2,1500,15000,0,NORMAL,Optimal Mine Operations,Maintain Standard Production Schedule,95.9,0
2025-01-29,Dongri Buzurg Mine,2.7,20.6,33.7,78.8,2,1500,15000,0,NORMAL,Optimal Mine Operations,Maintain Standard Production Schedule,91.8,0
2025-01-29,Ukwa East Mine,2.7,20.6,33.7,78.8,2,1500,15000,0,NORMAL,Optimal Mine Operations,Maintain Standard Production Schedule,87.8,0
2025-01-30,Balaghat Central Mine,0.2,21.3,15.4,80.4,4,1500,15000,0,NORMAL,Optimal Mine Operations,Maintain Standard Production Schedule,97.8,0
2025-01-30,Mansar West Mine,0.2,21.3,15.4,80.4,4,1500,15000,0,NORMAL,Optimal Mine Operations,Maintain Standard Production Schedule,90.9,0
2025-01-30,Dongri Buzurg Mine,0.2,21.3,15.4,80.4,4,1500,15000,0,NORMAL,Optimal Mine Operations,Maintain Standard Production Schedule,96.5,0
2025-01-30,Ukwa East Mine,0.2,21.3,15.4,80.4,4,1500,15000,0,NORMAL,Optimal Mine Operations,Maintain Standard Production Schedule,90.9,0
2025-01-31,Balaghat Central Mine,4.0,31.0,15.8,70.6,1,1500,5000,18500,FLEET_BREAKDOWN,Haul Truck & Shovel Mechanical Failure,Reallocate Backup Fleet & Deploy Mobile Mechanics,90.2,14800
2025-01-31,Mansar West Mine,4.0,31.0,15.8,70.6,1,1500,5000,18500,FLEET_BREAKDOWN,Haul Truck & Shovel Mechanical Failure,Reallocate Backup Fleet & Deploy Mobile Mechanics,89.5,14800
2025-01-31,Dongri Buzurg Mine,4.0,31.0,15.8,70.6,1,1500,5000,18500,FLEET_BREAKDOWN,Haul Truck & Shovel Mechanical Failure,Reallocate Backup Fleet & Deploy Mobile Mechanics,92.9,14800
2025-01-31,Ukwa East Mine,4.0,31.0,15.8,70.6,1,1500,5000,18500,FLEET_BREAKDOWN,Haul Truck & Shovel Mechanical Failure,Reallocate Backup Fleet & Deploy Mobile Mechanics,89.3,14800
2025-02-01,Balaghat Central Mine,9.7,20.6,20.7,82.7,3,1500,15000,0,NORMAL,Optimal Mine Operations,Maintain Standard Production Schedule,88.9,0
2025-02-01,Mansar West Mine,9.7,20.6,20.7,82.7,3,1500,7986,7014,NORMAL,Optimal Mine Operations,Maintain Standard Production Schedule,95.7,7014
2025-02-01,Dongri Buzurg Mine,9.7,20.6,20.7,82.7,3,1500,13789,1211,NORMAL,Optimal Mine Operations,Maintain Standard Production Schedule,93.7,1211
2025-02-01,Ukwa East Mine,9.7,20.6,20.7,82.7,3,1500,13768,1232,NORMAL,Optimal Mine Operations,Maintain Standard Production Schedule,95.3,1232
2025-02-02,Balaghat Central Mine,0.6,31.1,16.8,56.5,2,1500,5000,18500,FLEET_BREAKDOWN,Haul Truck & Shovel Mechanical Failure,Reallocate Backup Fleet & Deploy Mobile Mechanics,87.3,14800
2025-02-02,Mansar West Mine,0.6,31.1,16.8,56.5,2,1500,5000,18500,FLEET_BREAKDOWN,Haul Truck & Shovel Mechanical Failure,Reallocate Backup Fleet & Deploy Mobile Mechanics,97.3,14800
2025-02-02,Dongri Buzurg Mine,0.6,31.1,16.8,56.5,2,1500,5000,18500,FLEET_BREAKDOWN,Haul Truck & Shovel Mechanical Failure,Reallocate Backup Fleet & Deploy Mobile Mechanics,97.0,14800
2025-02-02,Ukwa East Mine,0.6,31.1,16.8,56.5,2,1500,5000,18500,FLEET_BREAKDOWN,Haul Truck & Shovel Mechanical Failure,Reallocate Backup Fleet & Deploy Mobile Mechanics,97.0,14800
2025-02-03,Balaghat Central Mine,5.8,30.9,25.0,86.1,4,1500,15000,0,NORMAL,Optimal Mine Operations,Maintain Standard Production Schedule,85.4,0
2025-02-03,Mansar West Mine,5.8,30.9,25.0,86.1,4,1500,10163,4837,NORMAL,Optimal Mine Operations,Maintain Standard Production Schedule,94.7,4837
2025-02-03,Dongri Buzurg Mine,5.8,30.9,25.0,86.1,4,1500,10580,4420,NORMAL,Optimal Mine Operations,Maintain Standard Production Schedule,87.0,4420
2025-02-03,Ukwa East Mine,5.8,30.9,25.0,86.1,4,1500,10128,4872,NORMAL,Optimal Mine Operations,Maintain Standard Production Schedule,92.1,4872
2025-02-04,Balaghat Central Mine,1.4,24.5,34.5,93.0,1,1500,15000,0,NORMAL,Optimal Mine Operations,Maintain Standard Production Schedule,90.4,0
2025-02-04,Mansar West Mine,1.4,24.5,34.5,93.0,1,1500,15000,0,NORMAL,Optimal Mine Operations,Maintain Standard Production Schedule,92.4,0
2025-02-04,Dongri Buzurg Mine,1.4,24.5,34.5,93.0,1,1500,15000,0,NORMAL,Optimal Mine Operations,Maintain Standard Production Schedule,88.8,0
2025-02-04,Ukwa East Mine,1.4,24.5,34.5,93.0,1,1500,15000,0,NORMAL,Optimal Mine Operations,Maintain Standard Production Schedule,92.7,0
2025-02-05,Balaghat Central Mine,14.7,24.4,43.8,74.1,3,1500,5000,18500,FLEET_BREAKDOWN,Haul Truck & Shovel Mechanical Failure,Reallocate Backup Fleet & Deploy Mobile Mechanics,94.0,14800
2025-02-05,Mansar West Mine,14.7,24.4,43.8,74.1,3,1500,5000,18500,FLEET_BREAKDOWN,Haul Truck & Shovel Mechanical Failure,Reallocate Backup Fleet & Deploy Mobile Mechanics,95.5,14800
2025-02-05,Dongri Buzurg Mine,14.7,24.4,43.8,74.1,3,1500,5000,18500,FLEET_BREAKDOWN,Haul Truck & Shovel Mechanical Failure,Reallocate Backup Fleet & Deploy Mobile Mechanics,95.3,14800
2025-02-05,Ukwa East Mine,14.7,24.4,43.8,74.1,3,1500,5000,18500,FLEET_BREAKDOWN,Haul Truck & Shovel Mechanical Failure,Reallocate Backup Fleet & Deploy Mobile Mechanics,89.1,14800
2025-02-06,Balaghat Central Mine,8.0,23.1,44.3,94.5,5,1500,15000,0,NORMAL,Optimal Mine Operations,Maintain Standard Production Schedule,95.5,0
2025-02-06,Mansar West Mine,8.0,23.1,44.3,94.5,5,1500,15000,0,NORMAL,Optimal Mine Operations,Maintain Standard Production Schedule,94.3,0
2025-02-06,Dongri Buzurg Mine,8.0,23.1,44.3,94.5,5,1500,13528,1472,NORMAL,Optimal Mine Operations,Maintain Standard Production Schedule,94.8,1472
2025-02-06,Ukwa East Mine,8.0,23.1,44.3,94.5,5,1500,15000,0,NORMAL,Optimal Mine Operations,Maintain Standard Production Schedule,86.5,0
2025-02-07,Balaghat Central Mine,0.2,24.0,17.1,87.2,4,1500,11222,3778,NORMAL,Optimal Mine Operations,Maintain Standard Production Schedule,94.9,3778
2025-02-07,Mansar West Mine,0.2,24.0,17.1,87.2,4,1500,14882,118,NORMAL,Optimal Mine Operations,Maintain Standard Production Schedule,91.0,118
2025-02-07,Dongri Buzurg Mine,0.2,24.0,17.1,87.2,4,1500,14234,766,NORMAL,Optimal Mine Operations,Maintain Standard Production Schedule,90.7,766
2025-02-07,Ukwa East Mine,0.2,24.0,17.1,87.2,4,1500,12069,2931,NORMAL,Optimal Mine Operations,Maintain Standard Production Schedule,92.7,2931
2025-02-08,Balaghat Central Mine,12.4,21.2,30.1,86.8,1,1500,13199,1801,NORMAL,Optimal Mine Operations,Maintain Standard Production Schedule,87.6,1801
2025-02-08,Mansar West Mine,12.4,21.2,30.1,86.8,1,1500,14426,574,NORMAL,Optimal Mine Operations,Maintain Standard Production Schedule,92.4,574
2025-02-08,Dongri Buzurg Mine,12.4,21.2,30.1,86.8,1,1500,15000,0,NORMAL,Optimal Mine Operations,Maintain Standard Production Schedule,93.7,0
2025-02-08,Ukwa East Mine,12.4,21.2,30.1,86.8,1,1500,13175,1825,NORMAL,Optimal Mine Operations,Maintain Standard Production Schedule,88.0,1825
2025-02-09,Balaghat Central Mine,3.0,27.0,33.4,87.7,4,1500,15000,0,NORMAL,Optimal Mine Operations,Maintain Standard Production Schedule,89.1,0
2025-02-09,Mansar West Mine,3.0,27.0,33.4,87.7,4,1500,15000,0,NORMAL,Optimal Mine Operations,Maintain Standard Production Schedule,96.2,0
2025-02-09,Dongri Buzurg Mine,3.0,27.0,33.4,87.7,4,1500,15000,0,NORMAL,Optimal Mine Operations,Maintain Standard Production Schedule,88.0,0
2025-02-09,Ukwa East Mine,3.0,27.0,33.4,87.7,4,1500,10195,4805,NORMAL,Optimal Mine Operations,Maintain Standard Production Schedule,86.3,4805
2025-02-10,Balaghat Central Mine,3.4,30.7,33.8,71.8,1,1500,5000,18500,FLEET_BREAKDOWN,Haul Truck & Shovel Mechanical Failure,Reallocate Backup Fleet & Deploy Mobile Mechanics,97.1,14800
2025-02-10,Mansar West Mine,3.4,30.7,33.8,71.8,1,1500,5000,18500,FLEET_BREAKDOWN,Haul Truck & Shovel Mechanical Failure,Reallocate Backup Fleet & Deploy Mobile Mechanics,95.9,14800
2025-02-10,Dongri Buzurg Mine,3.4,30.7,33.8,71.8,1,1500,5000,18500,FLEET_BREAKDOWN,Haul Truck & Shovel Mechanical Failure,Reallocate Backup Fleet & Deploy Mobile Mechanics,85.7,14800
2025-02-10,Ukwa East Mine,3.4,30.7,33.8,71.8,1,1500,5000,18500,FLEET_BREAKDOWN,Haul Truck & Shovel Mechanical Failure,Reallocate Backup Fleet & Deploy Mobile Mechanics,89.4,14800
2025-02-11,Balaghat Central Mine,15.8,29.1,26.7,92.9,1,1500,8179,6821,NORMAL,Optimal Mine Operations,Maintain Standard Production Schedule,90.1,6821
2025-02-11,Mansar West Mine,15.8,29.1,26.7,92.9,1,1500,8539,6461,NORMAL,Optimal Mine Operations,Maintain Standard Production Schedule,91.9,6461
2025-02-11,Dongri Buzurg Mine,15.8,29.1,26.7,92.9,1,1500,15000,0,NORMAL,Optimal Mine Operations,Maintain Standard Production Schedule,87.1,0
2025-02-11,Ukwa East Mine,15.8,29.1,26.7,92.9,1,1500,15000,0,NORMAL,Optimal Mine Operations,Maintain Standard Production Schedule,95.0,0
2025-02-12,Balaghat Central Mine,12.9,29.4,42.5,95.2,5,1500,7448,7552,NORMAL,Optimal Mine Operations,Maintain Standard Production Schedule,87.1,7552
2025-02-12,Mansar West Mine,12.9,29.4,42.5,95.2,5,1500,15000,0,NORMAL,Optimal Mine Operations,Maintain Standard Production Schedule,86.6,0
2025-02-12,Dongri Buzurg Mine,12.9,29.4,42.5,95.2,5,1500,12748,2252,NORMAL,Optimal Mine Operations,Maintain Standard Production Schedule,86.0,2252
2025-02-12,Ukwa East Mine,12.9,29.4,42.5,95.2,5,1500,15000,0,NORMAL,Optimal Mine Operations,Maintain Standard Production Schedule,93.0,0
2025-02-13,Balaghat Central Mine,16.3,29.6,25.0,77.4,5,1500,15000,0,NORMAL,Optimal Mine Operations,Maintain Standard Production Schedule,94.5,0
2025-02-13,Mansar West Mine,16.3,29.6,25.0,77.4,5,1500,11963,3037,NORMAL,Optimal Mine Operations,Maintain Standard Production Schedule,95.8,3037
2025-02-13,Dongri Buzurg Mine,16.3,29.6,25.0,77.4,5,1500,15000,0,NORMAL,Optimal Mine Operations,Maintain Standard Production Schedule,91.2,0
2025-02-13,Ukwa East Mine,16.3,29.6,25.0,77.4,5,1500,15000,0,NORMAL,Optimal Mine Operations,Maintain Standard Production Schedule,87.4,0
2025-02-14,Balaghat Central Mine,11.2,28.5,17.9,86.6,1,1500,15000,0,NORMAL,Optimal Mine Operations,Maintain Standard Production Schedule,87.8,0
2025-02-14,Mansar West Mine,11.2,28.5,17.9,86.6,1,1500,15000,0,NORMAL,Optimal Mine Operations,Maintain Standard Production Schedule,85.1,0
2025-02-14,Dongri Buzurg Mine,11.2,28.5,17.9,86.6,1,1500,8520,6480,NORMAL,Optimal Mine Operations,Maintain Standard Production Schedule,87.7,6480
2025-02-14,Ukwa East Mine,11.2,28.5,17.9,86.6,1,1500,15000,0,NORMAL,Optimal Mine Operations,Maintain Standard Production Schedule,92.3,0
2025-02-15,Balaghat Central Mine,3.5,31.5,18.3,93.7,3,1500,15000,0,NORMAL,Optimal Mine Operations,Maintain Standard Production Schedule,97.3,0
2025-02-15,Mansar West Mine,3.5,31.5,18.3,93.7,3,1500,15000,0,NORMAL,Optimal Mine Operations,Maintain Standard Production Schedule,95.6,0
2025-02-15,Dongri Buzurg Mine,3.5,31.5,18.3,93.7,3,1500,13827,1173,NORMAL,Optimal Mine Operations,Maintain Standard Production Schedule,91.3,1173
2025-02-15,Ukwa East Mine,3.5,31.5,18.3,93.7,3,1500,11126,3874,NORMAL,Optimal Mine Operations,Maintain Standard Production Schedule,92.9,3874
2025-02-16,Balaghat Central Mine,10.5,22.2,39.7,87.7,1,1500,15000,0,NORMAL,Optimal Mine Operations,Maintain Standard Production Schedule,94.4,0
2025-02-16,Mansar West Mine,10.5,22.2,39.7,87.7,1,1500,11564,3436,NORMAL,Optimal Mine Operations,Maintain Standard Production Schedule,98.0,3436
2025-02-16,Dongri Buzurg Mine,10.5,22.2,39.7,87.7,1,1500,15000,0,NORMAL,Optimal Mine Operations,Maintain Standard Production Schedule,90.8,0
2025-02-16,Ukwa East Mine,10.5,22.2,39.7,87.7,1,1500,15000,0,NORMAL,Optimal Mine Operations,Maintain Standard Production Schedule,87.8,0
2025-02-17,Balaghat Central Mine,12.4,31.8,39.8,74.7,3,1500,5000,18500,FLEET_BREAKDOWN,Haul Truck & Shovel Mechanical Failure,Reallocate Backup Fleet & Deploy Mobile Mechanics,87.6,14800
2025-02-17,Mansar West Mine,12.4,31.8,39.8,74.7,3,1500,5000,18500,FLEET_BREAKDOWN,Haul Truck & Shovel Mechanical Failure,Reallocate Backup Fleet & Deploy Mobile Mechanics,91.0,14800
2025-02-17,Dongri Buzurg Mine,12.4,31.8,39.8,74.7,3,1500,5000,18500,FLEET_BREAKDOWN,Haul Truck & Shovel Mechanical Failure,Reallocate Backup Fleet & Deploy Mobile Mechanics,87.3,14800
2025-02-17,Ukwa East Mine,12.4,31.8,39.8,74.7,3,1500,5000,18500,FLEET_BREAKDOWN,Haul Truck & Shovel Mechanical Failure,Reallocate Backup Fleet & Deploy Mobile Mechanics,97.1,14800
2025-02-18,Balaghat Central Mine,18.7,28.6,37.8,57.1,2,1500,5000,18500,FLEET_BREAKDOWN,Haul Truck & Shovel Mechanical Failure,Reallocate Backup Fleet & Deploy Mobile Mechanics,88.6,14800
2025-02-18,Mansar West Mine,18.7,28.6,37.8,57.1,2,1500,5000,18500,FLEET_BREAKDOWN,Haul Truck & Shovel Mechanical Failure,Reallocate Backup Fleet & Deploy Mobile Mechanics,97.5,14800
2025-02-18,Dongri Buzurg Mine,18.7,28.6,37.8,57.1,2,1500,5000,18500,FLEET_BREAKDOWN,Haul Truck & Shovel Mechanical Failure,Reallocate Backup Fleet & Deploy Mobile Mechanics,91.0,14800
2025-02-18,Ukwa East Mine,18.7,28.6,37.8,57.1,2,1500,5000,18500,FLEET_BREAKDOWN,Haul Truck & Shovel Mechanical Failure,Reallocate Backup Fleet & Deploy Mobile Mechanics,89.8,14800
2025-02-19,Balaghat Central Mine,12.3,27.1,36.6,70.8,5,1500,5000,18500,FLEET_BREAKDOWN,Haul Truck & Shovel Mechanical Failure,Reallocate Backup Fleet & Deploy Mobile Mechanics,95.2,14800
2025-02-19,Mansar West Mine,12.3,27.1,36.6,70.8,5,1500,5000,18500,FLEET_BREAKDOWN,Haul Truck & Shovel Mechanical Failure,Reallocate Backup Fleet & Deploy Mobile Mechanics,92.7,14800
2025-02-19,Dongri Buzurg Mine,12.3,27.1,36.6,70.8,5,1500,5000,18500,FLEET_BREAKDOWN,Haul Truck & Shovel Mechanical Failure,Reallocate Backup Fleet & Deploy Mobile Mechanics,92.1,14800
2025-02-19,Ukwa East Mine,12.3,27.1,36.6,70.8,5,1500,5000,18500,FLEET_BREAKDOWN,Haul Truck & Shovel Mechanical Failure,Reallocate Backup Fleet & Deploy Mobile Mechanics,93.5,14800
2025-02-20,Balaghat Central Mine,9.3,24.9,35.9,86.4,1,1500,7842,7158,NORMAL,Optimal Mine Operations,Maintain Standard Production Schedule,97.3,7158
2025-02-20,Mansar West Mine,9.3,24.9,35.9,86.4,1,1500,15000,0,NORMAL,Optimal Mine Operations,Maintain Standard Production Schedule,85.1,0
2025-02-20,Dongri Buzurg Mine,9.3,24.9,35.9,86.4,1,1500,15000,0,NORMAL,Optimal Mine Operations,Maintain Standard Production Schedule,86.3,0
2025-02-20,Ukwa East Mine,9.3,24.9,35.9,86.4,1,1500,15000,0,NORMAL,Optimal Mine Operations,Maintain Standard Production Schedule,88.1,0
2025-02-21,Balaghat Central Mine,1.8,26.3,21.3,57.6,3,1500,5000,18500,FLEET_BREAKDOWN,Haul Truck & Shovel Mechanical Failure,Reallocate Backup Fleet & Deploy Mobile Mechanics,91.2,14800
2025-02-21,Mansar West Mine,1.8,26.3,21.3,57.6,3,1500,5000,18500,FLEET_BREAKDOWN,Haul Truck & Shovel Mechanical Failure,Reallocate Backup Fleet & Deploy Mobile Mechanics,92.7,14800
2025-02-21,Dongri Buzurg Mine,1.8,26.3,21.3,57.6,3,1500,5000,18500,FLEET_BREAKDOWN,Haul Truck & Shovel Mechanical Failure,Reallocate Backup Fleet & Deploy Mobile Mechanics,94.9,14800
2025-02-21,Ukwa East Mine,1.8,26.3,21.3,57.6,3,1500,5000,18500,FLEET_BREAKDOWN,Haul Truck & Shovel Mechanical Failure,Reallocate Backup Fleet & Deploy Mobile Mechanics,94.8,14800
2025-02-22,Balaghat Central Mine,15.1,29.2,25.6,83.7,3,1500,10928,4072,NORMAL,Optimal Mine Operations,Maintain Standard Production Schedule,88.2,4072
2025-02-22,Mansar West Mine,15.1,29.2,25.6,83.7,3,1500,10300,4700,NORMAL,Optimal Mine Operations,Maintain Standard Production Schedule,90.6,4700
2025-02-22,Dongri Buzurg Mine,15.1,29.2,25.6,83.7,3,1500,9942,5058,NORMAL,Optimal Mine Operations,Maintain Standard Production Schedule,86.1,5058
2025-02-22,Ukwa East Mine,15.1,29.2,25.6,83.7,3,1500,14734,266,NORMAL,Optimal Mine Operations,Maintain Standard Production Schedule,88.5,266
2025-02-23,Balaghat Central Mine,1.8,28.0,40.2,95.7,5,1500,13180,1820,NORMAL,Optimal Mine Operations,Maintain Standard Production Schedule,94.5,1820
2025-02-23,Mansar West Mine,1.8,28.0,40.2,95.7,5,1500,15000,0,NORMAL,Optimal Mine Operations,Maintain Standard Production Schedule,87.6,0
2025-02-23,Dongri Buzurg Mine,1.8,28.0,40.2,95.7,5,1500,15000,0,NORMAL,Optimal Mine Operations,Maintain Standard Production Schedule,96.0,0
2025-02-23,Ukwa East Mine,1.8,28.0,40.2,95.7,5,1500,15000,0,NORMAL,Optimal Mine Operations,Maintain Standard Production Schedule,92.9,0
2025-02-24,Balaghat Central Mine,2.4,26.8,39.1,55.6,2,1500,5000,18500,FLEET_BREAKDOWN,Haul Truck & Shovel Mechanical Failure,Reallocate Backup Fleet & Deploy Mobile Mechanics,89.2,14800
2025-02-24,Mansar West Mine,2.4,26.8,39.1,55.6,2,1500,5000,18500,FLEET_BREAKDOWN,Haul Truck & Shovel Mechanical Failure,Reallocate Backup Fleet & Deploy Mobile Mechanics,91.3,14800
2025-02-24,Dongri Buzurg Mine,2.4,26.8,39.1,55.6,2,1500,5000,18500,FLEET_BREAKDOWN,Haul Truck & Shovel Mechanical Failure,Reallocate Backup Fleet & Deploy Mobile Mechanics,89.9,14800
2025-02-24,Ukwa East Mine,2.4,26.8,39.1,55.6,2,1500,5000,18500,FLEET_BREAKDOWN,Haul Truck & Shovel Mechanical Failure,Reallocate Backup Fleet & Deploy Mobile Mechanics,89.9,14800
2025-02-25,Balaghat Central Mine,2.8,29.3,17.4,56.2,3,1500,5000,18500,FLEET_BREAKDOWN,Haul Truck & Shovel Mechanical Failure,Reallocate Backup Fleet & Deploy Mobile Mechanics,88.6,14800
2025-02-25,Mansar West Mine,2.8,29.3,17.4,56.2,3,1500,5000,18500,FLEET_BREAKDOWN,Haul Truck & Shovel Mechanical Failure,Reallocate Backup Fleet & Deploy Mobile Mechanics,92.7,14800
2025-02-25,Dongri Buzurg Mine,2.8,29.3,17.4,56.2,3,1500,5000,18500,FLEET_BREAKDOWN,Haul Truck & Shovel Mechanical Failure,Reallocate Backup Fleet & Deploy Mobile Mechanics,93.9,14800
2025-02-25,Ukwa East Mine,2.8,29.3,17.4,56.2,3,1500,5000,18500,FLEET_BREAKDOWN,Haul Truck & Shovel Mechanical Failure,Reallocate Backup Fleet & Deploy Mobile Mechanics,97.8,14800
2025-02-26,Balaghat Central Mine,16.2,21.4,30.8,89.8,3,1500,14828,172,NORMAL,Optimal Mine Operations,Maintain Standard Production Schedule,91.3,172
2025-02-26,Mansar West Mine,16.2,21.4,30.8,89.8,3,1500,15000,0,NORMAL,Optimal Mine Operations,Maintain Standard Production Schedule,87.6,0
2025-02-26,Dongri Buzurg Mine,16.2,21.4,30.8,89.8,3,1500,14539,461,NORMAL,Optimal Mine Operations,Maintain Standard Production Schedule,93.2,461
2025-02-26,Ukwa East Mine,16.2,21.4,30.8,89.8,3,1500,15000,0,NORMAL,Optimal Mine Operations,Maintain Standard Production Schedule,93.6,0
2025-02-27,Balaghat Central Mine,11.1,22.3,41.1,61.8,1,1500,5000,18500,FLEET_BREAKDOWN,Haul Truck & Shovel Mechanical Failure,Reallocate Backup Fleet & Deploy Mobile Mechanics,97.2,14800
2025-02-27,Mansar West Mine,11.1,22.3,41.1,61.8,1,1500,5000,18500,FLEET_BREAKDOWN,Haul Truck & Shovel Mechanical Failure,Reallocate Backup Fleet & Deploy Mobile Mechanics,92.8,14800
2025-02-27,Dongri Buzurg Mine,11.1,22.3,41.1,61.8,1,1500,5000,18500,FLEET_BREAKDOWN,Haul Truck & Shovel Mechanical Failure,Reallocate Backup Fleet & Deploy Mobile Mechanics,95.8,14800
2025-02-27,Ukwa East Mine,11.1,22.3,41.1,61.8,1,1500,5000,18500,FLEET_BREAKDOWN,Haul Truck & Shovel Mechanical Failure,Reallocate Backup Fleet & Deploy Mobile Mechanics,89.8,14800
2025-02-28,Balaghat Central Mine,14.1,20.2,28.2,64.4,4,1500,5000,18500,FLEET_BREAKDOWN,Haul Truck & Shovel Mechanical Failure,Reallocate Backup Fleet & Deploy Mobile Mechanics,91.9,14800
2025-02-28,Mansar West Mine,14.1,20.2,28.2,64.4,4,1500,5000,18500,FLEET_BREAKDOWN,Haul Truck & Shovel Mechanical Failure,Reallocate Backup Fleet & Deploy Mobile Mechanics,94.9,14800
2025-02-28,Dongri Buzurg Mine,14.1,20.2,28.2,64.4,4,1500,5000,18500,FLEET_BREAKDOWN,Haul Truck & Shovel Mechanical Failure,Reallocate Backup Fleet & Deploy Mobile Mechanics,95.3,14800
2025-02-28,Ukwa East Mine,14.1,20.2,28.2,64.4,4,1500,5000,18500,FLEET_BREAKDOWN,Haul Truck & Shovel Mechanical Failure,Reallocate Backup Fleet & Deploy Mobile Mechanics,88.3,14800
2025-03-01,Balaghat Central Mine,13.6,45.4,18.1,78.6,1,1500,5000,18500,HEATWAVE,Excavator & Crusher Motor Thermal Overload,Stagger 30-min Cooling Cycles & Night Shift Extraction,85.1,12025
2025-03-01,Mansar West Mine,13.6,45.4,18.1,78.6,1,1500,5000,18500,HEATWAVE,Excavator & Crusher Motor Thermal Overload,Stagger 30-min Cooling Cycles & Night Shift Extraction,94.9,12025
2025-03-01,Dongri Buzurg Mine,13.6,45.4,18.1,78.6,1,1500,5000,18500,HEATWAVE,Excavator & Crusher Motor Thermal Overload,Stagger 30-min Cooling Cycles & Night Shift Extraction,85.6,12025
2025-03-01,Ukwa East Mine,13.6,45.4,18.1,78.6,1,1500,5000,18500,HEATWAVE,Excavator & Crusher Motor Thermal Overload,Stagger 30-min Cooling Cycles & Night Shift Extraction,96.7,12025
2025-03-02,Balaghat Central Mine,13.6,41.7,38.4,68.6,1,1500,5000,13030,HEATWAVE,Excavator & Crusher Motor Thermal Overload,Stagger 30-min Cooling Cycles & Night Shift Extraction,92.4,8469
2025-03-02,Mansar West Mine,13.6,41.7,38.4,68.6,1,1500,5000,11901,HEATWAVE,Excavator & Crusher Motor Thermal Overload,Stagger 30-min Cooling Cycles & Night Shift Extraction,92.5,7735
2025-03-02,Dongri Buzurg Mine,13.6,41.7,38.4,68.6,1,1500,5000,14538,HEATWAVE,Excavator & Crusher Motor Thermal Overload,Stagger 30-min Cooling Cycles & Night Shift Extraction,96.3,9449
2025-03-02,Ukwa East Mine,13.6,41.7,38.4,68.6,1,1500,5000,16165,HEATWAVE,Excavator & Crusher Motor Thermal Overload,Stagger 30-min Cooling Cycles & Night Shift Extraction,96.3,10507
2025-03-03,Balaghat Central Mine,10.9,45.4,43.4,77.0,5,1500,5000,18500,HEATWAVE,Excavator & Crusher Motor Thermal Overload,Stagger 30-min Cooling Cycles & Night Shift Extraction,91.6,12025
2025-03-03,Mansar West Mine,10.9,45.4,43.4,77.0,5,1500,5000,18500,HEATWAVE,Excavator & Crusher Motor Thermal Overload,Stagger 30-min Cooling Cycles & Night Shift Extraction,91.9,12025
2025-03-03,Dongri Buzurg Mine,10.9,45.4,43.4,77.0,5,1500,5000,18500,HEATWAVE,Excavator & Crusher Motor Thermal Overload,Stagger 30-min Cooling Cycles & Night Shift Extraction,94.9,12025
2025-03-03,Ukwa East Mine,10.9,45.4,43.4,77.0,5,1500,5000,18500,HEATWAVE,Excavator & Crusher Motor Thermal Overload,Stagger 30-min Cooling Cycles & Night Shift Extraction,91.3,12025
2025-03-04,Balaghat Central Mine,15.8,41.3,31.7,93.3,4,1500,5000,15799,HEATWAVE,Excavator & Crusher Motor Thermal Overload,Stagger 30-min Cooling Cycles & Night Shift Extraction,97.4,10269
2025-03-04,Mansar West Mine,15.8,41.3,31.7,93.3,4,1500,5000,10406,HEATWAVE,Excavator & Crusher Motor Thermal Overload,Stagger 30-min Cooling Cycles & Night Shift Extraction,92.4,6763
2025-03-04,Dongri Buzurg Mine,15.8,41.3,31.7,93.3,4,1500,5000,14051,HEATWAVE,Excavator & Crusher Motor Thermal Overload,Stagger 30-min Cooling Cycles & Night Shift Extraction,89.4,9133
2025-03-04,Ukwa East Mine,15.8,41.3,31.7,93.3,4,1500,5000,13688,HEATWAVE,Excavator & Crusher Motor Thermal Overload,Stagger 30-min Cooling Cycles & Night Shift Extraction,85.4,8897
2025-03-05,Balaghat Central Mine,15.6,37.5,38.4,91.8,1,1500,8128,6872,NORMAL,Optimal Mine Operations,Maintain Standard Production Schedule,88.7,6872
2025-03-05,Mansar West Mine,15.6,37.5,38.4,91.8,1,1500,11115,3885,NORMAL,Optimal Mine Operations,Maintain Standard Production Schedule,86.0,3885
2025-03-05,Dongri Buzurg Mine,15.6,37.5,38.4,91.8,1,1500,15000,0,NORMAL,Optimal Mine Operations,Maintain Standard Production Schedule,95.2,0
2025-03-05,Ukwa East Mine,15.6,37.5,38.4,91.8,1,1500,14170,830,NORMAL,Optimal Mine Operations,Maintain Standard Production Schedule,96.2,830
2025-03-06,Balaghat Central Mine,17.0,36.2,27.3,79.0,5,1500,13318,1682,NORMAL,Optimal Mine Operations,Maintain Standard Production Schedule,89.6,1682
2025-03-06,Mansar West Mine,17.0,36.2,27.3,79.0,5,1500,15000,0,NORMAL,Optimal Mine Operations,Maintain Standard Production Schedule,97.2,0
2025-03-06,Dongri Buzurg Mine,17.0,36.2,27.3,79.0,5,1500,15000,0,NORMAL,Optimal Mine Operations,Maintain Standard Production Schedule,88.2,0
2025-03-06,Ukwa East Mine,17.0,36.2,27.3,79.0,5,1500,11996,3004,NORMAL,Optimal Mine Operations,Maintain Standard Production Schedule,86.4,3004
2025-03-07,Balaghat Central Mine,15.7,40.3,30.2,78.9,3,1500,5000,10568,HEATWAVE,Excavator & Crusher Motor Thermal Overload,Stagger 30-min Cooling Cycles & Night Shift Extraction,90.8,6869
2025-03-07,Mansar West Mine,15.7,40.3,30.2,78.9,3,1500,8731,6269,HEATWAVE,Excavator & Crusher Motor Thermal Overload,Stagger 30-min Cooling Cycles & Night Shift Extraction,90.6,4074
2025-03-07,Dongri Buzurg Mine,15.7,40.3,30.2,78.9,3,1500,6820,8180,HEATWAVE,Excavator & Crusher Motor Thermal Overload,Stagger 30-min Cooling Cycles & Night Shift Extraction,92.6,5317
2025-03-07,Ukwa East Mine,15.7,40.3,30.2,78.9,3,1500,5779,9221,HEATWAVE,Excavator & Crusher Motor Thermal Overload,Stagger 30-min Cooling Cycles & Night Shift Extraction,92.8,5993
2025-03-08,Balaghat Central Mine,1.8,39.7,28.5,82.0,2,1500,15000,0,NORMAL,Optimal Mine Operations,Maintain Standard Production Schedule,94.6,0
2025-03-08,Mansar West Mine,1.8,39.7,28.5,82.0,2,1500,15000,0,NORMAL,Optimal Mine Operations,Maintain Standard Production Schedule,94.0,0
2025-03-08,Dongri Buzurg Mine,1.8,39.7,28.5,82.0,2,1500,11066,3934,NORMAL,Optimal Mine Operations,Maintain Standard Production Schedule,86.3,3934
2025-03-08,Ukwa East Mine,1.8,39.7,28.5,82.0,2,1500,15000,0,NORMAL,Optimal Mine Operations,Maintain Standard Production Schedule,88.4,0
2025-03-09,Balaghat Central Mine,5.1,43.7,33.2,97.3,2,1500,5000,18500,HEATWAVE,Excavator & Crusher Motor Thermal Overload,Stagger 30-min Cooling Cycles & Night Shift Extraction,86.3,12025
2025-03-09,Mansar West Mine,5.1,43.7,33.2,97.3,2,1500,5000,15755,HEATWAVE,Excavator & Crusher Motor Thermal Overload,Stagger 30-min Cooling Cycles & Night Shift Extraction,97.5,10240
2025-03-09,Dongri Buzurg Mine,5.1,43.7,33.2,97.3,2,1500,5000,18500,HEATWAVE,Excavator & Crusher Motor Thermal Overload,Stagger 30-min Cooling Cycles & Night Shift Extraction,91.8,12025
2025-03-09,Ukwa East Mine,5.1,43.7,33.2,97.3,2,1500,5000,18500,HEATWAVE,Excavator & Crusher Motor Thermal Overload,Stagger 30-min Cooling Cycles & Night Shift Extraction,97.3,12025
2025-03-10,Balaghat Central Mine,18.6,42.5,18.8,97.1,2,1500,5000,16468,HEATWAVE,Excavator & Crusher Motor Thermal Overload,Stagger 30-min Cooling Cycles & Night Shift Extraction,94.7,10704
2025-03-10,Mansar West Mine,18.6,42.5,18.8,97.1,2,1500,5000,18500,HEATWAVE,Excavator & Crusher Motor Thermal Overload,Stagger 30-min Cooling Cycles & Night Shift Extraction,92.2,12025
2025-03-10,Dongri Buzurg Mine,18.6,42.5,18.8,97.1,2,1500,5000,18500,HEATWAVE,Excavator & Crusher Motor Thermal Overload,Stagger 30-min Cooling Cycles & Night Shift Extraction,90.7,12025
2025-03-10,Ukwa East Mine,18.6,42.5,18.8,97.1,2,1500,5000,15342,HEATWAVE,Excavator & Crusher Motor Thermal Overload,Stagger 30-min Cooling Cycles & Night Shift Extraction,88.4,9972
2025-03-11,Balaghat Central Mine,7.1,39.9,22.5,94.3,5,1500,11630,3370,NORMAL,Optimal Mine Operations,Maintain Standard Production Schedule,94.7,3370
2025-03-11,Mansar West Mine,7.1,39.9,22.5,94.3,5,1500,15000,0,NORMAL,Optimal Mine Operations,Maintain Standard Production Schedule,97.1,0
2025-03-11,Dongri Buzurg Mine,7.1,39.9,22.5,94.3,5,1500,5585,9415,NORMAL,Optimal Mine Operations,Maintain Standard Production Schedule,94.5,9415
2025-03-11,Ukwa East Mine,7.1,39.9,22.5,94.3,5,1500,15000,0,NORMAL,Optimal Mine Operations,Maintain Standard Production Schedule,90.5,0
2025-03-12,Balaghat Central Mine,9.0,36.2,20.2,78.4,3,1500,12328,2672,NORMAL,Optimal Mine Operations,Maintain Standard Production Schedule,88.5,2672
2025-03-12,Mansar West Mine,9.0,36.2,20.2,78.4,3,1500,9589,5411,NORMAL,Optimal Mine Operations,Maintain Standard Production Schedule,90.9,5411
2025-03-12,Dongri Buzurg Mine,9.0,36.2,20.2,78.4,3,1500,10081,4919,NORMAL,Optimal Mine Operations,Maintain Standard Production Schedule,94.4,4919
2025-03-12,Ukwa East Mine,9.0,36.2,20.2,78.4,3,1500,15000,0,NORMAL,Optimal Mine Operations,Maintain Standard Production Schedule,87.1,0
2025-03-13,Balaghat Central Mine,5.8,39.5,17.5,85.4,4,1500,15000,0,NORMAL,Optimal Mine Operations,Maintain Standard Production Schedule,91.0,0
2025-03-13,Mansar West Mine,5.8,39.5,17.5,85.4,4,1500,13726,1274,NORMAL,Optimal Mine Operations,Maintain Standard Production Schedule,89.0,1274
2025-03-13,Dongri Buzurg Mine,5.8,39.5,17.5,85.4,4,1500,15000,0,NORMAL,Optimal Mine Operations,Maintain Standard Production Schedule,91.0,0
2025-03-13,Ukwa East Mine,5.8,39.5,17.5,85.4,4,1500,12593,2407,NORMAL,Optimal Mine Operations,Maintain Standard Production Schedule,88.4,2407
2025-03-14,Balaghat Central Mine,3.5,42.2,42.4,65.0,3,1500,5000,17153,HEATWAVE,Excavator & Crusher Motor Thermal Overload,Stagger 30-min Cooling Cycles & Night Shift Extraction,86.7,11149
2025-03-14,Mansar West Mine,3.5,42.2,42.4,65.0,3,1500,5000,18500,HEATWAVE,Excavator & Crusher Motor Thermal Overload,Stagger 30-min Cooling Cycles & Night Shift Extraction,89.5,12025
2025-03-14,Dongri Buzurg Mine,3.5,42.2,42.4,65.0,3,1500,5000,18500,HEATWAVE,Excavator & Crusher Motor Thermal Overload,Stagger 30-min Cooling Cycles & Night Shift Extraction,92.1,12025
2025-03-14,Ukwa East Mine,3.5,42.2,42.4,65.0,3,1500,5000,16522,HEATWAVE,Excavator & Crusher Motor Thermal Overload,Stagger 30-min Cooling Cycles & Night Shift Extraction,97.3,10739
2025-03-15,Balaghat Central Mine,5.8,45.1,23.0,76.5,1,1500,5000,18500,HEATWAVE,Excavator & Crusher Motor Thermal Overload,Stagger 30-min Cooling Cycles & Night Shift Extraction,88.1,12025
2025-03-15,Mansar West Mine,5.8,45.1,23.0,76.5,1,1500,5000,18500,HEATWAVE,Excavator & Crusher Motor Thermal Overload,Stagger 30-min Cooling Cycles & Night Shift Extraction,92.9,12025
2025-03-15,Dongri Buzurg Mine,5.8,45.1,23.0,76.5,1,1500,5000,18500,HEATWAVE,Excavator & Crusher Motor Thermal Overload,Stagger 30-min Cooling Cycles & Night Shift Extraction,88.1,12025
2025-03-15,Ukwa East Mine,5.8,45.1,23.0,76.5,1,1500,5000,18500,HEATWAVE,Excavator & Crusher Motor Thermal Overload,Stagger 30-min Cooling Cycles & Night Shift Extraction,95.0,12025
2025-03-16,Balaghat Central Mine,9.5,42.7,29.3,58.5,2,1500,5000,18455,HEATWAVE,Excavator & Crusher Motor Thermal Overload,Stagger 30-min Cooling Cycles & Night Shift Extraction,92.8,11995
2025-03-16,Mansar West Mine,9.5,42.7,29.3,58.5,2,1500,5000,18500,HEATWAVE,Excavator & Crusher Motor Thermal Overload,Stagger 30-min Cooling Cycles & Night Shift Extraction,95.0,12025
2025-03-16,Dongri Buzurg Mine,9.5,42.7,29.3,58.5,2,1500,5000,18500,HEATWAVE,Excavator & Crusher Motor Thermal Overload,Stagger 30-min Cooling Cycles & Night Shift Extraction,95.2,12025
2025-03-16,Ukwa East Mine,9.5,42.7,29.3,58.5,2,1500,5000,18500,HEATWAVE,Excavator & Crusher Motor Thermal Overload,Stagger 30-min Cooling Cycles & Night Shift Extraction,94.1,12025
2025-03-17,Balaghat Central Mine,16.9,37.9,34.7,69.8,2,1500,5000,18500,FLEET_BREAKDOWN,Haul Truck & Shovel Mechanical Failure,Reallocate Backup Fleet & Deploy Mobile Mechanics,96.5,14800
2025-03-17,Mansar West Mine,16.9,37.9,34.7,69.8,2,1500,5000,18500,FLEET_BREAKDOWN,Haul Truck & Shovel Mechanical Failure,Reallocate Backup Fleet & Deploy Mobile Mechanics,92.3,14800
2025-03-17,Dongri Buzurg Mine,16.9,37.9,34.7,69.8,2,1500,5000,18500,FLEET_BREAKDOWN,Haul Truck & Shovel Mechanical Failure,Reallocate Backup Fleet & Deploy Mobile Mechanics,92.2,14800
2025-03-17,Ukwa East Mine,16.9,37.9,34.7,69.8,2,1500,5000,18500,FLEET_BREAKDOWN,Haul Truck & Shovel Mechanical Failure,Reallocate Backup Fleet & Deploy Mobile Mechanics,92.4,14800
2025-03-18,Balaghat Central Mine,5.6,43.9,36.2,91.9,4,1500,5000,18500,HEATWAVE,Excavator & Crusher Motor Thermal Overload,Stagger 30-min Cooling Cycles & Night Shift Extraction,86.0,12025
2025-03-18,Mansar West Mine,5.6,43.9,36.2,91.9,4,1500,5000,18500,HEATWAVE,Excavator & Crusher Motor Thermal Overload,Stagger 30-min Cooling Cycles & Night Shift Extraction,92.1,12025
2025-03-18,Dongri Buzurg Mine,5.6,43.9,36.2,91.9,4,1500,5000,18500,HEATWAVE,Excavator & Crusher Motor Thermal Overload,Stagger 30-min Cooling Cycles & Night Shift Extraction,85.0,12025
2025-03-18,Ukwa East Mine,5.6,43.9,36.2,91.9,4,1500,5000,18500,HEATWAVE,Excavator & Crusher Motor Thermal Overload,Stagger 30-min Cooling Cycles & Night Shift Extraction,96.1,12025
2025-03-19,Balaghat Central Mine,10.0,38.5,18.7,97.6,1,1500,11556,3444,NORMAL,Optimal Mine Operations,Maintain Standard Production Schedule,85.8,3444
2025-03-19,Mansar West Mine,10.0,38.5,18.7,97.6,1,1500,14883,117,NORMAL,Optimal Mine Operations,Maintain Standard Production Schedule,91.0,117
2025-03-19,Dongri Buzurg Mine,10.0,38.5,18.7,97.6,1,1500,10810,4190,NORMAL,Optimal Mine Operations,Maintain Standard Production Schedule,90.9,4190
2025-03-19,Ukwa East Mine,10.0,38.5,18.7,97.6,1,1500,12057,2943,NORMAL,Optimal Mine Operations,Maintain Standard Production Schedule,97.8,2943
2025-03-20,Balaghat Central Mine,7.4,41.7,27.4,70.7,1,1500,5000,15669,HEATWAVE,Excavator & Crusher Motor Thermal Overload,Stagger 30-min Cooling Cycles & Night Shift Extraction,94.5,10184
2025-03-20,Mansar West Mine,7.4,41.7,27.4,70.7,1,1500,5000,16278,HEATWAVE,Excavator & Crusher Motor Thermal Overload,Stagger 30-min Cooling Cycles & Night Shift Extraction,89.8,10580
2025-03-20,Dongri Buzurg Mine,7.4,41.7,27.4,70.7,1,1500,5000,18500,HEATWAVE,Excavator & Crusher Motor Thermal Overload,Stagger 30-min Cooling Cycles & Night Shift Extraction,90.8,12025
2025-03-20,Ukwa East Mine,7.4,41.7,27.4,70.7,1,1500,5000,15516,HEATWAVE,Excavator & Crusher Motor Thermal Overload,Stagger 30-min Cooling Cycles & Night Shift Extraction,86.1,10085
2025-03-21,Balaghat Central Mine,18.4,43.1,22.1,95.1,1,1500,5000,18500,HEATWAVE,Excavator & Crusher Motor Thermal Overload,Stagger 30-min Cooling Cycles & Night Shift Extraction,91.2,12025
2025-03-21,Mansar West Mine,18.4,43.1,22.1,95.1,1,1500,5000,18500,HEATWAVE,Excavator & Crusher Motor Thermal Overload,Stagger 30-min Cooling Cycles & Night Shift Extraction,96.6,12025
2025-03-21,Dongri Buzurg Mine,18.4,43.1,22.1,95.1,1,1500,5000,18500,HEATWAVE,Excavator & Crusher Motor Thermal Overload,Stagger 30-min Cooling Cycles & Night Shift Extraction,87.8,12025
2025-03-21,Ukwa East Mine,18.4,43.1,22.1,95.1,1,1500,5000,18500,HEATWAVE,Excavator & Crusher Motor Thermal Overload,Stagger 30-min Cooling Cycles & Night Shift Extraction,92.1,12025
2025-03-22,Balaghat Central Mine,11.7,45.4,27.7,96.1,1,1500,5000,18500,HEATWAVE,Excavator & Crusher Motor Thermal Overload,Stagger 30-min Cooling Cycles & Night Shift Extraction,87.4,12025
2025-03-22,Mansar West Mine,11.7,45.4,27.7,96.1,1,1500,5000,18500,HEATWAVE,Excavator & Crusher Motor Thermal Overload,Stagger 30-min Cooling Cycles & Night Shift Extraction,92.1,12025
2025-03-22,Dongri Buzurg Mine,11.7,45.4,27.7,96.1,1,1500,5000,18500,HEATWAVE,Excavator & Crusher Motor Thermal Overload,Stagger 30-min Cooling Cycles & Night Shift Extraction,96.2,12025
2025-03-22,Ukwa East Mine,11.7,45.4,27.7,96.1,1,1500,5000,18500,HEATWAVE,Excavator & Crusher Motor Thermal Overload,Stagger 30-min Cooling Cycles & Night Shift Extraction,85.8,12025
2025-03-23,Balaghat Central Mine,11.5,39.8,15.1,66.3,5,1500,5000,18500,FLEET_BREAKDOWN,Haul Truck & Shovel Mechanical Failure,Reallocate Backup Fleet & Deploy Mobile Mechanics,93.8,14800
2025-03-23,Mansar West Mine,11.5,39.8,15.1,66.3,5,1500,5000,18500,FLEET_BREAKDOWN,Haul Truck & Shovel Mechanical Failure,Reallocate Backup Fleet & Deploy Mobile Mechanics,97.4,14800
2025-03-23,Dongri Buzurg Mine,11.5,39.8,15.1,66.3,5,1500,5000,18500,FLEET_BREAKDOWN,Haul Truck & Shovel Mechanical Failure,Reallocate Backup Fleet & Deploy Mobile Mechanics,89.2,14800
2025-03-23,Ukwa East Mine,11.5,39.8,15.1,66.3,5,1500,5000,18500,FLEET_BREAKDOWN,Haul Truck & Shovel Mechanical Failure,Reallocate Backup Fleet & Deploy Mobile Mechanics,96.8,14800
2025-03-24,Balaghat Central Mine,11.9,43.7,24.6,58.7,1,1500,5000,18500,HEATWAVE,Excavator & Crusher Motor Thermal Overload,Stagger 30-min Cooling Cycles & Night Shift Extraction,89.5,12025
2025-03-24,Mansar West Mine,11.9,43.7,24.6,58.7,1,1500,5000,18500,HEATWAVE,Excavator & Crusher Motor Thermal Overload,Stagger 30-min Cooling Cycles & Night Shift Extraction,91.4,12025
2025-03-24,Dongri Buzurg Mine,11.9,43.7,24.6,58.7,1,1500,5000,18500,HEATWAVE,Excavator & Crusher Motor Thermal Overload,Stagger 30-min Cooling Cycles & Night Shift Extraction,85.7,12025
2025-03-24,Ukwa East Mine,11.9,43.7,24.6,58.7,1,1500,5000,18500,HEATWAVE,Excavator & Crusher Motor Thermal Overload,Stagger 30-min Cooling Cycles & Night Shift Extraction,87.9,12025
2025-03-25,Balaghat Central Mine,6.0,43.4,31.9,66.8,1,1500,5000,18047,HEATWAVE,Excavator & Crusher Motor Thermal Overload,Stagger 30-min Cooling Cycles & Night Shift Extraction,97.0,11730
2025-03-25,Mansar West Mine,6.0,43.4,31.9,66.8,1,1500,5000,18500,HEATWAVE,Excavator & Crusher Motor Thermal Overload,Stagger 30-min Cooling Cycles & Night Shift Extraction,94.5,12025
2025-03-25,Dongri Buzurg Mine,6.0,43.4,31.9,66.8,1,1500,5000,18500,HEATWAVE,Excavator & Crusher Motor Thermal Overload,Stagger 30-min Cooling Cycles & Night Shift Extraction,88.7,12025
2025-03-25,Ukwa East Mine,6.0,43.4,31.9,66.8,1,1500,5000,18500,HEATWAVE,Excavator & Crusher Motor Thermal Overload,Stagger 30-min Cooling Cycles & Night Shift Extraction,89.7,12025
2025-03-26,Balaghat Central Mine,18.1,37.1,37.1,92.7,5,1500,15000,0,NORMAL,Optimal Mine Operations,Maintain Standard Production Schedule,85.4,0
2025-03-26,Mansar West Mine,18.1,37.1,37.1,92.7,5,1500,15000,0,NORMAL,Optimal Mine Operations,Maintain Standard Production Schedule,96.0,0
2025-03-26,Dongri Buzurg Mine,18.1,37.1,37.1,92.7,5,1500,15000,0,NORMAL,Optimal Mine Operations,Maintain Standard Production Schedule,89.8,0
2025-03-26,Ukwa East Mine,18.1,37.1,37.1,92.7,5,1500,15000,0,NORMAL,Optimal Mine Operations,Maintain Standard Production Schedule,90.0,0
2025-03-27,Balaghat Central Mine,14.4,44.9,40.5,96.7,2,1500,5000,18500,HEATWAVE,Excavator & Crusher Motor Thermal Overload,Stagger 30-min Cooling Cycles & Night Shift Extraction,97.6,12025
2025-03-27,Mansar West Mine,14.4,44.9,40.5,96.7,2,1500,5000,18500,HEATWAVE,Excavator & Crusher Motor Thermal Overload,Stagger 30-min Cooling Cycles & Night Shift Extraction,91.2,12025
2025-03-27,Dongri Buzurg Mine,14.4,44.9,40.5,96.7,2,1500,5000,18500,HEATWAVE,Excavator & Crusher Motor Thermal Overload,Stagger 30-min Cooling Cycles & Night Shift Extraction,97.3,12025
2025-03-27,Ukwa East Mine,14.4,44.9,40.5,96.7,2,1500,5000,18500,HEATWAVE,Excavator & Crusher Motor Thermal Overload,Stagger 30-min Cooling Cycles & Night Shift Extraction,95.1,12025
2025-03-28,Balaghat Central Mine,17.1,38.5,17.8,73.9,3,1500,5000,18500,FLEET_BREAKDOWN,Haul Truck & Shovel Mechanical Failure,Reallocate Backup Fleet & Deploy Mobile Mechanics,89.5,14800
2025-03-28,Mansar West Mine,17.1,38.5,17.8,73.9,3,1500,5000,18500,FLEET_BREAKDOWN,Haul Truck & Shovel Mechanical Failure,Reallocate Backup Fleet & Deploy Mobile Mechanics,90.2,14800
2025-03-28,Dongri Buzurg Mine,17.1,38.5,17.8,73.9,3,1500,5000,18500,FLEET_BREAKDOWN,Haul Truck & Shovel Mechanical Failure,Reallocate Backup Fleet & Deploy Mobile Mechanics,95.2,14800
2025-03-28,Ukwa East Mine,17.1,38.5,17.8,73.9,3,1500,5000,18500,FLEET_BREAKDOWN,Haul Truck & Shovel Mechanical Failure,Reallocate Backup Fleet & Deploy Mobile Mechanics,86.2,14800
2025-03-29,Balaghat Central Mine,13.9,38.0,23.1,89.0,2,1500,13151,1849,NORMAL,Optimal Mine Operations,Maintain Standard Production Schedule,92.1,1849
2025-03-29,Mansar West Mine,13.9,38.0,23.1,89.0,2,1500,15000,0,NORMAL,Optimal Mine Operations,Maintain Standard Production Schedule,91.5,0
2025-03-29,Dongri Buzurg Mine,13.9,38.0,23.1,89.0,2,1500,15000,0,NORMAL,Optimal Mine Operations,Maintain Standard Production Schedule,90.1,0
2025-03-29,Ukwa East Mine,13.9,38.0,23.1,89.0,2,1500,15000,0,NORMAL,Optimal Mine Operations,Maintain Standard Production Schedule,91.4,0
2025-03-30,Balaghat Central Mine,4.0,38.1,34.9,80.6,5,1500,15000,0,NORMAL,Optimal Mine Operations,Maintain Standard Production Schedule,85.3,0
2025-03-30,Mansar West Mine,4.0,38.1,34.9,80.6,5,1500,12524,2476,NORMAL,Optimal Mine Operations,Maintain Standard Production Schedule,93.7,2476
2025-03-30,Dongri Buzurg Mine,4.0,38.1,34.9,80.6,5,1500,13151,1849,NORMAL,Optimal Mine Operations,Maintain Standard Production Schedule,95.1,1849
2025-03-30,Ukwa East Mine,4.0,38.1,34.9,80.6,5,1500,15000,0,NORMAL,Optimal Mine Operations,Maintain Standard Production Schedule,87.9,0
2025-03-31,Balaghat Central Mine,1.6,36.7,35.5,78.9,5,1500,15000,0,NORMAL,Optimal Mine Operations,Maintain Standard Production Schedule,86.1,0
2025-03-31,Mansar West Mine,1.6,36.7,35.5,78.9,5,1500,15000,0,NORMAL,Optimal Mine Operations,Maintain Standard Production Schedule,88.0,0
2025-03-31,Dongri Buzurg Mine,1.6,36.7,35.5,78.9,5,1500,15000,0,NORMAL,Optimal Mine Operations,Maintain Standard Production Schedule,96.0,0
2025-03-31,Ukwa East Mine,1.6,36.7,35.5,78.9,5,1500,14973,27,NORMAL,Optimal Mine Operations,Maintain Standard Production Schedule,86.4,27
2025-04-01,Balaghat Central Mine,2.8,40.0,35.0,79.3,2,1500,14323,677,NORMAL,Optimal Mine Operations,Maintain Standard Production Schedule,92.2,677
2025-04-01,Mansar West Mine,2.8,40.0,35.0,79.3,2,1500,11037,3963,NORMAL,Optimal Mine Operations,Maintain Standard Production Schedule,91.7,3963
2025-04-01,Dongri Buzurg Mine,2.8,40.0,35.0,79.3,2,1500,15000,0,NORMAL,Optimal Mine Operations,Maintain Standard Production Schedule,94.3,0
2025-04-01,Ukwa East Mine,2.8,40.0,35.0,79.3,2,1500,10740,4260,NORMAL,Optimal Mine Operations,Maintain Standard Production Schedule,86.1,4260
2025-04-02,Balaghat Central Mine,8.2,39.1,22.0,65.0,3,1500,5000,18500,FLEET_BREAKDOWN,Haul Truck & Shovel Mechanical Failure,Reallocate Backup Fleet & Deploy Mobile Mechanics,87.5,14800
2025-04-02,Mansar West Mine,8.2,39.1,22.0,65.0,3,1500,5000,18500,FLEET_BREAKDOWN,Haul Truck & Shovel Mechanical Failure,Reallocate Backup Fleet & Deploy Mobile Mechanics,88.9,14800
2025-04-02,Dongri Buzurg Mine,8.2,39.1,22.0,65.0,3,1500,5000,18500,FLEET_BREAKDOWN,Haul Truck & Shovel Mechanical Failure,Reallocate Backup Fleet & Deploy Mobile Mechanics,94.8,14800
2025-04-02,Ukwa East Mine,8.2,39.1,22.0,65.0,3,1500,5000,18500,FLEET_BREAKDOWN,Haul Truck & Shovel Mechanical Failure,Reallocate Backup Fleet & Deploy Mobile Mechanics,86.8,14800
2025-04-03,Balaghat Central Mine,9.1,45.7,29.6,83.1,2,1500,5000,18500,HEATWAVE,Excavator & Crusher Motor Thermal Overload,Stagger 30-min Cooling Cycles & Night Shift Extraction,90.9,12025
2025-04-03,Mansar West Mine,9.1,45.7,29.6,83.1,2,1500,5000,18500,HEATWAVE,Excavator & Crusher Motor Thermal Overload,Stagger 30-min Cooling Cycles & Night Shift Extraction,95.4,12025
2025-04-03,Dongri Buzurg Mine,9.1,45.7,29.6,83.1,2,1500,5000,18500,HEATWAVE,Excavator & Crusher Motor Thermal Overload,Stagger 30-min Cooling Cycles & Night Shift Extraction,88.1,12025
2025-04-03,Ukwa East Mine,9.1,45.7,29.6,83.1,2,1500,5000,18500,HEATWAVE,Excavator & Crusher Motor Thermal Overload,Stagger 30-min Cooling Cycles & Night Shift Extraction,88.1,12025
2025-04-04,Balaghat Central Mine,1.2,36.3,38.4,81.0,5,1500,15000,0,NORMAL,Optimal Mine Operations,Maintain Standard Production Schedule,95.8,0
2025-04-04,Mansar West Mine,1.2,36.3,38.4,81.0,5,1500,14263,737,NORMAL,Optimal Mine Operations,Maintain Standard Production Schedule,97.1,737
2025-04-04,Dongri Buzurg Mine,1.2,36.3,38.4,81.0,5,1500,13695,1305,NORMAL,Optimal Mine Operations,Maintain Standard Production Schedule,93.3,1305
2025-04-04,Ukwa East Mine,1.2,36.3,38.4,81.0,5,1500,13370,1630,NORMAL,Optimal Mine Operations,Maintain Standard Production Schedule,89.2,1630
2025-04-05,Balaghat Central Mine,5.7,43.1,27.7,78.1,5,1500,5000,18500,HEATWAVE,Excavator & Crusher Motor Thermal Overload,Stagger 30-min Cooling Cycles & Night Shift Extraction,90.4,12025
2025-04-05,Mansar West Mine,5.7,43.1,27.7,78.1,5,1500,5000,18500,HEATWAVE,Excavator & Crusher Motor Thermal Overload,Stagger 30-min Cooling Cycles & Night Shift Extraction,92.7,12025
2025-04-05,Dongri Buzurg Mine,5.7,43.1,27.7,78.1,5,1500,5000,18500,HEATWAVE,Excavator & Crusher Motor Thermal Overload,Stagger 30-min Cooling Cycles & Night Shift Extraction,86.0,12025
2025-04-05,Ukwa East Mine,5.7,43.1,27.7,78.1,5,1500,5000,16036,HEATWAVE,Excavator & Crusher Motor Thermal Overload,Stagger 30-min Cooling Cycles & Night Shift Extraction,96.9,10423
2025-04-06,Balaghat Central Mine,16.5,42.8,39.4,66.8,1,1500,5000,18500,HEATWAVE,Excavator & Crusher Motor Thermal Overload,Stagger 30-min Cooling Cycles & Night Shift Extraction,96.4,12025
2025-04-06,Mansar West Mine,16.5,42.8,39.4,66.8,1,1500,5000,18500,HEATWAVE,Excavator & Crusher Motor Thermal Overload,Stagger 30-min Cooling Cycles & Night Shift Extraction,94.9,12025
2025-04-06,Dongri Buzurg Mine,16.5,42.8,39.4,66.8,1,1500,5000,18500,HEATWAVE,Excavator & Crusher Motor Thermal Overload,Stagger 30-min Cooling Cycles & Night Shift Extraction,88.6,12025
2025-04-06,Ukwa East Mine,16.5,42.8,39.4,66.8,1,1500,5000,14515,HEATWAVE,Excavator & Crusher Motor Thermal Overload,Stagger 30-min Cooling Cycles & Night Shift Extraction,93.2,9434
2025-04-07,Balaghat Central Mine,13.8,43.1,35.3,84.3,3,1500,5000,18101,HEATWAVE,Excavator & Crusher Motor Thermal Overload,Stagger 30-min Cooling Cycles & Night Shift Extraction,86.0,11765
2025-04-07,Mansar West Mine,13.8,43.1,35.3,84.3,3,1500,5000,18500,HEATWAVE,Excavator & Crusher Motor Thermal Overload,Stagger 30-min Cooling Cycles & Night Shift Extraction,88.8,12025
2025-04-07,Dongri Buzurg Mine,13.8,43.1,35.3,84.3,3,1500,5000,18500,HEATWAVE,Excavator & Crusher Motor Thermal Overload,Stagger 30-min Cooling Cycles & Night Shift Extraction,89.9,12025
2025-04-07,Ukwa East Mine,13.8,43.1,35.3,84.3,3,1500,5000,18500,HEATWAVE,Excavator & Crusher Motor Thermal Overload,Stagger 30-min Cooling Cycles & Night Shift Extraction,96.1,12025
2025-04-08,Balaghat Central Mine,18.4,36.0,43.8,70.1,2,1500,5000,18500,FLEET_BREAKDOWN,Haul Truck & Shovel Mechanical Failure,Reallocate Backup Fleet & Deploy Mobile Mechanics,85.6,14800
2025-04-08,Mansar West Mine,18.4,36.0,43.8,70.1,2,1500,5000,18500,FLEET_BREAKDOWN,Haul Truck & Shovel Mechanical Failure,Reallocate Backup Fleet & Deploy Mobile Mechanics,90.4,14800
2025-04-08,Dongri Buzurg Mine,18.4,36.0,43.8,70.1,2,1500,5000,18500,FLEET_BREAKDOWN,Haul Truck & Shovel Mechanical Failure,Reallocate Backup Fleet & Deploy Mobile Mechanics,86.4,14800
2025-04-08,Ukwa East Mine,18.4,36.0,43.8,70.1,2,1500,5000,18500,FLEET_BREAKDOWN,Haul Truck & Shovel Mechanical Failure,Reallocate Backup Fleet & Deploy Mobile Mechanics,85.2,14800
2025-04-09,Balaghat Central Mine,2.9,39.8,16.4,92.6,4,1500,15000,0,NORMAL,Optimal Mine Operations,Maintain Standard Production Schedule,94.6,0
2025-04-09,Mansar West Mine,2.9,39.8,16.4,92.6,4,1500,15000,0,NORMAL,Optimal Mine Operations,Maintain Standard Production Schedule,97.6,0
2025-04-09,Dongri Buzurg Mine,2.9,39.8,16.4,92.6,4,1500,14900,100,NORMAL,Optimal Mine Operations,Maintain Standard Production Schedule,88.1,100
2025-04-09,Ukwa East Mine,2.9,39.8,16.4,92.6,4,1500,12456,2544,NORMAL,Optimal Mine Operations,Maintain Standard Production Schedule,96.5,2544
2025-04-10,Balaghat Central Mine,14.8,36.4,26.9,69.3,5,1500,5000,18500,FLEET_BREAKDOWN,Haul Truck & Shovel Mechanical Failure,Reallocate Backup Fleet & Deploy Mobile Mechanics,95.5,14800
2025-04-10,Mansar West Mine,14.8,36.4,26.9,69.3,5,1500,5000,18500,FLEET_BREAKDOWN,Haul Truck & Shovel Mechanical Failure,Reallocate Backup Fleet & Deploy Mobile Mechanics,90.9,14800
2025-04-10,Dongri Buzurg Mine,14.8,36.4,26.9,69.3,5,1500,5000,18500,FLEET_BREAKDOWN,Haul Truck & Shovel Mechanical Failure,Reallocate Backup Fleet & Deploy Mobile Mechanics,89.2,14800
2025-04-10,Ukwa East Mine,14.8,36.4,26.9,69.3,5,1500,5000,18500,FLEET_BREAKDOWN,Haul Truck & Shovel Mechanical Failure,Reallocate Backup Fleet & Deploy Mobile Mechanics,91.8,14800
2025-04-11,Balaghat Central Mine,0.5,40.8,35.4,66.2,3,1500,7959,7041,HEATWAVE,Excavator & Crusher Motor Thermal Overload,Stagger 30-min Cooling Cycles & Night Shift Extraction,88.8,4576
2025-04-11,Mansar West Mine,0.5,40.8,35.4,66.2,3,1500,5790,9210,HEATWAVE,Excavator & Crusher Motor Thermal Overload,Stagger 30-min Cooling Cycles & Night Shift Extraction,85.9,5986
2025-04-11,Dongri Buzurg Mine,0.5,40.8,35.4,66.2,3,1500,7240,7760,HEATWAVE,Excavator & Crusher Motor Thermal Overload,Stagger 30-min Cooling Cycles & Night Shift Extraction,86.0,5044
2025-04-11,Ukwa East Mine,0.5,40.8,35.4,66.2,3,1500,5000,10779,HEATWAVE,Excavator & Crusher Motor Thermal Overload,Stagger 30-min Cooling Cycles & Night Shift Extraction,87.1,7006
2025-04-12,Balaghat Central Mine,10.0,37.5,30.8,62.5,4,1500,5000,18500,FLEET_BREAKDOWN,Haul Truck & Shovel Mechanical Failure,Reallocate Backup Fleet & Deploy Mobile Mechanics,85.9,14800
2025-04-12,Mansar West Mine,10.0,37.5,30.8,62.5,4,1500,5000,18500,FLEET_BREAKDOWN,Haul Truck & Shovel Mechanical Failure,Reallocate Backup Fleet & Deploy Mobile Mechanics,86.9,14800
2025-04-12,Dongri Buzurg Mine,10.0,37.5,30.8,62.5,4,1500,5000,18500,FLEET_BREAKDOWN,Haul Truck & Shovel Mechanical Failure,Reallocate Backup Fleet & Deploy Mobile Mechanics,91.1,14800
2025-04-12,Ukwa East Mine,10.0,37.5,30.8,62.5,4,1500,5000,18500,FLEET_BREAKDOWN,Haul Truck & Shovel Mechanical Failure,Reallocate Backup Fleet & Deploy Mobile Mechanics,85.6,14800
2025-04-13,Balaghat Central Mine,4.3,45.4,34.6,77.1,5,1500,5000,17914,HEATWAVE,Excavator & Crusher Motor Thermal Overload,Stagger 30-min Cooling Cycles & Night Shift Extraction,89.3,11644
2025-04-13,Mansar West Mine,4.3,45.4,34.6,77.1,5,1500,5000,18500,HEATWAVE,Excavator & Crusher Motor Thermal Overload,Stagger 30-min Cooling Cycles & Night Shift Extraction,92.0,12025
2025-04-13,Dongri Buzurg Mine,4.3,45.4,34.6,77.1,5,1500,5000,18500,HEATWAVE,Excavator & Crusher Motor Thermal Overload,Stagger 30-min Cooling Cycles & Night Shift Extraction,96.8,12025
2025-04-13,Ukwa East Mine,4.3,45.4,34.6,77.1,5,1500,5000,18500,HEATWAVE,Excavator & Crusher Motor Thermal Overload,Stagger 30-min Cooling Cycles & Night Shift Extraction,93.1,12025
2025-04-14,Balaghat Central Mine,4.2,36.7,16.5,66.1,1,1500,5000,18500,FLEET_BREAKDOWN,Haul Truck & Shovel Mechanical Failure,Reallocate Backup Fleet & Deploy Mobile Mechanics,93.8,14800
2025-04-14,Mansar West Mine,4.2,36.7,16.5,66.1,1,1500,5000,18500,FLEET_BREAKDOWN,Haul Truck & Shovel Mechanical Failure,Reallocate Backup Fleet & Deploy Mobile Mechanics,89.0,14800
2025-04-14,Dongri Buzurg Mine,4.2,36.7,16.5,66.1,1,1500,5000,18500,FLEET_BREAKDOWN,Haul Truck & Shovel Mechanical Failure,Reallocate Backup Fleet & Deploy Mobile Mechanics,91.9,14800
2025-04-14,Ukwa East Mine,4.2,36.7,16.5,66.1,1,1500,5000,18500,FLEET_BREAKDOWN,Haul Truck & Shovel Mechanical Failure,Reallocate Backup Fleet & Deploy Mobile Mechanics,94.0,14800
2025-04-15,Balaghat Central Mine,13.4,36.0,25.1,57.7,5,1500,5000,18500,FLEET_BREAKDOWN,Haul Truck & Shovel Mechanical Failure,Reallocate Backup Fleet & Deploy Mobile Mechanics,96.4,14800
2025-04-15,Mansar West Mine,13.4,36.0,25.1,57.7,5,1500,5000,18500,FLEET_BREAKDOWN,Haul Truck & Shovel Mechanical Failure,Reallocate Backup Fleet & Deploy Mobile Mechanics,92.2,14800
2025-04-15,Dongri Buzurg Mine,13.4,36.0,25.1,57.7,5,1500,5000,18500,FLEET_BREAKDOWN,Haul Truck & Shovel Mechanical Failure,Reallocate Backup Fleet & Deploy Mobile Mechanics,91.9,14800
2025-04-15,Ukwa East Mine,13.4,36.0,25.1,57.7,5,1500,5000,18500,FLEET_BREAKDOWN,Haul Truck & Shovel Mechanical Failure,Reallocate Backup Fleet & Deploy Mobile Mechanics,90.0,14800
2025-04-16,Balaghat Central Mine,18.6,43.9,37.1,83.9,4,1500,5000,18500,HEATWAVE,Excavator & Crusher Motor Thermal Overload,Stagger 30-min Cooling Cycles & Night Shift Extraction,94.8,12025
2025-04-16,Mansar West Mine,18.6,43.9,37.1,83.9,4,1500,5000,18500,HEATWAVE,Excavator & Crusher Motor Thermal Overload,Stagger 30-min Cooling Cycles & Night Shift Extraction,90.4,12025
2025-04-16,Dongri Buzurg Mine,18.6,43.9,37.1,83.9,4,1500,5000,18500,HEATWAVE,Excavator & Crusher Motor Thermal Overload,Stagger 30-min Cooling Cycles & Night Shift Extraction,91.8,12025
2025-04-16,Ukwa East Mine,18.6,43.9,37.1,83.9,4,1500,5000,18500,HEATWAVE,Excavator & Crusher Motor Thermal Overload,Stagger 30-min Cooling Cycles & Night Shift Extraction,91.5,12025
2025-04-17,Balaghat Central Mine,10.7,38.1,42.3,56.7,1,1500,5000,18500,FLEET_BREAKDOWN,Haul Truck & Shovel Mechanical Failure,Reallocate Backup Fleet & Deploy Mobile Mechanics,90.0,14800
2025-04-17,Mansar West Mine,10.7,38.1,42.3,56.7,1,1500,5000,18500,FLEET_BREAKDOWN,Haul Truck & Shovel Mechanical Failure,Reallocate Backup Fleet & Deploy Mobile Mechanics,89.0,14800
2025-04-17,Dongri Buzurg Mine,10.7,38.1,42.3,56.7,1,1500,5000,18500,FLEET_BREAKDOWN,Haul Truck & Shovel Mechanical Failure,Reallocate Backup Fleet & Deploy Mobile Mechanics,91.6,14800
2025-04-17,Ukwa East Mine,10.7,38.1,42.3,56.7,1,1500,5000,18500,FLEET_BREAKDOWN,Haul Truck & Shovel Mechanical Failure,Reallocate Backup Fleet & Deploy Mobile Mechanics,93.8,14800
2025-04-18,Balaghat Central Mine,6.0,41.9,33.3,63.1,3,1500,5000,11506,HEATWAVE,Excavator & Crusher Motor Thermal Overload,Stagger 30-min Cooling Cycles & Night Shift Extraction,92.8,7478
2025-04-18,Mansar West Mine,6.0,41.9,33.3,63.1,3,1500,5000,13956,HEATWAVE,Excavator & Crusher Motor Thermal Overload,Stagger 30-min Cooling Cycles & Night Shift Extraction,86.5,9071
2025-04-18,Dongri Buzurg Mine,6.0,41.9,33.3,63.1,3,1500,5000,18500,HEATWAVE,Excavator & Crusher Motor Thermal Overload,Stagger 30-min Cooling Cycles & Night Shift Extraction,95.8,12025
2025-04-18,Ukwa East Mine,6.0,41.9,33.3,63.1,3,1500,5000,15988,HEATWAVE,Excavator & Crusher Motor Thermal Overload,Stagger 30-min Cooling Cycles & Night Shift Extraction,92.2,10392
2025-04-19,Balaghat Central Mine,19.9,43.1,42.7,78.4,3,1500,5000,18500,HEATWAVE,Excavator & Crusher Motor Thermal Overload,Stagger 30-min Cooling Cycles & Night Shift Extraction,85.4,12025
2025-04-19,Mansar West Mine,19.9,43.1,42.7,78.4,3,1500,5000,18500,HEATWAVE,Excavator & Crusher Motor Thermal Overload,Stagger 30-min Cooling Cycles & Night Shift Extraction,95.6,12025
2025-04-19,Dongri Buzurg Mine,19.9,43.1,42.7,78.4,3,1500,5000,16168,HEATWAVE,Excavator & Crusher Motor Thermal Overload,Stagger 30-min Cooling Cycles & Night Shift Extraction,86.7,10509
2025-04-19,Ukwa East Mine,19.9,43.1,42.7,78.4,3,1500,5000,18500,HEATWAVE,Excavator & Crusher Motor Thermal Overload,Stagger 30-min Cooling Cycles & Night Shift Extraction,92.7,12025
2025-04-20,Balaghat Central Mine,3.8,40.9,18.1,79.1,1,1500,5000,11565,HEATWAVE,Excavator & Crusher Motor Thermal Overload,Stagger 30-min Cooling Cycles & Night Shift Extraction,85.2,7517
2025-04-20,Mansar West Mine,3.8,40.9,18.1,79.1,1,1500,5000,17297,HEATWAVE,Excavator & Crusher Motor Thermal Overload,Stagger 30-min Cooling Cycles & Night Shift Extraction,90.8,11243
2025-04-20,Dongri Buzurg Mine,3.8,40.9,18.1,79.1,1,1500,5000,11091,HEATWAVE,Excavator & Crusher Motor Thermal Overload,Stagger 30-min Cooling Cycles & Night Shift Extraction,91.3,7209
2025-04-20,Ukwa East Mine,3.8,40.9,18.1,79.1,1,1500,5000,14977,HEATWAVE,Excavator & Crusher Motor Thermal Overload,Stagger 30-min Cooling Cycles & Night Shift Extraction,86.6,9735
2025-04-21,Balaghat Central Mine,10.2,41.8,27.3,79.8,1,1500,5000,18500,HEATWAVE,Excavator & Crusher Motor Thermal Overload,Stagger 30-min Cooling Cycles & Night Shift Extraction,90.9,12025
2025-04-21,Mansar West Mine,10.2,41.8,27.3,79.8,1,1500,5000,13794,HEATWAVE,Excavator & Crusher Motor Thermal Overload,Stagger 30-min Cooling Cycles & Night Shift Extraction,89.4,8966
2025-04-21,Dongri Buzurg Mine,10.2,41.8,27.3,79.8,1,1500,5000,12149,HEATWAVE,Excavator & Crusher Motor Thermal Overload,Stagger 30-min Cooling Cycles & Night Shift Extraction,89.1,7896
2025-04-21,Ukwa East Mine,10.2,41.8,27.3,79.8,1,1500,5000,11622,HEATWAVE,Excavator & Crusher Motor Thermal Overload,Stagger 30-min Cooling Cycles & Night Shift Extraction,95.2,7554
2025-04-22,Balaghat Central Mine,19.6,43.6,15.1,96.3,4,1500,5000,18500,HEATWAVE,Excavator & Crusher Motor Thermal Overload,Stagger 30-min Cooling Cycles & Night Shift Extraction,96.7,12025
2025-04-22,Mansar West Mine,19.6,43.6,15.1,96.3,4,1500,5000,18500,HEATWAVE,Excavator & Crusher Motor Thermal Overload,Stagger 30-min Cooling Cycles & Night Shift Extraction,89.5,12025
2025-04-22,Dongri Buzurg Mine,19.6,43.6,15.1,96.3,4,1500,5000,18500,HEATWAVE,Excavator & Crusher Motor Thermal Overload,Stagger 30-min Cooling Cycles & Night Shift Extraction,91.1,12025
2025-04-22,Ukwa East Mine,19.6,43.6,15.1,96.3,4,1500,5000,16739,HEATWAVE,Excavator & Crusher Motor Thermal Overload,Stagger 30-min Cooling Cycles & Night Shift Extraction,87.9,10880
2025-04-23,Balaghat Central Mine,10.6,40.9,42.9,83.9,2,1500,5000,17687,HEATWAVE,Excavator & Crusher Motor Thermal Overload,Stagger 30-min Cooling Cycles & Night Shift Extraction,92.7,11496
2025-04-23,Mansar West Mine,10.6,40.9,42.9,83.9,2,1500,5000,11586,HEATWAVE,Excavator & Crusher Motor Thermal Overload,Stagger 30-min Cooling Cycles & Night Shift Extraction,91.6,7530
2025-04-23,Dongri Buzurg Mine,10.6,40.9,42.9,83.9,2,1500,5000,15444,HEATWAVE,Excavator & Crusher Motor Thermal Overload,Stagger 30-min Cooling Cycles & Night Shift Extraction,91.9,10038
2025-04-23,Ukwa East Mine,10.6,40.9,42.9,83.9,2,1500,5000,11577,HEATWAVE,Excavator & Crusher Motor Thermal Overload,Stagger 30-min Cooling Cycles & Night Shift Extraction,91.5,7525
2025-04-24,Balaghat Central Mine,17.0,42.6,21.4,73.5,1,1500,5000,15464,HEATWAVE,Excavator & Crusher Motor Thermal Overload,Stagger 30-min Cooling Cycles & Night Shift Extraction,88.6,10051
2025-04-24,Mansar West Mine,17.0,42.6,21.4,73.5,1,1500,5000,16246,HEATWAVE,Excavator & Crusher Motor Thermal Overload,Stagger 30-min Cooling Cycles & Night Shift Extraction,94.1,10559
2025-04-24,Dongri Buzurg Mine,17.0,42.6,21.4,73.5,1,1500,11028,3972,HEATWAVE,Excavator & Crusher Motor Thermal Overload,Stagger 30-min Cooling Cycles & Night Shift Extraction,90.0,2581
2025-04-24,Ukwa East Mine,17.0,42.6,21.4,73.5,1,1500,5000,18500,HEATWAVE,Excavator & Crusher Motor Thermal Overload,Stagger 30-min Cooling Cycles & Night Shift Extraction,86.8,12025
2025-04-25,Balaghat Central Mine,13.4,38.9,21.0,96.3,2,1500,15000,0,NORMAL,Optimal Mine Operations,Maintain Standard Production Schedule,90.7,0
2025-04-25,Mansar West Mine,13.4,38.9,21.0,96.3,2,1500,10277,4723,NORMAL,Optimal Mine Operations,Maintain Standard Production Schedule,94.0,4723
2025-04-25,Dongri Buzurg Mine,13.4,38.9,21.0,96.3,2,1500,11010,3990,NORMAL,Optimal Mine Operations,Maintain Standard Production Schedule,95.4,3990
2025-04-25,Ukwa East Mine,13.4,38.9,21.0,96.3,2,1500,10112,4888,NORMAL,Optimal Mine Operations,Maintain Standard Production Schedule,88.4,4888
2025-04-26,Balaghat Central Mine,8.7,38.9,40.9,77.0,5,1500,12067,2933,NORMAL,Optimal Mine Operations,Maintain Standard Production Schedule,94.4,2933
2025-04-26,Mansar West Mine,8.7,38.9,40.9,77.0,5,1500,13645,1355,NORMAL,Optimal Mine Operations,Maintain Standard Production Schedule,97.7,1355
2025-04-26,Dongri Buzurg Mine,8.7,38.9,40.9,77.0,5,1500,15000,0,NORMAL,Optimal Mine Operations,Maintain Standard Production Schedule,88.0,0
2025-04-26,Ukwa East Mine,8.7,38.9,40.9,77.0,5,1500,15000,0,NORMAL,Optimal Mine Operations,Maintain Standard Production Schedule,89.0,0
2025-04-27,Balaghat Central Mine,16.9,41.3,30.6,69.5,2,1500,5000,10835,HEATWAVE,Excavator & Crusher Motor Thermal Overload,Stagger 30-min Cooling Cycles & Night Shift Extraction,91.3,7042
2025-04-27,Mansar West Mine,16.9,41.3,30.6,69.5,2,1500,5000,12275,HEATWAVE,Excavator & Crusher Motor Thermal Overload,Stagger 30-min Cooling Cycles & Night Shift Extraction,97.5,7978
2025-04-27,Dongri Buzurg Mine,16.9,41.3,30.6,69.5,2,1500,5000,17199,HEATWAVE,Excavator & Crusher Motor Thermal Overload,Stagger 30-min Cooling Cycles & Night Shift Extraction,94.5,11179
2025-04-27,Ukwa East Mine,16.9,41.3,30.6,69.5,2,1500,5000,15929,HEATWAVE,Excavator & Crusher Motor Thermal Overload,Stagger 30-min Cooling Cycles & Night Shift Extraction,96.0,10353
2025-04-28,Balaghat Central Mine,12.7,43.8,30.3,61.6,1,1500,5000,18500,HEATWAVE,Excavator & Crusher Motor Thermal Overload,Stagger 30-min Cooling Cycles & Night Shift Extraction,92.3,12025
2025-04-28,Mansar West Mine,12.7,43.8,30.3,61.6,1,1500,5000,18500,HEATWAVE,Excavator & Crusher Motor Thermal Overload,Stagger 30-min Cooling Cycles & Night Shift Extraction,92.6,12025
2025-04-28,Dongri Buzurg Mine,12.7,43.8,30.3,61.6,1,1500,5000,18500,HEATWAVE,Excavator & Crusher Motor Thermal Overload,Stagger 30-min Cooling Cycles & Night Shift Extraction,86.3,12025
2025-04-28,Ukwa East Mine,12.7,43.8,30.3,61.6,1,1500,5000,18500,HEATWAVE,Excavator & Crusher Motor Thermal Overload,Stagger 30-min Cooling Cycles & Night Shift Extraction,90.2,12025
2025-04-29,Balaghat Central Mine,7.2,37.5,31.1,74.6,2,1500,5000,18500,FLEET_BREAKDOWN,Haul Truck & Shovel Mechanical Failure,Reallocate Backup Fleet & Deploy Mobile Mechanics,97.8,14800
2025-04-29,Mansar West Mine,7.2,37.5,31.1,74.6,2,1500,5000,18500,FLEET_BREAKDOWN,Haul Truck & Shovel Mechanical Failure,Reallocate Backup Fleet & Deploy Mobile Mechanics,94.8,14800
2025-04-29,Dongri Buzurg Mine,7.2,37.5,31.1,74.6,2,1500,5000,18500,FLEET_BREAKDOWN,Haul Truck & Shovel Mechanical Failure,Reallocate Backup Fleet & Deploy Mobile Mechanics,92.8,14800
2025-04-29,Ukwa East Mine,7.2,37.5,31.1,74.6,2,1500,5000,18500,FLEET_BREAKDOWN,Haul Truck & Shovel Mechanical Failure,Reallocate Backup Fleet & Deploy Mobile Mechanics,88.6,14800
2025-04-30,Balaghat Central Mine,1.5,42.1,34.9,74.4,2,1500,5000,17518,HEATWAVE,Excavator & Crusher Motor Thermal Overload,Stagger 30-min Cooling Cycles & Night Shift Extraction,94.5,11386
2025-04-30,Mansar West Mine,1.5,42.1,34.9,74.4,2,1500,5000,15477,HEATWAVE,Excavator & Crusher Motor Thermal Overload,Stagger 30-min Cooling Cycles & Night Shift Extraction,86.3,10060
2025-04-30,Dongri Buzurg Mine,1.5,42.1,34.9,74.4,2,1500,5000,12746,HEATWAVE,Excavator & Crusher Motor Thermal Overload,Stagger 30-min Cooling Cycles & Night Shift Extraction,91.9,8284
2025-04-30,Ukwa East Mine,1.5,42.1,34.9,74.4,2,1500,5000,14774,HEATWAVE,Excavator & Crusher Motor Thermal Overload,Stagger 30-min Cooling Cycles & Night Shift Extraction,94.7,9603
2025-05-01,Balaghat Central Mine,6.9,36.4,34.6,89.1,5,1500,11768,3232,NORMAL,Optimal Mine Operations,Maintain Standard Production Schedule,93.4,3232
2025-05-01,Mansar West Mine,6.9,36.4,34.6,89.1,5,1500,15000,0,NORMAL,Optimal Mine Operations,Maintain Standard Production Schedule,91.3,0
2025-05-01,Dongri Buzurg Mine,6.9,36.4,34.6,89.1,5,1500,15000,0,NORMAL,Optimal Mine Operations,Maintain Standard Production Schedule,87.8,0
2025-05-01,Ukwa East Mine,6.9,36.4,34.6,89.1,5,1500,11543,3457,NORMAL,Optimal Mine Operations,Maintain Standard Production Schedule,95.2,3457
2025-05-02,Balaghat Central Mine,10.9,42.1,17.7,56.4,3,1500,5000,14310,HEATWAVE,Excavator & Crusher Motor Thermal Overload,Stagger 30-min Cooling Cycles & Night Shift Extraction,85.8,9301
2025-05-02,Mansar West Mine,10.9,42.1,17.7,56.4,3,1500,5000,17172,HEATWAVE,Excavator & Crusher Motor Thermal Overload,Stagger 30-min Cooling Cycles & Night Shift Extraction,94.4,11161
2025-05-02,Dongri Buzurg Mine,10.9,42.1,17.7,56.4,3,1500,5000,13895,HEATWAVE,Excavator & Crusher Motor Thermal Overload,Stagger 30-min Cooling Cycles & Night Shift Extraction,87.2,9031
2025-05-02,Ukwa East Mine,10.9,42.1,17.7,56.4,3,1500,5000,18500,HEATWAVE,Excavator & Crusher Motor Thermal Overload,Stagger 30-min Cooling Cycles & Night Shift Extraction,87.7,12025
2025-05-03,Balaghat Central Mine,1.5,40.3,35.1,58.2,1,1500,5000,13634,HEATWAVE,Excavator & Crusher Motor Thermal Overload,Stagger 30-min Cooling Cycles & Night Shift Extraction,96.9,8862
2025-05-03,Mansar West Mine,1.5,40.3,35.1,58.2,1,1500,12203,2797,HEATWAVE,Excavator & Crusher Motor Thermal Overload,Stagger 30-min Cooling Cycles & Night Shift Extraction,97.8,1818
2025-05-03,Dongri Buzurg Mine,1.5,40.3,35.1,58.2,1,1500,6241,8759,HEATWAVE,Excavator & Crusher Motor Thermal Overload,Stagger 30-min Cooling Cycles & Night Shift Extraction,91.5,5693
2025-05-03,Ukwa East Mine,1.5,40.3,35.1,58.2,1,1500,5000,11140,HEATWAVE,Excavator & Crusher Motor Thermal Overload,Stagger 30-min Cooling Cycles & Night Shift Extraction,89.6,7241
2025-05-04,Balaghat Central Mine,2.2,38.9,44.4,69.3,1,1500,5000,18500,FLEET_BREAKDOWN,Haul Truck & Shovel Mechanical Failure,Reallocate Backup Fleet & Deploy Mobile Mechanics,93.3,14800
2025-05-04,Mansar West Mine,2.2,38.9,44.4,69.3,1,1500,5000,18500,FLEET_BREAKDOWN,Haul Truck & Shovel Mechanical Failure,Reallocate Backup Fleet & Deploy Mobile Mechanics,89.5,14800
2025-05-04,Dongri Buzurg Mine,2.2,38.9,44.4,69.3,1,1500,5000,18500,FLEET_BREAKDOWN,Haul Truck & Shovel Mechanical Failure,Reallocate Backup Fleet & Deploy Mobile Mechanics,97.9,14800
2025-05-04,Ukwa East Mine,2.2,38.9,44.4,69.3,1,1500,5000,18500,FLEET_BREAKDOWN,Haul Truck & Shovel Mechanical Failure,Reallocate Backup Fleet & Deploy Mobile Mechanics,87.6,14800
2025-05-05,Balaghat Central Mine,20.0,43.4,35.1,55.0,2,1500,5000,18500,HEATWAVE,Excavator & Crusher Motor Thermal Overload,Stagger 30-min Cooling Cycles & Night Shift Extraction,93.7,12025
2025-05-05,Mansar West Mine,20.0,43.4,35.1,55.0,2,1500,5000,18500,HEATWAVE,Excavator & Crusher Motor Thermal Overload,Stagger 30-min Cooling Cycles & Night Shift Extraction,89.2,12025
2025-05-05,Dongri Buzurg Mine,20.0,43.4,35.1,55.0,2,1500,5000,18500,HEATWAVE,Excavator & Crusher Motor Thermal Overload,Stagger 30-min Cooling Cycles & Night Shift Extraction,94.2,12025
2025-05-05,Ukwa East Mine,20.0,43.4,35.1,55.0,2,1500,5000,18500,HEATWAVE,Excavator & Crusher Motor Thermal Overload,Stagger 30-min Cooling Cycles & Night Shift Extraction,87.9,12025
2025-05-06,Balaghat Central Mine,12.1,37.8,36.4,84.2,4,1500,13077,1923,NORMAL,Optimal Mine Operations,Maintain Standard Production Schedule,91.2,1923
2025-05-06,Mansar West Mine,12.1,37.8,36.4,84.2,4,1500,15000,0,NORMAL,Optimal Mine Operations,Maintain Standard Production Schedule,97.4,0
2025-05-06,Dongri Buzurg Mine,12.1,37.8,36.4,84.2,4,1500,9422,5578,NORMAL,Optimal Mine Operations,Maintain Standard Production Schedule,91.7,5578
2025-05-06,Ukwa East Mine,12.1,37.8,36.4,84.2,4,1500,15000,0,NORMAL,Optimal Mine Operations,Maintain Standard Production Schedule,87.8,0
2025-05-07,Balaghat Central Mine,8.6,37.1,28.8,67.6,4,1500,5000,18500,FLEET_BREAKDOWN,Haul Truck & Shovel Mechanical Failure,Reallocate Backup Fleet & Deploy Mobile Mechanics,92.7,14800
2025-05-07,Mansar West Mine,8.6,37.1,28.8,67.6,4,1500,5000,18500,FLEET_BREAKDOWN,Haul Truck & Shovel Mechanical Failure,Reallocate Backup Fleet & Deploy Mobile Mechanics,86.6,14800
2025-05-07,Dongri Buzurg Mine,8.6,37.1,28.8,67.6,4,1500,5000,18500,FLEET_BREAKDOWN,Haul Truck & Shovel Mechanical Failure,Reallocate Backup Fleet & Deploy Mobile Mechanics,90.8,14800
2025-05-07,Ukwa East Mine,8.6,37.1,28.8,67.6,4,1500,5000,18500,FLEET_BREAKDOWN,Haul Truck & Shovel Mechanical Failure,Reallocate Backup Fleet & Deploy Mobile Mechanics,88.3,14800
2025-05-08,Balaghat Central Mine,1.6,45.5,18.2,65.6,1,1500,5000,18500,HEATWAVE,Excavator & Crusher Motor Thermal Overload,Stagger 30-min Cooling Cycles & Night Shift Extraction,85.5,12025
2025-05-08,Mansar West Mine,1.6,45.5,18.2,65.6,1,1500,5000,18500,HEATWAVE,Excavator & Crusher Motor Thermal Overload,Stagger 30-min Cooling Cycles & Night Shift Extraction,97.3,12025
2025-05-08,Dongri Buzurg Mine,1.6,45.5,18.2,65.6,1,1500,5000,18500,HEATWAVE,Excavator & Crusher Motor Thermal Overload,Stagger 30-min Cooling Cycles & Night Shift Extraction,95.7,12025
2025-05-08,Ukwa East Mine,1.6,45.5,18.2,65.6,1,1500,5000,18500,HEATWAVE,Excavator & Crusher Motor Thermal Overload,Stagger 30-min Cooling Cycles & Night Shift Extraction,94.0,12025
2025-05-09,Balaghat Central Mine,16.7,37.4,25.1,88.8,1,1500,8717,6283,NORMAL,Optimal Mine Operations,Maintain Standard Production Schedule,96.5,6283
2025-05-09,Mansar West Mine,16.7,37.4,25.1,88.8,1,1500,14393,607,NORMAL,Optimal Mine Operations,Maintain Standard Production Schedule,91.7,607
2025-05-09,Dongri Buzurg Mine,16.7,37.4,25.1,88.8,1,1500,14883,117,NORMAL,Optimal Mine Operations,Maintain Standard Production Schedule,93.0,117
2025-05-09,Ukwa East Mine,16.7,37.4,25.1,88.8,1,1500,15000,0,NORMAL,Optimal Mine Operations,Maintain Standard Production Schedule,88.9,0
2025-05-10,Balaghat Central Mine,4.9,38.5,30.7,87.2,3,1500,14255,745,NORMAL,Optimal Mine Operations,Maintain Standard Production Schedule,91.2,745
2025-05-10,Mansar West Mine,4.9,38.5,30.7,87.2,3,1500,11989,3011,NORMAL,Optimal Mine Operations,Maintain Standard Production Schedule,86.9,3011
2025-05-10,Dongri Buzurg Mine,4.9,38.5,30.7,87.2,3,1500,12304,2696,NORMAL,Optimal Mine Operations,Maintain Standard Production Schedule,91.1,2696
2025-05-10,Ukwa East Mine,4.9,38.5,30.7,87.2,3,1500,9883,5117,NORMAL,Optimal Mine Operations,Maintain Standard Production Schedule,92.5,5117
2025-05-11,Balaghat Central Mine,13.3,38.1,31.1,65.3,4,1500,5000,18500,FLEET_BREAKDOWN,Haul Truck & Shovel Mechanical Failure,Reallocate Backup Fleet & Deploy Mobile Mechanics,89.1,14800
2025-05-11,Mansar West Mine,13.3,38.1,31.1,65.3,4,1500,5000,18500,FLEET_BREAKDOWN,Haul Truck & Shovel Mechanical Failure,Reallocate Backup Fleet & Deploy Mobile Mechanics,85.4,14800
2025-05-11,Dongri Buzurg Mine,13.3,38.1,31.1,65.3,4,1500,5000,18500,FLEET_BREAKDOWN,Haul Truck & Shovel Mechanical Failure,Reallocate Backup Fleet & Deploy Mobile Mechanics,93.3,14800
2025-05-11,Ukwa East Mine,13.3,38.1,31.1,65.3,4,1500,5000,18500,FLEET_BREAKDOWN,Haul Truck & Shovel Mechanical Failure,Reallocate Backup Fleet & Deploy Mobile Mechanics,97.7,14800
2025-05-12,Balaghat Central Mine,1.9,45.3,20.1,58.0,1,1500,5000,18500,HEATWAVE,Excavator & Crusher Motor Thermal Overload,Stagger 30-min Cooling Cycles & Night Shift Extraction,90.3,12025
2025-05-12,Mansar West Mine,1.9,45.3,20.1,58.0,1,1500,5000,18500,HEATWAVE,Excavator & Crusher Motor Thermal Overload,Stagger 30-min Cooling Cycles & Night Shift Extraction,91.5,12025
2025-05-12,Dongri Buzurg Mine,1.9,45.3,20.1,58.0,1,1500,5000,18500,HEATWAVE,Excavator & Crusher Motor Thermal Overload,Stagger 30-min Cooling Cycles & Night Shift Extraction,85.8,12025
2025-05-12,Ukwa East Mine,1.9,45.3,20.1,58.0,1,1500,5000,18500,HEATWAVE,Excavator & Crusher Motor Thermal Overload,Stagger 30-min Cooling Cycles & Night Shift Extraction,88.7,12025
2025-05-13,Balaghat Central Mine,13.9,44.9,15.8,78.3,1,1500,5000,18500,HEATWAVE,Excavator & Crusher Motor Thermal Overload,Stagger 30-min Cooling Cycles & Night Shift Extraction,93.9,12025
2025-05-13,Mansar West Mine,13.9,44.9,15.8,78.3,1,1500,5000,18500,HEATWAVE,Excavator & Crusher Motor Thermal Overload,Stagger 30-min Cooling Cycles & Night Shift Extraction,90.8,12025
2025-05-13,Dongri Buzurg Mine,13.9,44.9,15.8,78.3,1,1500,5000,18500,HEATWAVE,Excavator & Crusher Motor Thermal Overload,Stagger 30-min Cooling Cycles & Night Shift Extraction,87.1,12025
2025-05-13,Ukwa East Mine,13.9,44.9,15.8,78.3,1,1500,5000,18500,HEATWAVE,Excavator & Crusher Motor Thermal Overload,Stagger 30-min Cooling Cycles & Night Shift Extraction,85.1,12025
2025-05-14,Balaghat Central Mine,11.9,39.1,31.0,78.4,1,1500,15000,0,NORMAL,Optimal Mine Operations,Maintain Standard Production Schedule,85.3,0
2025-05-14,Mansar West Mine,11.9,39.1,31.0,78.4,1,1500,15000,0,NORMAL,Optimal Mine Operations,Maintain Standard Production Schedule,85.7,0
2025-05-14,Dongri Buzurg Mine,11.9,39.1,31.0,78.4,1,1500,15000,0,NORMAL,Optimal Mine Operations,Maintain Standard Production Schedule,94.6,0
2025-05-14,Ukwa East Mine,11.9,39.1,31.0,78.4,1,1500,13776,1224,NORMAL,Optimal Mine Operations,Maintain Standard Production Schedule,96.6,1224
2025-05-15,Balaghat Central Mine,1.8,39.6,31.3,80.1,5,1500,15000,0,NORMAL,Optimal Mine Operations,Maintain Standard Production Schedule,97.7,0
2025-05-15,Mansar West Mine,1.8,39.6,31.3,80.1,5,1500,15000,0,NORMAL,Optimal Mine Operations,Maintain Standard Production Schedule,97.7,0
2025-05-15,Dongri Buzurg Mine,1.8,39.6,31.3,80.1,5,1500,11938,3062,NORMAL,Optimal Mine Operations,Maintain Standard Production Schedule,90.5,3062
2025-05-15,Ukwa East Mine,1.8,39.6,31.3,80.1,5,1500,15000,0,NORMAL,Optimal Mine Operations,Maintain Standard Production Schedule,89.1,0
2025-05-16,Balaghat Central Mine,8.3,45.6,37.3,95.2,5,1500,5000,18500,HEATWAVE,Excavator & Crusher Motor Thermal Overload,Stagger 30-min Cooling Cycles & Night Shift Extraction,91.5,12025
2025-05-16,Mansar West Mine,8.3,45.6,37.3,95.2,5,1500,5000,18500,HEATWAVE,Excavator & Crusher Motor Thermal Overload,Stagger 30-min Cooling Cycles & Night Shift Extraction,89.1,12025
2025-05-16,Dongri Buzurg Mine,8.3,45.6,37.3,95.2,5,1500,5000,18500,HEATWAVE,Excavator & Crusher Motor Thermal Overload,Stagger 30-min Cooling Cycles & Night Shift Extraction,94.2,12025
2025-05-16,Ukwa East Mine,8.3,45.6,37.3,95.2,5,1500,5000,18500,HEATWAVE,Excavator & Crusher Motor Thermal Overload,Stagger 30-min Cooling Cycles & Night Shift Extraction,97.2,12025
2025-05-17,Balaghat Central Mine,6.7,39.8,30.8,61.1,2,1500,5000,18500,FLEET_BREAKDOWN,Haul Truck & Shovel Mechanical Failure,Reallocate Backup Fleet & Deploy Mobile Mechanics,96.7,14800
2025-05-17,Mansar West Mine,6.7,39.8,30.8,61.1,2,1500,5000,18500,FLEET_BREAKDOWN,Haul Truck & Shovel Mechanical Failure,Reallocate Backup Fleet & Deploy Mobile Mechanics,87.8,14800
2025-05-17,Dongri Buzurg Mine,6.7,39.8,30.8,61.1,2,1500,5000,18500,FLEET_BREAKDOWN,Haul Truck & Shovel Mechanical Failure,Reallocate Backup Fleet & Deploy Mobile Mechanics,87.8,14800
2025-05-17,Ukwa East Mine,6.7,39.8,30.8,61.1,2,1500,5000,18500,FLEET_BREAKDOWN,Haul Truck & Shovel Mechanical Failure,Reallocate Backup Fleet & Deploy Mobile Mechanics,92.7,14800
2025-05-18,Balaghat Central Mine,10.3,45.5,27.2,59.7,4,1500,5000,18500,HEATWAVE,Excavator & Crusher Motor Thermal Overload,Stagger 30-min Cooling Cycles & Night Shift Extraction,88.7,12025
2025-05-18,Mansar West Mine,10.3,45.5,27.2,59.7,4,1500,5000,18500,HEATWAVE,Excavator & Crusher Motor Thermal Overload,Stagger 30-min Cooling Cycles & Night Shift Extraction,95.0,12025
2025-05-18,Dongri Buzurg Mine,10.3,45.5,27.2,59.7,4,1500,5000,18500,HEATWAVE,Excavator & Crusher Motor Thermal Overload,Stagger 30-min Cooling Cycles & Night Shift Extraction,95.3,12025
2025-05-18,Ukwa East Mine,10.3,45.5,27.2,59.7,4,1500,5000,18500,HEATWAVE,Excavator & Crusher Motor Thermal Overload,Stagger 30-min Cooling Cycles & Night Shift Extraction,86.8,12025
2025-05-19,Balaghat Central Mine,6.9,44.5,33.8,58.0,2,1500,5000,18310,HEATWAVE,Excavator & Crusher Motor Thermal Overload,Stagger 30-min Cooling Cycles & Night Shift Extraction,86.1,11901
2025-05-19,Mansar West Mine,6.9,44.5,33.8,58.0,2,1500,5000,17992,HEATWAVE,Excavator & Crusher Motor Thermal Overload,Stagger 30-min Cooling Cycles & Night Shift Extraction,88.7,11694
2025-05-19,Dongri Buzurg Mine,6.9,44.5,33.8,58.0,2,1500,5000,18500,HEATWAVE,Excavator & Crusher Motor Thermal Overload,Stagger 30-min Cooling Cycles & Night Shift Extraction,92.3,12025
2025-05-19,Ukwa East Mine,6.9,44.5,33.8,58.0,2,1500,5000,18500,HEATWAVE,Excavator & Crusher Motor Thermal Overload,Stagger 30-min Cooling Cycles & Night Shift Extraction,87.5,12025
2025-05-20,Balaghat Central Mine,14.8,36.8,42.2,92.3,3,1500,14223,777,NORMAL,Optimal Mine Operations,Maintain Standard Production Schedule,85.9,777
2025-05-20,Mansar West Mine,14.8,36.8,42.2,92.3,3,1500,10139,4861,NORMAL,Optimal Mine Operations,Maintain Standard Production Schedule,91.0,4861
2025-05-20,Dongri Buzurg Mine,14.8,36.8,42.2,92.3,3,1500,15000,0,NORMAL,Optimal Mine Operations,Maintain Standard Production Schedule,91.0,0
2025-05-20,Ukwa East Mine,14.8,36.8,42.2,92.3,3,1500,15000,0,NORMAL,Optimal Mine Operations,Maintain Standard Production Schedule,94.9,0
2025-05-21,Balaghat Central Mine,16.6,43.5,29.5,63.9,3,1500,5000,18074,HEATWAVE,Excavator & Crusher Motor Thermal Overload,Stagger 30-min Cooling Cycles & Night Shift Extraction,97.1,11748
2025-05-21,Mansar West Mine,16.6,43.5,29.5,63.9,3,1500,5000,18500,HEATWAVE,Excavator & Crusher Motor Thermal Overload,Stagger 30-min Cooling Cycles & Night Shift Extraction,96.3,12025
2025-05-21,Dongri Buzurg Mine,16.6,43.5,29.5,63.9,3,1500,5000,18500,HEATWAVE,Excavator & Crusher Motor Thermal Overload,Stagger 30-min Cooling Cycles & Night Shift Extraction,90.3,12025
2025-05-21,Ukwa East Mine,16.6,43.5,29.5,63.9,3,1500,5000,18500,HEATWAVE,Excavator & Crusher Motor Thermal Overload,Stagger 30-min Cooling Cycles & Night Shift Extraction,86.8,12025
2025-05-22,Balaghat Central Mine,15.3,40.3,15.5,59.2,5,1500,5000,10407,HEATWAVE,Excavator & Crusher Motor Thermal Overload,Stagger 30-min Cooling Cycles & Night Shift Extraction,91.6,6764
2025-05-22,Mansar West Mine,15.3,40.3,15.5,59.2,5,1500,5000,13004,HEATWAVE,Excavator & Crusher Motor Thermal Overload,Stagger 30-min Cooling Cycles & Night Shift Extraction,86.3,8452
2025-05-22,Dongri Buzurg Mine,15.3,40.3,15.5,59.2,5,1500,5460,9540,HEATWAVE,Excavator & Crusher Motor Thermal Overload,Stagger 30-min Cooling Cycles & Night Shift Extraction,90.6,6201
2025-05-22,Ukwa East Mine,15.3,40.3,15.5,59.2,5,1500,6389,8611,HEATWAVE,Excavator & Crusher Motor Thermal Overload,Stagger 30-min Cooling Cycles & Night Shift Extraction,88.3,5597
2025-05-23,Balaghat Central Mine,6.6,37.1,28.9,84.5,1,1500,15000,0,NORMAL,Optimal Mine Operations,Maintain Standard Production Schedule,93.2,0
2025-05-23,Mansar West Mine,6.6,37.1,28.9,84.5,1,1500,14576,424,NORMAL,Optimal Mine Operations,Maintain Standard Production Schedule,85.5,424
2025-05-23,Dongri Buzurg Mine,6.6,37.1,28.9,84.5,1,1500,13553,1447,NORMAL,Optimal Mine Operations,Maintain Standard Production Schedule,85.6,1447
2025-05-23,Ukwa East Mine,6.6,37.1,28.9,84.5,1,1500,13117,1883,NORMAL,Optimal Mine Operations,Maintain Standard Production Schedule,94.3,1883
2025-05-24,Balaghat Central Mine,2.3,44.9,24.1,79.2,1,1500,5000,18500,HEATWAVE,Excavator & Crusher Motor Thermal Overload,Stagger 30-min Cooling Cycles & Night Shift Extraction,86.5,12025
2025-05-24,Mansar West Mine,2.3,44.9,24.1,79.2,1,1500,5000,18500,HEATWAVE,Excavator & Crusher Motor Thermal Overload,Stagger 30-min Cooling Cycles & Night Shift Extraction,95.9,12025
2025-05-24,Dongri Buzurg Mine,2.3,44.9,24.1,79.2,1,1500,5000,18500,HEATWAVE,Excavator & Crusher Motor Thermal Overload,Stagger 30-min Cooling Cycles & Night Shift Extraction,91.9,12025
2025-05-24,Ukwa East Mine,2.3,44.9,24.1,79.2,1,1500,5000,18500,HEATWAVE,Excavator & Crusher Motor Thermal Overload,Stagger 30-min Cooling Cycles & Night Shift Extraction,85.6,12025
2025-05-25,Balaghat Central Mine,5.0,42.0,23.3,85.6,3,1500,5000,15912,HEATWAVE,Excavator & Crusher Motor Thermal Overload,Stagger 30-min Cooling Cycles & Night Shift Extraction,96.7,10342
2025-05-25,Mansar West Mine,5.0,42.0,23.3,85.6,3,1500,5000,16234,HEATWAVE,Excavator & Crusher Motor Thermal Overload,Stagger 30-min Cooling Cycles & Night Shift Extraction,87.1,10552
2025-05-25,Dongri Buzurg Mine,5.0,42.0,23.3,85.6,3,1500,5000,11228,HEATWAVE,Excavator & Crusher Motor Thermal Overload,Stagger 30-min Cooling Cycles & Night Shift Extraction,87.3,7298
2025-05-25,Ukwa East Mine,5.0,42.0,23.3,85.6,3,1500,5000,18500,HEATWAVE,Excavator & Crusher Motor Thermal Overload,Stagger 30-min Cooling Cycles & Night Shift Extraction,94.6,12025
2025-05-26,Balaghat Central Mine,3.0,37.1,37.8,57.5,3,1500,5000,18500,FLEET_BREAKDOWN,Haul Truck & Shovel Mechanical Failure,Reallocate Backup Fleet & Deploy Mobile Mechanics,86.3,14800
2025-05-26,Mansar West Mine,3.0,37.1,37.8,57.5,3,1500,5000,18500,FLEET_BREAKDOWN,Haul Truck & Shovel Mechanical Failure,Reallocate Backup Fleet & Deploy Mobile Mechanics,96.2,14800
2025-05-26,Dongri Buzurg Mine,3.0,37.1,37.8,57.5,3,1500,5000,18500,FLEET_BREAKDOWN,Haul Truck & Shovel Mechanical Failure,Reallocate Backup Fleet & Deploy Mobile Mechanics,88.9,14800
2025-05-26,Ukwa East Mine,3.0,37.1,37.8,57.5,3,1500,5000,18500,FLEET_BREAKDOWN,Haul Truck & Shovel Mechanical Failure,Reallocate Backup Fleet & Deploy Mobile Mechanics,92.8,14800
2025-05-27,Balaghat Central Mine,8.3,40.1,19.6,91.5,3,1500,12299,2701,HEATWAVE,Excavator & Crusher Motor Thermal Overload,Stagger 30-min Cooling Cycles & Night Shift Extraction,85.9,1755
2025-05-27,Mansar West Mine,8.3,40.1,19.6,91.5,3,1500,6051,8949,HEATWAVE,Excavator & Crusher Motor Thermal Overload,Stagger 30-min Cooling Cycles & Night Shift Extraction,89.3,5816
2025-05-27,Dongri Buzurg Mine,8.3,40.1,19.6,91.5,3,1500,14441,559,HEATWAVE,Excavator & Crusher Motor Thermal Overload,Stagger 30-min Cooling Cycles & Night Shift Extraction,89.6,363
2025-05-27,Ukwa East Mine,8.3,40.1,19.6,91.5,3,1500,9555,5445,HEATWAVE,Excavator & Crusher Motor Thermal Overload,Stagger 30-min Cooling Cycles & Night Shift Extraction,87.0,3539
2025-05-28,Balaghat Central Mine,19.6,42.4,26.2,90.2,2,1500,5000,15208,HEATWAVE,Excavator & Crusher Motor Thermal Overload,Stagger 30-min Cooling Cycles & Night Shift Extraction,92.4,9885
2025-05-28,Mansar West Mine,19.6,42.4,26.2,90.2,2,1500,5000,18394,HEATWAVE,Excavator & Crusher Motor Thermal Overload,Stagger 30-min Cooling Cycles & Night Shift Extraction,92.9,11956
2025-05-28,Dongri Buzurg Mine,19.6,42.4,26.2,90.2,2,1500,5000,18500,HEATWAVE,Excavator & Crusher Motor Thermal Overload,Stagger 30-min Cooling Cycles & Night Shift Extraction,87.3,12025
2025-05-28,Ukwa East Mine,19.6,42.4,26.2,90.2,2,1500,5000,15704,HEATWAVE,Excavator & Crusher Motor Thermal Overload,Stagger 30-min Cooling Cycles & Night Shift Extraction,87.7,10207
2025-05-29,Balaghat Central Mine,6.2,38.4,26.7,85.8,5,1500,15000,0,NORMAL,Optimal Mine Operations,Maintain Standard Production Schedule,93.5,0
2025-05-29,Mansar West Mine,6.2,38.4,26.7,85.8,5,1500,15000,0,NORMAL,Optimal Mine Operations,Maintain Standard Production Schedule,85.8,0
2025-05-29,Dongri Buzurg Mine,6.2,38.4,26.7,85.8,5,1500,15000,0,NORMAL,Optimal Mine Operations,Maintain Standard Production Schedule,97.8,0
2025-05-29,Ukwa East Mine,6.2,38.4,26.7,85.8,5,1500,15000,0,NORMAL,Optimal Mine Operations,Maintain Standard Production Schedule,92.9,0
2025-05-30,Balaghat Central Mine,17.9,45.1,34.9,76.8,1,1500,5000,18500,HEATWAVE,Excavator & Crusher Motor Thermal Overload,Stagger 30-min Cooling Cycles & Night Shift Extraction,87.9,12025
2025-05-30,Mansar West Mine,17.9,45.1,34.9,76.8,1,1500,5000,18500,HEATWAVE,Excavator & Crusher Motor Thermal Overload,Stagger 30-min Cooling Cycles & Night Shift Extraction,87.3,12025
2025-05-30,Dongri Buzurg Mine,17.9,45.1,34.9,76.8,1,1500,5000,18500,HEATWAVE,Excavator & Crusher Motor Thermal Overload,Stagger 30-min Cooling Cycles & Night Shift Extraction,94.1,12025
2025-05-30,Ukwa East Mine,17.9,45.1,34.9,76.8,1,1500,5000,18500,HEATWAVE,Excavator & Crusher Motor Thermal Overload,Stagger 30-min Cooling Cycles & Night Shift Extraction,90.4,12025
2025-05-31,Balaghat Central Mine,8.0,40.2,32.3,90.7,1,1500,9425,5575,HEATWAVE,Excavator & Crusher Motor Thermal Overload,Stagger 30-min Cooling Cycles & Night Shift Extraction,95.7,3623
2025-05-31,Mansar West Mine,8.0,40.2,32.3,90.7,1,1500,8983,6017,HEATWAVE,Excavator & Crusher Motor Thermal Overload,Stagger 30-min Cooling Cycles & Night Shift Extraction,95.2,3911
2025-05-31,Dongri Buzurg Mine,8.0,40.2,32.3,90.7,1,1500,5000,15416,HEATWAVE,Excavator & Crusher Motor Thermal Overload,Stagger 30-min Cooling Cycles & Night Shift Extraction,94.7,10020
2025-05-31,Ukwa East Mine,8.0,40.2,32.3,90.7,1,1500,7617,7383,HEATWAVE,Excavator & Crusher Motor Thermal Overload,Stagger 30-min Cooling Cycles & Night Shift Extraction,87.7,4798
2025-06-01,Balaghat Central Mine,170.5,23.6,87.3,60.5,1,1500,5000,18500,HEAVY_RAIN,Pit Waterlogging & Haul Mud Friction,Deploy Dewatering Pumps & Route via High Ramp,91.0,13320
2025-06-01,Mansar West Mine,170.5,23.6,87.3,60.5,1,1500,5000,18500,HEAVY_RAIN,Pit Waterlogging & Haul Mud Friction,Deploy Dewatering Pumps & Route via High Ramp,87.0,13320
2025-06-01,Dongri Buzurg Mine,170.5,23.6,87.3,60.5,1,1500,5000,18500,HEAVY_RAIN,Pit Waterlogging & Haul Mud Friction,Deploy Dewatering Pumps & Route via High Ramp,88.5,13320
2025-06-01,Ukwa East Mine,170.5,23.6,87.3,60.5,1,1500,5000,18500,HEAVY_RAIN,Pit Waterlogging & Haul Mud Friction,Deploy Dewatering Pumps & Route via High Ramp,89.7,13320
2025-06-02,Balaghat Central Mine,158.0,20.2,80.3,58.4,3,1500,5000,18500,HEAVY_RAIN,Pit Waterlogging & Haul Mud Friction,Deploy Dewatering Pumps & Route via High Ramp,91.2,13320
2025-06-02,Mansar West Mine,158.0,20.2,80.3,58.4,3,1500,5000,18500,HEAVY_RAIN,Pit Waterlogging & Haul Mud Friction,Deploy Dewatering Pumps & Route via High Ramp,96.5,13320
2025-06-02,Dongri Buzurg Mine,158.0,20.2,80.3,58.4,3,1500,5000,18500,HEAVY_RAIN,Pit Waterlogging & Haul Mud Friction,Deploy Dewatering Pumps & Route via High Ramp,91.4,13320
2025-06-02,Ukwa East Mine,158.0,20.2,80.3,58.4,3,1500,5000,18500,HEAVY_RAIN,Pit Waterlogging & Haul Mud Friction,Deploy Dewatering Pumps & Route via High Ramp,93.1,13320
2025-06-03,Balaghat Central Mine,82.6,23.5,62.9,95.4,1,1500,5000,18500,HEAVY_RAIN,Pit Waterlogging & Haul Mud Friction,Deploy Dewatering Pumps & Route via High Ramp,94.3,13320
2025-06-03,Mansar West Mine,82.6,23.5,62.9,95.4,1,1500,5000,18500,HEAVY_RAIN,Pit Waterlogging & Haul Mud Friction,Deploy Dewatering Pumps & Route via High Ramp,97.2,13320
2025-06-03,Dongri Buzurg Mine,82.6,23.5,62.9,95.4,1,1500,5000,18500,HEAVY_RAIN,Pit Waterlogging & Haul Mud Friction,Deploy Dewatering Pumps & Route via High Ramp,88.4,13320
2025-06-03,Ukwa East Mine,82.6,23.5,62.9,95.4,1,1500,5000,18500,HEAVY_RAIN,Pit Waterlogging & Haul Mud Friction,Deploy Dewatering Pumps & Route via High Ramp,87.7,13320
2025-06-04,Balaghat Central Mine,128.4,21.9,83.2,58.8,1,1500,5000,18500,HEAVY_RAIN,Pit Waterlogging & Haul Mud Friction,Deploy Dewatering Pumps & Route via High Ramp,95.3,13320
2025-06-04,Mansar West Mine,128.4,21.9,83.2,58.8,1,1500,5000,18500,HEAVY_RAIN,Pit Waterlogging & Haul Mud Friction,Deploy Dewatering Pumps & Route via High Ramp,93.5,13320
2025-06-04,Dongri Buzurg Mine,128.4,21.9,83.2,58.8,1,1500,5000,18500,HEAVY_RAIN,Pit Waterlogging & Haul Mud Friction,Deploy Dewatering Pumps & Route via High Ramp,85.1,13320
2025-06-04,Ukwa East Mine,128.4,21.9,83.2,58.8,1,1500,5000,18500,HEAVY_RAIN,Pit Waterlogging & Haul Mud Friction,Deploy Dewatering Pumps & Route via High Ramp,97.4,13320
2025-06-05,Balaghat Central Mine,136.8,21.6,62.2,64.3,5,1500,5000,18500,HEAVY_RAIN,Pit Waterlogging & Haul Mud Friction,Deploy Dewatering Pumps & Route via High Ramp,90.1,13320
2025-06-05,Mansar West Mine,136.8,21.6,62.2,64.3,5,1500,5000,18500,HEAVY_RAIN,Pit Waterlogging & Haul Mud Friction,Deploy Dewatering Pumps & Route via High Ramp,94.9,13320
2025-06-05,Dongri Buzurg Mine,136.8,21.6,62.2,64.3,5,1500,5000,18500,HEAVY_RAIN,Pit Waterlogging & Haul Mud Friction,Deploy Dewatering Pumps & Route via High Ramp,95.9,13320
2025-06-05,Ukwa East Mine,136.8,21.6,62.2,64.3,5,1500,5000,18500,HEAVY_RAIN,Pit Waterlogging & Haul Mud Friction,Deploy Dewatering Pumps & Route via High Ramp,89.0,13320
2025-06-06,Balaghat Central Mine,42.0,26.0,80.0,88.8,3,1500,5000,10574,HIGH_MOISTURE,Rock Bench Blasting Misfire Risk,Switch to Emulsion Charges & Dry Stemming Sequence,93.0,7930
2025-06-06,Mansar West Mine,42.0,26.0,80.0,88.8,3,1500,5000,10066,HIGH_MOISTURE,Rock Bench Blasting Misfire Risk,Switch to Emulsion Charges & Dry Stemming Sequence,97.6,7549
2025-06-06,Dongri Buzurg Mine,42.0,26.0,80.0,88.8,3,1500,5000,16500,HIGH_MOISTURE,Rock Bench Blasting Misfire Risk,Switch to Emulsion Charges & Dry Stemming Sequence,93.8,12375
2025-06-06,Ukwa East Mine,42.0,26.0,80.0,88.8,3,1500,5000,13113,HIGH_MOISTURE,Rock Bench Blasting Misfire Risk,Switch to Emulsion Charges & Dry Stemming Sequence,87.9,9834
2025-06-07,Balaghat Central Mine,32.7,25.3,69.4,86.3,1,1500,5000,10797,HIGH_MOISTURE,Rock Bench Blasting Misfire Risk,Switch to Emulsion Charges & Dry Stemming Sequence,91.7,8097
2025-06-07,Mansar West Mine,32.7,25.3,69.4,86.3,1,1500,5256,9744,HIGH_MOISTURE,Rock Bench Blasting Misfire Risk,Switch to Emulsion Charges & Dry Stemming Sequence,89.1,7308
2025-06-07,Dongri Buzurg Mine,32.7,25.3,69.4,86.3,1,1500,9578,5422,HIGH_MOISTURE,Rock Bench Blasting Misfire Risk,Switch to Emulsion Charges & Dry Stemming Sequence,97.9,4066
2025-06-07,Ukwa East Mine,32.7,25.3,69.4,86.3,1,1500,8047,6953,HIGH_MOISTURE,Rock Bench Blasting Misfire Risk,Switch to Emulsion Charges & Dry Stemming Sequence,88.7,5214
2025-06-08,Balaghat Central Mine,49.2,30.2,65.3,76.0,3,1500,6362,8638,HIGH_MOISTURE,Rock Bench Blasting Misfire Risk,Switch to Emulsion Charges & Dry Stemming Sequence,89.3,6478
2025-06-08,Mansar West Mine,49.2,30.2,65.3,76.0,3,1500,10150,4850,HIGH_MOISTURE,Rock Bench Blasting Misfire Risk,Switch to Emulsion Charges & Dry Stemming Sequence,95.9,3637
2025-06-08,Dongri Buzurg Mine,49.2,30.2,65.3,76.0,3,1500,14235,765,HIGH_MOISTURE,Rock Bench Blasting Misfire Risk,Switch to Emulsion Charges & Dry Stemming Sequence,92.6,573
2025-06-08,Ukwa East Mine,49.2,30.2,65.3,76.0,3,1500,14700,300,HIGH_MOISTURE,Rock Bench Blasting Misfire Risk,Switch to Emulsion Charges & Dry Stemming Sequence,85.4,225
2025-06-09,Balaghat Central Mine,83.3,29.1,78.2,88.6,1,1500,5000,18500,HEAVY_RAIN,Pit Waterlogging & Haul Mud Friction,Deploy Dewatering Pumps & Route via High Ramp,93.7,13320
2025-06-09,Mansar West Mine,83.3,29.1,78.2,88.6,1,1500,5000,18500,HEAVY_RAIN,Pit Waterlogging & Haul Mud Friction,Deploy Dewatering Pumps & Route via High Ramp,87.0,13320
2025-06-09,Dongri Buzurg Mine,83.3,29.1,78.2,88.6,1,1500,5000,18500,HEAVY_RAIN,Pit Waterlogging & Haul Mud Friction,Deploy Dewatering Pumps & Route via High Ramp,85.6,13320
2025-06-09,Ukwa East Mine,83.3,29.1,78.2,88.6,1,1500,5000,18500,HEAVY_RAIN,Pit Waterlogging & Haul Mud Friction,Deploy Dewatering Pumps & Route via High Ramp,91.4,13320
2025-06-10,Balaghat Central Mine,167.1,20.4,63.7,92.0,4,1500,5000,18500,HEAVY_RAIN,Pit Waterlogging & Haul Mud Friction,Deploy Dewatering Pumps & Route via High Ramp,87.1,13320
2025-06-10,Mansar West Mine,167.1,20.4,63.7,92.0,4,1500,5000,18500,HEAVY_RAIN,Pit Waterlogging & Haul Mud Friction,Deploy Dewatering Pumps & Route via High Ramp,97.4,13320
2025-06-10,Dongri Buzurg Mine,167.1,20.4,63.7,92.0,4,1500,5000,18500,HEAVY_RAIN,Pit Waterlogging & Haul Mud Friction,Deploy Dewatering Pumps & Route via High Ramp,96.2,13320
2025-06-10,Ukwa East Mine,167.1,20.4,63.7,92.0,4,1500,5000,18500,HEAVY_RAIN,Pit Waterlogging & Haul Mud Friction,Deploy Dewatering Pumps & Route via High Ramp,95.2,13320
2025-06-11,Balaghat Central Mine,44.3,24.2,84.7,93.8,2,1500,5000,18500,HIGH_MOISTURE,Rock Bench Blasting Misfire Risk,Switch to Emulsion Charges & Dry Stemming Sequence,89.5,13875
2025-06-11,Mansar West Mine,44.3,24.2,84.7,93.8,2,1500,5000,18500,HIGH_MOISTURE,Rock Bench Blasting Misfire Risk,Switch to Emulsion Charges & Dry Stemming Sequence,94.9,13875
2025-06-11,Dongri Buzurg Mine,44.3,24.2,84.7,93.8,2,1500,5000,18500,HIGH_MOISTURE,Rock Bench Blasting Misfire Risk,Switch to Emulsion Charges & Dry Stemming Sequence,85.3,13875
2025-06-11,Ukwa East Mine,44.3,24.2,84.7,93.8,2,1500,5000,18500,HIGH_MOISTURE,Rock Bench Blasting Misfire Risk,Switch to Emulsion Charges & Dry Stemming Sequence,96.7,13875
2025-06-12,Balaghat Central Mine,162.7,27.1,71.7,78.2,4,1500,5000,18500,HEAVY_RAIN,Pit Waterlogging & Haul Mud Friction,Deploy Dewatering Pumps & Route via High Ramp,87.8,13320
2025-06-12,Mansar West Mine,162.7,27.1,71.7,78.2,4,1500,5000,18500,HEAVY_RAIN,Pit Waterlogging & Haul Mud Friction,Deploy Dewatering Pumps & Route via High Ramp,91.2,13320
2025-06-12,Dongri Buzurg Mine,162.7,27.1,71.7,78.2,4,1500,5000,18500,HEAVY_RAIN,Pit Waterlogging & Haul Mud Friction,Deploy Dewatering Pumps & Route via High Ramp,97.9,13320
2025-06-12,Ukwa East Mine,162.7,27.1,71.7,78.2,4,1500,5000,18500,HEAVY_RAIN,Pit Waterlogging & Haul Mud Friction,Deploy Dewatering Pumps & Route via High Ramp,91.0,13320
2025-06-13,Balaghat Central Mine,152.3,25.8,69.5,56.7,2,1500,5000,18500,HEAVY_RAIN,Pit Waterlogging & Haul Mud Friction,Deploy Dewatering Pumps & Route via High Ramp,86.6,13320
2025-06-13,Mansar West Mine,152.3,25.8,69.5,56.7,2,1500,5000,18500,HEAVY_RAIN,Pit Waterlogging & Haul Mud Friction,Deploy Dewatering Pumps & Route via High Ramp,85.9,13320
2025-06-13,Dongri Buzurg Mine,152.3,25.8,69.5,56.7,2,1500,5000,18500,HEAVY_RAIN,Pit Waterlogging & Haul Mud Friction,Deploy Dewatering Pumps & Route via High Ramp,95.3,13320
2025-06-13,Ukwa East Mine,152.3,25.8,69.5,56.7,2,1500,5000,18500,HEAVY_RAIN,Pit Waterlogging & Haul Mud Friction,Deploy Dewatering Pumps & Route via High Ramp,85.3,13320
2025-06-14,Balaghat Central Mine,106.7,23.9,76.2,56.9,5,1500,5000,18500,HEAVY_RAIN,Pit Waterlogging & Haul Mud Friction,Deploy Dewatering Pumps & Route via High Ramp,95.5,13320
2025-06-14,Mansar West Mine,106.7,23.9,76.2,56.9,5,1500,5000,18500,HEAVY_RAIN,Pit Waterlogging & Haul Mud Friction,Deploy Dewatering Pumps & Route via High Ramp,88.3,13320
2025-06-14,Dongri Buzurg Mine,106.7,23.9,76.2,56.9,5,1500,5000,18500,HEAVY_RAIN,Pit Waterlogging & Haul Mud Friction,Deploy Dewatering Pumps & Route via High Ramp,88.4,13320
2025-06-14,Ukwa East Mine,106.7,23.9,76.2,56.9,5,1500,5000,18500,HEAVY_RAIN,Pit Waterlogging & Haul Mud Friction,Deploy Dewatering Pumps & Route via High Ramp,85.8,13320
2025-06-15,Balaghat Central Mine,121.9,25.2,60.9,95.0,2,1500,5000,18500,HEAVY_RAIN,Pit Waterlogging & Haul Mud Friction,Deploy Dewatering Pumps & Route via High Ramp,96.7,13320
2025-06-15,Mansar West Mine,121.9,25.2,60.9,95.0,2,1500,5000,18500,HEAVY_RAIN,Pit Waterlogging & Haul Mud Friction,Deploy Dewatering Pumps & Route via High Ramp,93.5,13320
2025-06-15,Dongri Buzurg Mine,121.9,25.2,60.9,95.0,2,1500,5000,18500,HEAVY_RAIN,Pit Waterlogging & Haul Mud Friction,Deploy Dewatering Pumps & Route via High Ramp,86.6,13320
2025-06-15,Ukwa East Mine,121.9,25.2,60.9,95.0,2,1500,5000,18500,HEAVY_RAIN,Pit Waterlogging & Haul Mud Friction,Deploy Dewatering Pumps & Route via High Ramp,90.7,13320
2025-06-16,Balaghat Central Mine,112.5,24.1,81.4,61.2,2,1500,5000,18500,HEAVY_RAIN,Pit Waterlogging & Haul Mud Friction,Deploy Dewatering Pumps & Route via High Ramp,96.8,13320
2025-06-16,Mansar West Mine,112.5,24.1,81.4,61.2,2,1500,5000,18500,HEAVY_RAIN,Pit Waterlogging & Haul Mud Friction,Deploy Dewatering Pumps & Route via High Ramp,88.3,13320
2025-06-16,Dongri Buzurg Mine,112.5,24.1,81.4,61.2,2,1500,5000,18500,HEAVY_RAIN,Pit Waterlogging & Haul Mud Friction,Deploy Dewatering Pumps & Route via High Ramp,87.0,13320
2025-06-16,Ukwa East Mine,112.5,24.1,81.4,61.2,2,1500,5000,18500,HEAVY_RAIN,Pit Waterlogging & Haul Mud Friction,Deploy Dewatering Pumps & Route via High Ramp,91.7,13320
2025-06-17,Balaghat Central Mine,126.3,22.3,64.1,61.0,1,1500,5000,18500,HEAVY_RAIN,Pit Waterlogging & Haul Mud Friction,Deploy Dewatering Pumps & Route via High Ramp,91.2,13320
2025-06-17,Mansar West Mine,126.3,22.3,64.1,61.0,1,1500,5000,18500,HEAVY_RAIN,Pit Waterlogging & Haul Mud Friction,Deploy Dewatering Pumps & Route via High Ramp,94.7,13320
2025-06-17,Dongri Buzurg Mine,126.3,22.3,64.1,61.0,1,1500,5000,18500,HEAVY_RAIN,Pit Waterlogging & Haul Mud Friction,Deploy Dewatering Pumps & Route via High Ramp,91.8,13320
2025-06-17,Ukwa East Mine,126.3,22.3,64.1,61.0,1,1500,5000,18500,HEAVY_RAIN,Pit Waterlogging & Haul Mud Friction,Deploy Dewatering Pumps & Route via High Ramp,90.2,13320
2025-06-18,Balaghat Central Mine,52.9,23.2,62.9,72.1,1,1500,7854,7146,HEAVY_RAIN,Pit Waterlogging & Haul Mud Friction,Deploy Dewatering Pumps & Route via High Ramp,93.8,5145
2025-06-18,Mansar West Mine,52.9,23.2,62.9,72.1,1,1500,7187,7813,HEAVY_RAIN,Pit Waterlogging & Haul Mud Friction,Deploy Dewatering Pumps & Route via High Ramp,94.5,5625
2025-06-18,Dongri Buzurg Mine,52.9,23.2,62.9,72.1,1,1500,5499,9501,HEAVY_RAIN,Pit Waterlogging & Haul Mud Friction,Deploy Dewatering Pumps & Route via High Ramp,95.5,6840
2025-06-18,Ukwa East Mine,52.9,23.2,62.9,72.1,1,1500,5000,16494,HEAVY_RAIN,Pit Waterlogging & Haul Mud Friction,Deploy Dewatering Pumps & Route via High Ramp,87.0,11875
2025-06-19,Balaghat Central Mine,145.8,28.0,67.7,85.4,1,1500,5000,18500,HEAVY_RAIN,Pit Waterlogging & Haul Mud Friction,Deploy Dewatering Pumps & Route via High Ramp,91.4,13320
2025-06-19,Mansar West Mine,145.8,28.0,67.7,85.4,1,1500,5000,18500,HEAVY_RAIN,Pit Waterlogging & Haul Mud Friction,Deploy Dewatering Pumps & Route via High Ramp,93.1,13320
2025-06-19,Dongri Buzurg Mine,145.8,28.0,67.7,85.4,1,1500,5000,18500,HEAVY_RAIN,Pit Waterlogging & Haul Mud Friction,Deploy Dewatering Pumps & Route via High Ramp,91.4,13320
2025-06-19,Ukwa East Mine,145.8,28.0,67.7,85.4,1,1500,5000,18500,HEAVY_RAIN,Pit Waterlogging & Haul Mud Friction,Deploy Dewatering Pumps & Route via High Ramp,87.2,13320
2025-06-20,Balaghat Central Mine,149.4,25.7,82.6,86.8,5,1500,5000,18500,HEAVY_RAIN,Pit Waterlogging & Haul Mud Friction,Deploy Dewatering Pumps & Route via High Ramp,92.3,13320
2025-06-20,Mansar West Mine,149.4,25.7,82.6,86.8,5,1500,5000,18500,HEAVY_RAIN,Pit Waterlogging & Haul Mud Friction,Deploy Dewatering Pumps & Route via High Ramp,89.2,13320
2025-06-20,Dongri Buzurg Mine,149.4,25.7,82.6,86.8,5,1500,5000,18500,HEAVY_RAIN,Pit Waterlogging & Haul Mud Friction,Deploy Dewatering Pumps & Route via High Ramp,94.7,13320
2025-06-20,Ukwa East Mine,149.4,25.7,82.6,86.8,5,1500,5000,18500,HEAVY_RAIN,Pit Waterlogging & Haul Mud Friction,Deploy Dewatering Pumps & Route via High Ramp,90.0,13320
2025-06-21,Balaghat Central Mine,98.4,25.6,87.6,57.0,4,1500,5000,18500,HEAVY_RAIN,Pit Waterlogging & Haul Mud Friction,Deploy Dewatering Pumps & Route via High Ramp,89.8,13320
2025-06-21,Mansar West Mine,98.4,25.6,87.6,57.0,4,1500,5000,18500,HEAVY_RAIN,Pit Waterlogging & Haul Mud Friction,Deploy Dewatering Pumps & Route via High Ramp,87.4,13320
2025-06-21,Dongri Buzurg Mine,98.4,25.6,87.6,57.0,4,1500,5000,18500,HEAVY_RAIN,Pit Waterlogging & Haul Mud Friction,Deploy Dewatering Pumps & Route via High Ramp,91.0,13320
2025-06-21,Ukwa East Mine,98.4,25.6,87.6,57.0,4,1500,5000,18500,HEAVY_RAIN,Pit Waterlogging & Haul Mud Friction,Deploy Dewatering Pumps & Route via High Ramp,96.3,13320
2025-06-22,Balaghat Central Mine,63.8,25.5,85.5,86.7,3,1500,5000,16964,HEAVY_RAIN,Pit Waterlogging & Haul Mud Friction,Deploy Dewatering Pumps & Route via High Ramp,97.2,12214
2025-06-22,Mansar West Mine,63.8,25.5,85.5,86.7,3,1500,5000,16290,HEAVY_RAIN,Pit Waterlogging & Haul Mud Friction,Deploy Dewatering Pumps & Route via High Ramp,87.9,11728
2025-06-22,Dongri Buzurg Mine,63.8,25.5,85.5,86.7,3,1500,5000,14561,HEAVY_RAIN,Pit Waterlogging & Haul Mud Friction,Deploy Dewatering Pumps & Route via High Ramp,97.4,10483
2025-06-22,Ukwa East Mine,63.8,25.5,85.5,86.7,3,1500,5000,10688,HEAVY_RAIN,Pit Waterlogging & Haul Mud Friction,Deploy Dewatering Pumps & Route via High Ramp,96.1,7695
2025-06-23,Balaghat Central Mine,141.8,27.7,76.4,90.6,4,1500,5000,18500,HEAVY_RAIN,Pit Waterlogging & Haul Mud Friction,Deploy Dewatering Pumps & Route via High Ramp,93.5,13320
2025-06-23,Mansar West Mine,141.8,27.7,76.4,90.6,4,1500,5000,18500,HEAVY_RAIN,Pit Waterlogging & Haul Mud Friction,Deploy Dewatering Pumps & Route via High Ramp,94.5,13320
2025-06-23,Dongri Buzurg Mine,141.8,27.7,76.4,90.6,4,1500,5000,18500,HEAVY_RAIN,Pit Waterlogging & Haul Mud Friction,Deploy Dewatering Pumps & Route via High Ramp,94.6,13320
2025-06-23,Ukwa East Mine,141.8,27.7,76.4,90.6,4,1500,5000,18500,HEAVY_RAIN,Pit Waterlogging & Haul Mud Friction,Deploy Dewatering Pumps & Route via High Ramp,89.8,13320
2025-06-24,Balaghat Central Mine,156.3,21.0,64.9,77.9,5,1500,5000,18500,HEAVY_RAIN,Pit Waterlogging & Haul Mud Friction,Deploy Dewatering Pumps & Route via High Ramp,88.1,13320
2025-06-24,Mansar West Mine,156.3,21.0,64.9,77.9,5,1500,5000,18500,HEAVY_RAIN,Pit Waterlogging & Haul Mud Friction,Deploy Dewatering Pumps & Route via High Ramp,97.1,13320
2025-06-24,Dongri Buzurg Mine,156.3,21.0,64.9,77.9,5,1500,5000,18500,HEAVY_RAIN,Pit Waterlogging & Haul Mud Friction,Deploy Dewatering Pumps & Route via High Ramp,87.8,13320
2025-06-24,Ukwa East Mine,156.3,21.0,64.9,77.9,5,1500,5000,18500,HEAVY_RAIN,Pit Waterlogging & Haul Mud Friction,Deploy Dewatering Pumps & Route via High Ramp,85.7,13320
2025-06-25,Balaghat Central Mine,104.4,30.8,76.9,92.0,4,1500,5000,18500,HEAVY_RAIN,Pit Waterlogging & Haul Mud Friction,Deploy Dewatering Pumps & Route via High Ramp,88.0,13320
2025-06-25,Mansar West Mine,104.4,30.8,76.9,92.0,4,1500,5000,18500,HEAVY_RAIN,Pit Waterlogging & Haul Mud Friction,Deploy Dewatering Pumps & Route via High Ramp,95.3,13320
2025-06-25,Dongri Buzurg Mine,104.4,30.8,76.9,92.0,4,1500,5000,18500,HEAVY_RAIN,Pit Waterlogging & Haul Mud Friction,Deploy Dewatering Pumps & Route via High Ramp,94.5,13320
2025-06-25,Ukwa East Mine,104.4,30.8,76.9,92.0,4,1500,5000,18500,HEAVY_RAIN,Pit Waterlogging & Haul Mud Friction,Deploy Dewatering Pumps & Route via High Ramp,93.3,13320
2025-06-26,Balaghat Central Mine,129.0,26.1,62.7,77.9,5,1500,5000,18500,HEAVY_RAIN,Pit Waterlogging & Haul Mud Friction,Deploy Dewatering Pumps & Route via High Ramp,91.0,13320
2025-06-26,Mansar West Mine,129.0,26.1,62.7,77.9,5,1500,5000,18500,HEAVY_RAIN,Pit Waterlogging & Haul Mud Friction,Deploy Dewatering Pumps & Route via High Ramp,86.8,13320
2025-06-26,Dongri Buzurg Mine,129.0,26.1,62.7,77.9,5,1500,5000,18500,HEAVY_RAIN,Pit Waterlogging & Haul Mud Friction,Deploy Dewatering Pumps & Route via High Ramp,92.6,13320
2025-06-26,Ukwa East Mine,129.0,26.1,62.7,77.9,5,1500,5000,18500,HEAVY_RAIN,Pit Waterlogging & Haul Mud Friction,Deploy Dewatering Pumps & Route via High Ramp,92.7,13320
2025-06-27,Balaghat Central Mine,167.8,24.6,91.3,97.3,2,1500,5000,18500,HEAVY_RAIN,Pit Waterlogging & Haul Mud Friction,Deploy Dewatering Pumps & Route via High Ramp,96.6,13320
2025-06-27,Mansar West Mine,167.8,24.6,91.3,97.3,2,1500,5000,18500,HEAVY_RAIN,Pit Waterlogging & Haul Mud Friction,Deploy Dewatering Pumps & Route via High Ramp,87.9,13320
2025-06-27,Dongri Buzurg Mine,167.8,24.6,91.3,97.3,2,1500,5000,18500,HEAVY_RAIN,Pit Waterlogging & Haul Mud Friction,Deploy Dewatering Pumps & Route via High Ramp,90.8,13320
2025-06-27,Ukwa East Mine,167.8,24.6,91.3,97.3,2,1500,5000,18500,HEAVY_RAIN,Pit Waterlogging & Haul Mud Friction,Deploy Dewatering Pumps & Route via High Ramp,86.0,13320
2025-06-28,Balaghat Central Mine,163.7,29.9,65.3,62.6,1,1500,5000,18500,HEAVY_RAIN,Pit Waterlogging & Haul Mud Friction,Deploy Dewatering Pumps & Route via High Ramp,89.4,13320
2025-06-28,Mansar West Mine,163.7,29.9,65.3,62.6,1,1500,5000,18500,HEAVY_RAIN,Pit Waterlogging & Haul Mud Friction,Deploy Dewatering Pumps & Route via High Ramp,96.7,13320
2025-06-28,Dongri Buzurg Mine,163.7,29.9,65.3,62.6,1,1500,5000,18500,HEAVY_RAIN,Pit Waterlogging & Haul Mud Friction,Deploy Dewatering Pumps & Route via High Ramp,85.1,13320
2025-06-28,Ukwa East Mine,163.7,29.9,65.3,62.6,1,1500,5000,18500,HEAVY_RAIN,Pit Waterlogging & Haul Mud Friction,Deploy Dewatering Pumps & Route via High Ramp,94.6,13320
2025-06-29,Balaghat Central Mine,74.7,23.2,69.9,62.6,4,1500,5000,18500,HEAVY_RAIN,Pit Waterlogging & Haul Mud Friction,Deploy Dewatering Pumps & Route via High Ramp,88.7,13320
2025-06-29,Mansar West Mine,74.7,23.2,69.9,62.6,4,1500,5000,18500,HEAVY_RAIN,Pit Waterlogging & Haul Mud Friction,Deploy Dewatering Pumps & Route via High Ramp,95.9,13320
2025-06-29,Dongri Buzurg Mine,74.7,23.2,69.9,62.6,4,1500,5000,17622,HEAVY_RAIN,Pit Waterlogging & Haul Mud Friction,Deploy Dewatering Pumps & Route via High Ramp,96.0,12687
2025-06-29,Ukwa East Mine,74.7,23.2,69.9,62.6,4,1500,5000,18500,HEAVY_RAIN,Pit Waterlogging & Haul Mud Friction,Deploy Dewatering Pumps & Route via High Ramp,93.8,13320
2025-06-30,Balaghat Central Mine,120.4,22.9,75.9,66.3,5,1500,5000,18500,HEAVY_RAIN,Pit Waterlogging & Haul Mud Friction,Deploy Dewatering Pumps & Route via High Ramp,89.1,13320
2025-06-30,Mansar West Mine,120.4,22.9,75.9,66.3,5,1500,5000,18500,HEAVY_RAIN,Pit Waterlogging & Haul Mud Friction,Deploy Dewatering Pumps & Route via High Ramp,97.1,13320
2025-06-30,Dongri Buzurg Mine,120.4,22.9,75.9,66.3,5,1500,5000,18500,HEAVY_RAIN,Pit Waterlogging & Haul Mud Friction,Deploy Dewatering Pumps & Route via High Ramp,89.1,13320
2025-06-30,Ukwa East Mine,120.4,22.9,75.9,66.3,5,1500,5000,18500,HEAVY_RAIN,Pit Waterlogging & Haul Mud Friction,Deploy Dewatering Pumps & Route via High Ramp,92.5,13320
2025-07-01,Balaghat Central Mine,110.8,22.4,72.4,55.5,5,1500,5000,18500,HEAVY_RAIN,Pit Waterlogging & Haul Mud Friction,Deploy Dewatering Pumps & Route via High Ramp,96.6,13320
2025-07-01,Mansar West Mine,110.8,22.4,72.4,55.5,5,1500,5000,18500,HEAVY_RAIN,Pit Waterlogging & Haul Mud Friction,Deploy Dewatering Pumps & Route via High Ramp,96.8,13320
2025-07-01,Dongri Buzurg Mine,110.8,22.4,72.4,55.5,5,1500,5000,18500,HEAVY_RAIN,Pit Waterlogging & Haul Mud Friction,Deploy Dewatering Pumps & Route via High Ramp,96.7,13320
2025-07-01,Ukwa East Mine,110.8,22.4,72.4,55.5,5,1500,5000,18500,HEAVY_RAIN,Pit Waterlogging & Haul Mud Friction,Deploy Dewatering Pumps & Route via High Ramp,88.7,13320
2025-07-02,Balaghat Central Mine,99.2,31.7,79.4,77.1,3,1500,5000,18500,HEAVY_RAIN,Pit Waterlogging & Haul Mud Friction,Deploy Dewatering Pumps & Route via High Ramp,86.2,13320
2025-07-02,Mansar West Mine,99.2,31.7,79.4,77.1,3,1500,5000,18500,HEAVY_RAIN,Pit Waterlogging & Haul Mud Friction,Deploy Dewatering Pumps & Route via High Ramp,94.0,13320
2025-07-02,Dongri Buzurg Mine,99.2,31.7,79.4,77.1,3,1500,5000,18500,HEAVY_RAIN,Pit Waterlogging & Haul Mud Friction,Deploy Dewatering Pumps & Route via High Ramp,93.2,13320
2025-07-02,Ukwa East Mine,99.2,31.7,79.4,77.1,3,1500,5000,18500,HEAVY_RAIN,Pit Waterlogging & Haul Mud Friction,Deploy Dewatering Pumps & Route via High Ramp,85.8,13320
2025-07-03,Balaghat Central Mine,123.8,26.5,87.5,61.1,1,1500,5000,18500,HEAVY_RAIN,Pit Waterlogging & Haul Mud Friction,Deploy Dewatering Pumps & Route via High Ramp,85.5,13320
2025-07-03,Mansar West Mine,123.8,26.5,87.5,61.1,1,1500,5000,18500,HEAVY_RAIN,Pit Waterlogging & Haul Mud Friction,Deploy Dewatering Pumps & Route via High Ramp,87.6,13320
2025-07-03,Dongri Buzurg Mine,123.8,26.5,87.5,61.1,1,1500,5000,18500,HEAVY_RAIN,Pit Waterlogging & Haul Mud Friction,Deploy Dewatering Pumps & Route via High Ramp,88.9,13320
2025-07-03,Ukwa East Mine,123.8,26.5,87.5,61.1,1,1500,5000,18500,HEAVY_RAIN,Pit Waterlogging & Haul Mud Friction,Deploy Dewatering Pumps & Route via High Ramp,92.2,13320
2025-07-04,Balaghat Central Mine,111.0,20.6,68.9,82.4,1,1500,5000,18500,HEAVY_RAIN,Pit Waterlogging & Haul Mud Friction,Deploy Dewatering Pumps & Route via High Ramp,95.5,13320
2025-07-04,Mansar West Mine,111.0,20.6,68.9,82.4,1,1500,5000,18500,HEAVY_RAIN,Pit Waterlogging & Haul Mud Friction,Deploy Dewatering Pumps & Route via High Ramp,88.7,13320
2025-07-04,Dongri Buzurg Mine,111.0,20.6,68.9,82.4,1,1500,5000,18500,HEAVY_RAIN,Pit Waterlogging & Haul Mud Friction,Deploy Dewatering Pumps & Route via High Ramp,94.8,13320
2025-07-04,Ukwa East Mine,111.0,20.6,68.9,82.4,1,1500,5000,18500,HEAVY_RAIN,Pit Waterlogging & Haul Mud Friction,Deploy Dewatering Pumps & Route via High Ramp,85.0,13320
2025-07-05,Balaghat Central Mine,72.9,26.8,60.7,68.4,5,1500,5000,18500,HEAVY_RAIN,Pit Waterlogging & Haul Mud Friction,Deploy Dewatering Pumps & Route via High Ramp,88.6,13320
2025-07-05,Mansar West Mine,72.9,26.8,60.7,68.4,5,1500,5000,18500,HEAVY_RAIN,Pit Waterlogging & Haul Mud Friction,Deploy Dewatering Pumps & Route via High Ramp,92.7,13320
2025-07-05,Dongri Buzurg Mine,72.9,26.8,60.7,68.4,5,1500,5000,15511,HEAVY_RAIN,Pit Waterlogging & Haul Mud Friction,Deploy Dewatering Pumps & Route via High Ramp,89.8,11167
2025-07-05,Ukwa East Mine,72.9,26.8,60.7,68.4,5,1500,5000,18500,HEAVY_RAIN,Pit Waterlogging & Haul Mud Friction,Deploy Dewatering Pumps & Route via High Ramp,96.1,13320
2025-07-06,Balaghat Central Mine,29.8,22.2,89.6,66.9,3,1500,5000,18500,FLEET_BREAKDOWN,Haul Truck & Shovel Mechanical Failure,Reallocate Backup Fleet & Deploy Mobile Mechanics,91.1,14800
2025-07-06,Mansar West Mine,29.8,22.2,89.6,66.9,3,1500,5000,18500,FLEET_BREAKDOWN,Haul Truck & Shovel Mechanical Failure,Reallocate Backup Fleet & Deploy Mobile Mechanics,90.6,14800
2025-07-06,Dongri Buzurg Mine,29.8,22.2,89.6,66.9,3,1500,5000,18500,FLEET_BREAKDOWN,Haul Truck & Shovel Mechanical Failure,Reallocate Backup Fleet & Deploy Mobile Mechanics,87.6,14800
2025-07-06,Ukwa East Mine,29.8,22.2,89.6,66.9,3,1500,5000,18500,FLEET_BREAKDOWN,Haul Truck & Shovel Mechanical Failure,Reallocate Backup Fleet & Deploy Mobile Mechanics,90.1,14800
2025-07-07,Balaghat Central Mine,81.3,22.0,77.3,91.5,1,1500,5000,18500,HEAVY_RAIN,Pit Waterlogging & Haul Mud Friction,Deploy Dewatering Pumps & Route via High Ramp,86.5,13320
2025-07-07,Mansar West Mine,81.3,22.0,77.3,91.5,1,1500,5000,18500,HEAVY_RAIN,Pit Waterlogging & Haul Mud Friction,Deploy Dewatering Pumps & Route via High Ramp,86.5,13320
2025-07-07,Dongri Buzurg Mine,81.3,22.0,77.3,91.5,1,1500,5000,18500,HEAVY_RAIN,Pit Waterlogging & Haul Mud Friction,Deploy Dewatering Pumps & Route via High Ramp,88.6,13320
2025-07-07,Ukwa East Mine,81.3,22.0,77.3,91.5,1,1500,5000,18500,HEAVY_RAIN,Pit Waterlogging & Haul Mud Friction,Deploy Dewatering Pumps & Route via High Ramp,95.2,13320
2025-07-08,Balaghat Central Mine,109.3,26.1,65.0,89.0,2,1500,5000,18500,HEAVY_RAIN,Pit Waterlogging & Haul Mud Friction,Deploy Dewatering Pumps & Route via High Ramp,85.8,13320
2025-07-08,Mansar West Mine,109.3,26.1,65.0,89.0,2,1500,5000,18500,HEAVY_RAIN,Pit Waterlogging & Haul Mud Friction,Deploy Dewatering Pumps & Route via High Ramp,94.5,13320
2025-07-08,Dongri Buzurg Mine,109.3,26.1,65.0,89.0,2,1500,5000,18500,HEAVY_RAIN,Pit Waterlogging & Haul Mud Friction,Deploy Dewatering Pumps & Route via High Ramp,91.6,13320
2025-07-08,Ukwa East Mine,109.3,26.1,65.0,89.0,2,1500,5000,18500,HEAVY_RAIN,Pit Waterlogging & Haul Mud Friction,Deploy Dewatering Pumps & Route via High Ramp,95.6,13320
2025-07-09,Balaghat Central Mine,120.0,21.0,86.1,65.1,5,1500,5000,18500,HEAVY_RAIN,Pit Waterlogging & Haul Mud Friction,Deploy Dewatering Pumps & Route via High Ramp,90.0,13320
2025-07-09,Mansar West Mine,120.0,21.0,86.1,65.1,5,1500,5000,18500,HEAVY_RAIN,Pit Waterlogging & Haul Mud Friction,Deploy Dewatering Pumps & Route via High Ramp,87.1,13320
2025-07-09,Dongri Buzurg Mine,120.0,21.0,86.1,65.1,5,1500,5000,18500,HEAVY_RAIN,Pit Waterlogging & Haul Mud Friction,Deploy Dewatering Pumps & Route via High Ramp,97.0,13320
2025-07-09,Ukwa East Mine,120.0,21.0,86.1,65.1,5,1500,5000,18500,HEAVY_RAIN,Pit Waterlogging & Haul Mud Friction,Deploy Dewatering Pumps & Route via High Ramp,87.9,13320
2025-07-10,Balaghat Central Mine,179.3,24.7,89.9,81.3,4,1500,5000,18500,HEAVY_RAIN,Pit Waterlogging & Haul Mud Friction,Deploy Dewatering Pumps & Route via High Ramp,95.2,13320
2025-07-10,Mansar West Mine,179.3,24.7,89.9,81.3,4,1500,5000,18500,HEAVY_RAIN,Pit Waterlogging & Haul Mud Friction,Deploy Dewatering Pumps & Route via High Ramp,94.7,13320
2025-07-10,Dongri Buzurg Mine,179.3,24.7,89.9,81.3,4,1500,5000,18500,HEAVY_RAIN,Pit Waterlogging & Haul Mud Friction,Deploy Dewatering Pumps & Route via High Ramp,97.5,13320
2025-07-10,Ukwa East Mine,179.3,24.7,89.9,81.3,4,1500,5000,18500,HEAVY_RAIN,Pit Waterlogging & Haul Mud Friction,Deploy Dewatering Pumps & Route via High Ramp,89.6,13320
2025-07-11,Balaghat Central Mine,128.7,24.9,91.0,71.4,3,1500,5000,18500,HEAVY_RAIN,Pit Waterlogging & Haul Mud Friction,Deploy Dewatering Pumps & Route via High Ramp,96.2,13320
2025-07-11,Mansar West Mine,128.7,24.9,91.0,71.4,3,1500,5000,18500,HEAVY_RAIN,Pit Waterlogging & Haul Mud Friction,Deploy Dewatering Pumps & Route via High Ramp,93.3,13320
2025-07-11,Dongri Buzurg Mine,128.7,24.9,91.0,71.4,3,1500,5000,18500,HEAVY_RAIN,Pit Waterlogging & Haul Mud Friction,Deploy Dewatering Pumps & Route via High Ramp,90.3,13320
2025-07-11,Ukwa East Mine,128.7,24.9,91.0,71.4,3,1500,5000,18500,HEAVY_RAIN,Pit Waterlogging & Haul Mud Friction,Deploy Dewatering Pumps & Route via High Ramp,86.7,13320
2025-07-12,Balaghat Central Mine,91.5,20.3,71.6,71.5,4,1500,5000,18500,HEAVY_RAIN,Pit Waterlogging & Haul Mud Friction,Deploy Dewatering Pumps & Route via High Ramp,90.1,13320
2025-07-12,Mansar West Mine,91.5,20.3,71.6,71.5,4,1500,5000,18500,HEAVY_RAIN,Pit Waterlogging & Haul Mud Friction,Deploy Dewatering Pumps & Route via High Ramp,86.6,13320
2025-07-12,Dongri Buzurg Mine,91.5,20.3,71.6,71.5,4,1500,5000,18500,HEAVY_RAIN,Pit Waterlogging & Haul Mud Friction,Deploy Dewatering Pumps & Route via High Ramp,98.0,13320
2025-07-12,Ukwa East Mine,91.5,20.3,71.6,71.5,4,1500,5000,18500,HEAVY_RAIN,Pit Waterlogging & Haul Mud Friction,Deploy Dewatering Pumps & Route via High Ramp,94.0,13320
2025-07-13,Balaghat Central Mine,25.9,27.7,65.3,71.4,5,1500,5000,18500,FLEET_BREAKDOWN,Haul Truck & Shovel Mechanical Failure,Reallocate Backup Fleet & Deploy Mobile Mechanics,96.0,14800
2025-07-13,Mansar West Mine,25.9,27.7,65.3,71.4,5,1500,5000,18500,FLEET_BREAKDOWN,Haul Truck & Shovel Mechanical Failure,Reallocate Backup Fleet & Deploy Mobile Mechanics,93.3,14800
2025-07-13,Dongri Buzurg Mine,25.9,27.7,65.3,71.4,5,1500,5000,18500,FLEET_BREAKDOWN,Haul Truck & Shovel Mechanical Failure,Reallocate Backup Fleet & Deploy Mobile Mechanics,95.1,14800
2025-07-13,Ukwa East Mine,25.9,27.7,65.3,71.4,5,1500,5000,18500,FLEET_BREAKDOWN,Haul Truck & Shovel Mechanical Failure,Reallocate Backup Fleet & Deploy Mobile Mechanics,92.3,14800
2025-07-14,Balaghat Central Mine,122.3,30.6,90.0,94.6,4,1500,5000,18500,HEAVY_RAIN,Pit Waterlogging & Haul Mud Friction,Deploy Dewatering Pumps & Route via High Ramp,96.4,13320
2025-07-14,Mansar West Mine,122.3,30.6,90.0,94.6,4,1500,5000,18500,HEAVY_RAIN,Pit Waterlogging & Haul Mud Friction,Deploy Dewatering Pumps & Route via High Ramp,94.7,13320
2025-07-14,Dongri Buzurg Mine,122.3,30.6,90.0,94.6,4,1500,5000,18500,HEAVY_RAIN,Pit Waterlogging & Haul Mud Friction,Deploy Dewatering Pumps & Route via High Ramp,97.5,13320
2025-07-14,Ukwa East Mine,122.3,30.6,90.0,94.6,4,1500,5000,18500,HEAVY_RAIN,Pit Waterlogging & Haul Mud Friction,Deploy Dewatering Pumps & Route via High Ramp,86.9,13320
2025-07-15,Balaghat Central Mine,51.7,25.6,90.9,96.5,2,1500,5000,13337,HEAVY_RAIN,Pit Waterlogging & Haul Mud Friction,Deploy Dewatering Pumps & Route via High Ramp,87.4,9602
2025-07-15,Mansar West Mine,51.7,25.6,90.9,96.5,2,1500,9644,5356,HEAVY_RAIN,Pit Waterlogging & Haul Mud Friction,Deploy Dewatering Pumps & Route via High Ramp,90.2,3856
2025-07-15,Dongri Buzurg Mine,51.7,25.6,90.9,96.5,2,1500,5000,12442,HEAVY_RAIN,Pit Waterlogging & Haul Mud Friction,Deploy Dewatering Pumps & Route via High Ramp,91.6,8958
2025-07-15,Ukwa East Mine,51.7,25.6,90.9,96.5,2,1500,6759,8241,HEAVY_RAIN,Pit Waterlogging & Haul Mud Friction,Deploy Dewatering Pumps & Route via High Ramp,92.7,5933
2025-07-16,Balaghat Central Mine,90.2,20.5,82.9,72.6,1,1500,5000,18500,HEAVY_RAIN,Pit Waterlogging & Haul Mud Friction,Deploy Dewatering Pumps & Route via High Ramp,87.6,13320
2025-07-16,Mansar West Mine,90.2,20.5,82.9,72.6,1,1500,5000,18500,HEAVY_RAIN,Pit Waterlogging & Haul Mud Friction,Deploy Dewatering Pumps & Route via High Ramp,85.8,13320
2025-07-16,Dongri Buzurg Mine,90.2,20.5,82.9,72.6,1,1500,5000,18500,HEAVY_RAIN,Pit Waterlogging & Haul Mud Friction,Deploy Dewatering Pumps & Route via High Ramp,91.7,13320
2025-07-16,Ukwa East Mine,90.2,20.5,82.9,72.6,1,1500,5000,18500,HEAVY_RAIN,Pit Waterlogging & Haul Mud Friction,Deploy Dewatering Pumps & Route via High Ramp,95.8,13320
2025-07-17,Balaghat Central Mine,137.2,30.2,65.6,56.4,2,1500,5000,18500,HEAVY_RAIN,Pit Waterlogging & Haul Mud Friction,Deploy Dewatering Pumps & Route via High Ramp,94.3,13320
2025-07-17,Mansar West Mine,137.2,30.2,65.6,56.4,2,1500,5000,18500,HEAVY_RAIN,Pit Waterlogging & Haul Mud Friction,Deploy Dewatering Pumps & Route via High Ramp,87.2,13320
2025-07-17,Dongri Buzurg Mine,137.2,30.2,65.6,56.4,2,1500,5000,18500,HEAVY_RAIN,Pit Waterlogging & Haul Mud Friction,Deploy Dewatering Pumps & Route via High Ramp,87.9,13320
2025-07-17,Ukwa East Mine,137.2,30.2,65.6,56.4,2,1500,5000,18500,HEAVY_RAIN,Pit Waterlogging & Haul Mud Friction,Deploy Dewatering Pumps & Route via High Ramp,92.6,13320
2025-07-18,Balaghat Central Mine,103.8,27.2,66.1,75.8,1,1500,5000,18500,HEAVY_RAIN,Pit Waterlogging & Haul Mud Friction,Deploy Dewatering Pumps & Route via High Ramp,91.2,13320
2025-07-18,Mansar West Mine,103.8,27.2,66.1,75.8,1,1500,5000,18500,HEAVY_RAIN,Pit Waterlogging & Haul Mud Friction,Deploy Dewatering Pumps & Route via High Ramp,88.6,13320
2025-07-18,Dongri Buzurg Mine,103.8,27.2,66.1,75.8,1,1500,5000,18500,HEAVY_RAIN,Pit Waterlogging & Haul Mud Friction,Deploy Dewatering Pumps & Route via High Ramp,88.8,13320
2025-07-18,Ukwa East Mine,103.8,27.2,66.1,75.8,1,1500,5000,18500,HEAVY_RAIN,Pit Waterlogging & Haul Mud Friction,Deploy Dewatering Pumps & Route via High Ramp,92.3,13320
2025-07-19,Balaghat Central Mine,147.7,29.3,72.8,93.5,5,1500,5000,18500,HEAVY_RAIN,Pit Waterlogging & Haul Mud Friction,Deploy Dewatering Pumps & Route via High Ramp,97.6,13320
2025-07-19,Mansar West Mine,147.7,29.3,72.8,93.5,5,1500,5000,18500,HEAVY_RAIN,Pit Waterlogging & Haul Mud Friction,Deploy Dewatering Pumps & Route via High Ramp,96.2,13320
2025-07-19,Dongri Buzurg Mine,147.7,29.3,72.8,93.5,5,1500,5000,18500,HEAVY_RAIN,Pit Waterlogging & Haul Mud Friction,Deploy Dewatering Pumps & Route via High Ramp,90.7,13320
2025-07-19,Ukwa East Mine,147.7,29.3,72.8,93.5,5,1500,5000,18500,HEAVY_RAIN,Pit Waterlogging & Haul Mud Friction,Deploy Dewatering Pumps & Route via High Ramp,88.4,13320
2025-07-20,Balaghat Central Mine,62.4,28.9,86.3,58.4,3,1500,5000,17552,HEAVY_RAIN,Pit Waterlogging & Haul Mud Friction,Deploy Dewatering Pumps & Route via High Ramp,85.8,12637
2025-07-20,Mansar West Mine,62.4,28.9,86.3,58.4,3,1500,5000,17415,HEAVY_RAIN,Pit Waterlogging & Haul Mud Friction,Deploy Dewatering Pumps & Route via High Ramp,87.7,12538
2025-07-20,Dongri Buzurg Mine,62.4,28.9,86.3,58.4,3,1500,5000,16220,HEAVY_RAIN,Pit Waterlogging & Haul Mud Friction,Deploy Dewatering Pumps & Route via High Ramp,96.7,11678
2025-07-20,Ukwa East Mine,62.4,28.9,86.3,58.4,3,1500,5000,14515,HEAVY_RAIN,Pit Waterlogging & Haul Mud Friction,Deploy Dewatering Pumps & Route via High Ramp,97.0,10450
2025-07-21,Balaghat Central Mine,90.4,31.4,66.2,89.4,5,1500,5000,18500,HEAVY_RAIN,Pit Waterlogging & Haul Mud Friction,Deploy Dewatering Pumps & Route via High Ramp,89.9,13320
2025-07-21,Mansar West Mine,90.4,31.4,66.2,89.4,5,1500,5000,18500,HEAVY_RAIN,Pit Waterlogging & Haul Mud Friction,Deploy Dewatering Pumps & Route via High Ramp,89.7,13320
2025-07-21,Dongri Buzurg Mine,90.4,31.4,66.2,89.4,5,1500,5000,18500,HEAVY_RAIN,Pit Waterlogging & Haul Mud Friction,Deploy Dewatering Pumps & Route via High Ramp,91.5,13320
2025-07-21,Ukwa East Mine,90.4,31.4,66.2,89.4,5,1500,5000,18500,HEAVY_RAIN,Pit Waterlogging & Haul Mud Friction,Deploy Dewatering Pumps & Route via High Ramp,85.7,13320
2025-07-22,Balaghat Central Mine,106.7,25.9,67.2,59.8,1,1500,5000,18500,HEAVY_RAIN,Pit Waterlogging & Haul Mud Friction,Deploy Dewatering Pumps & Route via High Ramp,93.6,13320
2025-07-22,Mansar West Mine,106.7,25.9,67.2,59.8,1,1500,5000,18500,HEAVY_RAIN,Pit Waterlogging & Haul Mud Friction,Deploy Dewatering Pumps & Route via High Ramp,89.8,13320
2025-07-22,Dongri Buzurg Mine,106.7,25.9,67.2,59.8,1,1500,5000,18500,HEAVY_RAIN,Pit Waterlogging & Haul Mud Friction,Deploy Dewatering Pumps & Route via High Ramp,87.4,13320
2025-07-22,Ukwa East Mine,106.7,25.9,67.2,59.8,1,1500,5000,18500,HEAVY_RAIN,Pit Waterlogging & Haul Mud Friction,Deploy Dewatering Pumps & Route via High Ramp,90.7,13320
2025-07-23,Balaghat Central Mine,114.5,20.7,67.3,81.0,4,1500,5000,18500,HEAVY_RAIN,Pit Waterlogging & Haul Mud Friction,Deploy Dewatering Pumps & Route via High Ramp,91.0,13320
2025-07-23,Mansar West Mine,114.5,20.7,67.3,81.0,4,1500,5000,18500,HEAVY_RAIN,Pit Waterlogging & Haul Mud Friction,Deploy Dewatering Pumps & Route via High Ramp,92.9,13320
2025-07-23,Dongri Buzurg Mine,114.5,20.7,67.3,81.0,4,1500,5000,18500,HEAVY_RAIN,Pit Waterlogging & Haul Mud Friction,Deploy Dewatering Pumps & Route via High Ramp,96.8,13320
2025-07-23,Ukwa East Mine,114.5,20.7,67.3,81.0,4,1500,5000,18500,HEAVY_RAIN,Pit Waterlogging & Haul Mud Friction,Deploy Dewatering Pumps & Route via High Ramp,94.0,13320
2025-07-24,Balaghat Central Mine,159.7,25.2,67.1,90.0,3,1500,5000,18500,HEAVY_RAIN,Pit Waterlogging & Haul Mud Friction,Deploy Dewatering Pumps & Route via High Ramp,95.9,13320
2025-07-24,Mansar West Mine,159.7,25.2,67.1,90.0,3,1500,5000,18500,HEAVY_RAIN,Pit Waterlogging & Haul Mud Friction,Deploy Dewatering Pumps & Route via High Ramp,95.1,13320
2025-07-24,Dongri Buzurg Mine,159.7,25.2,67.1,90.0,3,1500,5000,18500,HEAVY_RAIN,Pit Waterlogging & Haul Mud Friction,Deploy Dewatering Pumps & Route via High Ramp,92.2,13320
2025-07-24,Ukwa East Mine,159.7,25.2,67.1,90.0,3,1500,5000,18500,HEAVY_RAIN,Pit Waterlogging & Haul Mud Friction,Deploy Dewatering Pumps & Route via High Ramp,90.5,13320
2025-07-25,Balaghat Central Mine,125.9,30.9,61.9,61.9,5,1500,5000,18500,HEAVY_RAIN,Pit Waterlogging & Haul Mud Friction,Deploy Dewatering Pumps & Route via High Ramp,90.4,13320
2025-07-25,Mansar West Mine,125.9,30.9,61.9,61.9,5,1500,5000,18500,HEAVY_RAIN,Pit Waterlogging & Haul Mud Friction,Deploy Dewatering Pumps & Route via High Ramp,88.3,13320
2025-07-25,Dongri Buzurg Mine,125.9,30.9,61.9,61.9,5,1500,5000,18500,HEAVY_RAIN,Pit Waterlogging & Haul Mud Friction,Deploy Dewatering Pumps & Route via High Ramp,90.8,13320
2025-07-25,Ukwa East Mine,125.9,30.9,61.9,61.9,5,1500,5000,18500,HEAVY_RAIN,Pit Waterlogging & Haul Mud Friction,Deploy Dewatering Pumps & Route via High Ramp,85.4,13320
2025-07-26,Balaghat Central Mine,80.4,22.1,77.6,65.1,5,1500,5000,18500,HEAVY_RAIN,Pit Waterlogging & Haul Mud Friction,Deploy Dewatering Pumps & Route via High Ramp,88.0,13320
2025-07-26,Mansar West Mine,80.4,22.1,77.6,65.1,5,1500,5000,18500,HEAVY_RAIN,Pit Waterlogging & Haul Mud Friction,Deploy Dewatering Pumps & Route via High Ramp,85.8,13320
2025-07-26,Dongri Buzurg Mine,80.4,22.1,77.6,65.1,5,1500,5000,18500,HEAVY_RAIN,Pit Waterlogging & Haul Mud Friction,Deploy Dewatering Pumps & Route via High Ramp,94.1,13320
2025-07-26,Ukwa East Mine,80.4,22.1,77.6,65.1,5,1500,5000,13940,HEAVY_RAIN,Pit Waterlogging & Haul Mud Friction,Deploy Dewatering Pumps & Route via High Ramp,92.1,10036
2025-07-27,Balaghat Central Mine,137.5,20.0,66.2,61.3,1,1500,5000,18500,HEAVY_RAIN,Pit Waterlogging & Haul Mud Friction,Deploy Dewatering Pumps & Route via High Ramp,91.2,13320
2025-07-27,Mansar West Mine,137.5,20.0,66.2,61.3,1,1500,5000,18500,HEAVY_RAIN,Pit Waterlogging & Haul Mud Friction,Deploy Dewatering Pumps & Route via High Ramp,96.0,13320
2025-07-27,Dongri Buzurg Mine,137.5,20.0,66.2,61.3,1,1500,5000,18500,HEAVY_RAIN,Pit Waterlogging & Haul Mud Friction,Deploy Dewatering Pumps & Route via High Ramp,96.0,13320
2025-07-27,Ukwa East Mine,137.5,20.0,66.2,61.3,1,1500,5000,18500,HEAVY_RAIN,Pit Waterlogging & Haul Mud Friction,Deploy Dewatering Pumps & Route via High Ramp,87.5,13320
2025-07-28,Balaghat Central Mine,155.9,22.6,71.9,96.4,3,1500,5000,18500,HEAVY_RAIN,Pit Waterlogging & Haul Mud Friction,Deploy Dewatering Pumps & Route via High Ramp,90.3,13320
2025-07-28,Mansar West Mine,155.9,22.6,71.9,96.4,3,1500,5000,18500,HEAVY_RAIN,Pit Waterlogging & Haul Mud Friction,Deploy Dewatering Pumps & Route via High Ramp,88.8,13320
2025-07-28,Dongri Buzurg Mine,155.9,22.6,71.9,96.4,3,1500,5000,18500,HEAVY_RAIN,Pit Waterlogging & Haul Mud Friction,Deploy Dewatering Pumps & Route via High Ramp,90.9,13320
2025-07-28,Ukwa East Mine,155.9,22.6,71.9,96.4,3,1500,5000,18500,HEAVY_RAIN,Pit Waterlogging & Haul Mud Friction,Deploy Dewatering Pumps & Route via High Ramp,86.9,13320
2025-07-29,Balaghat Central Mine,93.1,28.5,70.1,95.1,1,1500,5000,18500,HEAVY_RAIN,Pit Waterlogging & Haul Mud Friction,Deploy Dewatering Pumps & Route via High Ramp,92.1,13320
2025-07-29,Mansar West Mine,93.1,28.5,70.1,95.1,1,1500,5000,18500,HEAVY_RAIN,Pit Waterlogging & Haul Mud Friction,Deploy Dewatering Pumps & Route via High Ramp,92.1,13320
2025-07-29,Dongri Buzurg Mine,93.1,28.5,70.1,95.1,1,1500,5000,18500,HEAVY_RAIN,Pit Waterlogging & Haul Mud Friction,Deploy Dewatering Pumps & Route via High Ramp,85.8,13320
2025-07-29,Ukwa East Mine,93.1,28.5,70.1,95.1,1,1500,5000,18500,HEAVY_RAIN,Pit Waterlogging & Haul Mud Friction,Deploy Dewatering Pumps & Route via High Ramp,93.1,13320
2025-07-30,Balaghat Central Mine,166.9,25.0,60.4,72.2,4,1500,5000,18500,HEAVY_RAIN,Pit Waterlogging & Haul Mud Friction,Deploy Dewatering Pumps & Route via High Ramp,85.3,13320
2025-07-30,Mansar West Mine,166.9,25.0,60.4,72.2,4,1500,5000,18500,HEAVY_RAIN,Pit Waterlogging & Haul Mud Friction,Deploy Dewatering Pumps & Route via High Ramp,88.0,13320
2025-07-30,Dongri Buzurg Mine,166.9,25.0,60.4,72.2,4,1500,5000,18500,HEAVY_RAIN,Pit Waterlogging & Haul Mud Friction,Deploy Dewatering Pumps & Route via High Ramp,86.6,13320
2025-07-30,Ukwa East Mine,166.9,25.0,60.4,72.2,4,1500,5000,18500,HEAVY_RAIN,Pit Waterlogging & Haul Mud Friction,Deploy Dewatering Pumps & Route via High Ramp,94.0,13320
2025-07-31,Balaghat Central Mine,96.6,30.2,80.5,86.9,1,1500,5000,18500,HEAVY_RAIN,Pit Waterlogging & Haul Mud Friction,Deploy Dewatering Pumps & Route via High Ramp,94.6,13320
2025-07-31,Mansar West Mine,96.6,30.2,80.5,86.9,1,1500,5000,18500,HEAVY_RAIN,Pit Waterlogging & Haul Mud Friction,Deploy Dewatering Pumps & Route via High Ramp,97.5,13320
2025-07-31,Dongri Buzurg Mine,96.6,30.2,80.5,86.9,1,1500,5000,18500,HEAVY_RAIN,Pit Waterlogging & Haul Mud Friction,Deploy Dewatering Pumps & Route via High Ramp,85.9,13320
2025-07-31,Ukwa East Mine,96.6,30.2,80.5,86.9,1,1500,5000,18500,HEAVY_RAIN,Pit Waterlogging & Haul Mud Friction,Deploy Dewatering Pumps & Route via High Ramp,86.8,13320
2025-08-01,Balaghat Central Mine,155.3,21.0,76.0,56.0,3,1500,5000,18500,HEAVY_RAIN,Pit Waterlogging & Haul Mud Friction,Deploy Dewatering Pumps & Route via High Ramp,85.8,13320
2025-08-01,Mansar West Mine,155.3,21.0,76.0,56.0,3,1500,5000,18500,HEAVY_RAIN,Pit Waterlogging & Haul Mud Friction,Deploy Dewatering Pumps & Route via High Ramp,95.1,13320
2025-08-01,Dongri Buzurg Mine,155.3,21.0,76.0,56.0,3,1500,5000,18500,HEAVY_RAIN,Pit Waterlogging & Haul Mud Friction,Deploy Dewatering Pumps & Route via High Ramp,90.8,13320
2025-08-01,Ukwa East Mine,155.3,21.0,76.0,56.0,3,1500,5000,18500,HEAVY_RAIN,Pit Waterlogging & Haul Mud Friction,Deploy Dewatering Pumps & Route via High Ramp,87.9,13320
2025-08-02,Balaghat Central Mine,47.9,30.9,75.7,61.8,3,1500,5000,18500,FLEET_BREAKDOWN,Haul Truck & Shovel Mechanical Failure,Reallocate Backup Fleet & Deploy Mobile Mechanics,92.2,14800
2025-08-02,Mansar West Mine,47.9,30.9,75.7,61.8,3,1500,5000,18500,FLEET_BREAKDOWN,Haul Truck & Shovel Mechanical Failure,Reallocate Backup Fleet & Deploy Mobile Mechanics,94.1,14800
2025-08-02,Dongri Buzurg Mine,47.9,30.9,75.7,61.8,3,1500,5000,18500,FLEET_BREAKDOWN,Haul Truck & Shovel Mechanical Failure,Reallocate Backup Fleet & Deploy Mobile Mechanics,86.0,14800
2025-08-02,Ukwa East Mine,47.9,30.9,75.7,61.8,3,1500,5000,18500,FLEET_BREAKDOWN,Haul Truck & Shovel Mechanical Failure,Reallocate Backup Fleet & Deploy Mobile Mechanics,86.3,14800
2025-08-03,Balaghat Central Mine,63.7,31.6,87.3,65.3,2,1500,5000,16342,HEAVY_RAIN,Pit Waterlogging & Haul Mud Friction,Deploy Dewatering Pumps & Route via High Ramp,89.3,11766
2025-08-03,Mansar West Mine,63.7,31.6,87.3,65.3,2,1500,5000,14547,HEAVY_RAIN,Pit Waterlogging & Haul Mud Friction,Deploy Dewatering Pumps & Route via High Ramp,85.7,10473
2025-08-03,Dongri Buzurg Mine,63.7,31.6,87.3,65.3,2,1500,5000,14509,HEAVY_RAIN,Pit Waterlogging & Haul Mud Friction,Deploy Dewatering Pumps & Route via High Ramp,94.2,10446
2025-08-03,Ukwa East Mine,63.7,31.6,87.3,65.3,2,1500,5000,15297,HEAVY_RAIN,Pit Waterlogging & Haul Mud Friction,Deploy Dewatering Pumps & Route via High Ramp,93.4,11013
2025-08-04,Balaghat Central Mine,157.9,21.1,85.9,68.1,3,1500,5000,18500,HEAVY_RAIN,Pit Waterlogging & Haul Mud Friction,Deploy Dewatering Pumps & Route via High Ramp,89.0,13320
2025-08-04,Mansar West Mine,157.9,21.1,85.9,68.1,3,1500,5000,18500,HEAVY_RAIN,Pit Waterlogging & Haul Mud Friction,Deploy Dewatering Pumps & Route via High Ramp,88.0,13320
2025-08-04,Dongri Buzurg Mine,157.9,21.1,85.9,68.1,3,1500,5000,18500,HEAVY_RAIN,Pit Waterlogging & Haul Mud Friction,Deploy Dewatering Pumps & Route via High Ramp,97.4,13320
2025-08-04,Ukwa East Mine,157.9,21.1,85.9,68.1,3,1500,5000,18500,HEAVY_RAIN,Pit Waterlogging & Haul Mud Friction,Deploy Dewatering Pumps & Route via High Ramp,91.8,13320
2025-08-05,Balaghat Central Mine,77.9,24.3,87.9,66.4,3,1500,5000,16827,HEAVY_RAIN,Pit Waterlogging & Haul Mud Friction,Deploy Dewatering Pumps & Route via High Ramp,91.8,12115
2025-08-05,Mansar West Mine,77.9,24.3,87.9,66.4,3,1500,5000,18500,HEAVY_RAIN,Pit Waterlogging & Haul Mud Friction,Deploy Dewatering Pumps & Route via High Ramp,88.4,13320
2025-08-05,Dongri Buzurg Mine,77.9,24.3,87.9,66.4,3,1500,5000,18500,HEAVY_RAIN,Pit Waterlogging & Haul Mud Friction,Deploy Dewatering Pumps & Route via High Ramp,91.0,13320
2025-08-05,Ukwa East Mine,77.9,24.3,87.9,66.4,3,1500,5000,18500,HEAVY_RAIN,Pit Waterlogging & Haul Mud Friction,Deploy Dewatering Pumps & Route via High Ramp,92.2,13320
2025-08-06,Balaghat Central Mine,127.4,23.9,67.7,72.4,2,1500,5000,18500,HEAVY_RAIN,Pit Waterlogging & Haul Mud Friction,Deploy Dewatering Pumps & Route via High Ramp,92.3,13320
2025-08-06,Mansar West Mine,127.4,23.9,67.7,72.4,2,1500,5000,18500,HEAVY_RAIN,Pit Waterlogging & Haul Mud Friction,Deploy Dewatering Pumps & Route via High Ramp,85.3,13320
2025-08-06,Dongri Buzurg Mine,127.4,23.9,67.7,72.4,2,1500,5000,18500,HEAVY_RAIN,Pit Waterlogging & Haul Mud Friction,Deploy Dewatering Pumps & Route via High Ramp,94.8,13320
2025-08-06,Ukwa East Mine,127.4,23.9,67.7,72.4,2,1500,5000,18500,HEAVY_RAIN,Pit Waterlogging & Haul Mud Friction,Deploy Dewatering Pumps & Route via High Ramp,87.3,13320
2025-08-07,Balaghat Central Mine,125.0,26.6,66.5,82.5,3,1500,5000,18500,HEAVY_RAIN,Pit Waterlogging & Haul Mud Friction,Deploy Dewatering Pumps & Route via High Ramp,94.8,13320
2025-08-07,Mansar West Mine,125.0,26.6,66.5,82.5,3,1500,5000,18500,HEAVY_RAIN,Pit Waterlogging & Haul Mud Friction,Deploy Dewatering Pumps & Route via High Ramp,93.0,13320
2025-08-07,Dongri Buzurg Mine,125.0,26.6,66.5,82.5,3,1500,5000,18500,HEAVY_RAIN,Pit Waterlogging & Haul Mud Friction,Deploy Dewatering Pumps & Route via High Ramp,94.8,13320
2025-08-07,Ukwa East Mine,125.0,26.6,66.5,82.5,3,1500,5000,18500,HEAVY_RAIN,Pit Waterlogging & Haul Mud Friction,Deploy Dewatering Pumps & Route via High Ramp,94.7,13320
2025-08-08,Balaghat Central Mine,31.7,31.8,65.2,63.4,3,1500,5000,18500,FLEET_BREAKDOWN,Haul Truck & Shovel Mechanical Failure,Reallocate Backup Fleet & Deploy Mobile Mechanics,89.5,14800
2025-08-08,Mansar West Mine,31.7,31.8,65.2,63.4,3,1500,5000,18500,FLEET_BREAKDOWN,Haul Truck & Shovel Mechanical Failure,Reallocate Backup Fleet & Deploy Mobile Mechanics,93.3,14800
2025-08-08,Dongri Buzurg Mine,31.7,31.8,65.2,63.4,3,1500,5000,18500,FLEET_BREAKDOWN,Haul Truck & Shovel Mechanical Failure,Reallocate Backup Fleet & Deploy Mobile Mechanics,89.6,14800
2025-08-08,Ukwa East Mine,31.7,31.8,65.2,63.4,3,1500,5000,18500,FLEET_BREAKDOWN,Haul Truck & Shovel Mechanical Failure,Reallocate Backup Fleet & Deploy Mobile Mechanics,91.8,14800
2025-08-09,Balaghat Central Mine,118.5,30.6,65.0,86.5,5,1500,5000,18500,HEAVY_RAIN,Pit Waterlogging & Haul Mud Friction,Deploy Dewatering Pumps & Route via High Ramp,91.8,13320
2025-08-09,Mansar West Mine,118.5,30.6,65.0,86.5,5,1500,5000,18500,HEAVY_RAIN,Pit Waterlogging & Haul Mud Friction,Deploy Dewatering Pumps & Route via High Ramp,96.4,13320
2025-08-09,Dongri Buzurg Mine,118.5,30.6,65.0,86.5,5,1500,5000,18500,HEAVY_RAIN,Pit Waterlogging & Haul Mud Friction,Deploy Dewatering Pumps & Route via High Ramp,92.7,13320
2025-08-09,Ukwa East Mine,118.5,30.6,65.0,86.5,5,1500,5000,18500,HEAVY_RAIN,Pit Waterlogging & Haul Mud Friction,Deploy Dewatering Pumps & Route via High Ramp,97.6,13320
2025-08-10,Balaghat Central Mine,35.8,24.8,87.6,65.3,4,1500,5000,18500,FLEET_BREAKDOWN,Haul Truck & Shovel Mechanical Failure,Reallocate Backup Fleet & Deploy Mobile Mechanics,85.2,14800
2025-08-10,Mansar West Mine,35.8,24.8,87.6,65.3,4,1500,5000,18500,FLEET_BREAKDOWN,Haul Truck & Shovel Mechanical Failure,Reallocate Backup Fleet & Deploy Mobile Mechanics,93.8,14800
2025-08-10,Dongri Buzurg Mine,35.8,24.8,87.6,65.3,4,1500,5000,18500,FLEET_BREAKDOWN,Haul Truck & Shovel Mechanical Failure,Reallocate Backup Fleet & Deploy Mobile Mechanics,86.0,14800
2025-08-10,Ukwa East Mine,35.8,24.8,87.6,65.3,4,1500,5000,18500,FLEET_BREAKDOWN,Haul Truck & Shovel Mechanical Failure,Reallocate Backup Fleet & Deploy Mobile Mechanics,90.3,14800
2025-08-11,Balaghat Central Mine,159.3,30.8,72.4,73.4,4,1500,5000,18500,HEAVY_RAIN,Pit Waterlogging & Haul Mud Friction,Deploy Dewatering Pumps & Route via High Ramp,89.8,13320
2025-08-11,Mansar West Mine,159.3,30.8,72.4,73.4,4,1500,5000,18500,HEAVY_RAIN,Pit Waterlogging & Haul Mud Friction,Deploy Dewatering Pumps & Route via High Ramp,89.1,13320
2025-08-11,Dongri Buzurg Mine,159.3,30.8,72.4,73.4,4,1500,5000,18500,HEAVY_RAIN,Pit Waterlogging & Haul Mud Friction,Deploy Dewatering Pumps & Route via High Ramp,86.6,13320
2025-08-11,Ukwa East Mine,159.3,30.8,72.4,73.4,4,1500,5000,18500,HEAVY_RAIN,Pit Waterlogging & Haul Mud Friction,Deploy Dewatering Pumps & Route via High Ramp,86.6,13320
2025-08-12,Balaghat Central Mine,115.5,23.5,80.8,92.2,3,1500,5000,18500,HEAVY_RAIN,Pit Waterlogging & Haul Mud Friction,Deploy Dewatering Pumps & Route via High Ramp,86.9,13320
2025-08-12,Mansar West Mine,115.5,23.5,80.8,92.2,3,1500,5000,18500,HEAVY_RAIN,Pit Waterlogging & Haul Mud Friction,Deploy Dewatering Pumps & Route via High Ramp,97.1,13320
2025-08-12,Dongri Buzurg Mine,115.5,23.5,80.8,92.2,3,1500,5000,18500,HEAVY_RAIN,Pit Waterlogging & Haul Mud Friction,Deploy Dewatering Pumps & Route via High Ramp,93.0,13320
2025-08-12,Ukwa East Mine,115.5,23.5,80.8,92.2,3,1500,5000,18500,HEAVY_RAIN,Pit Waterlogging & Haul Mud Friction,Deploy Dewatering Pumps & Route via High Ramp,97.6,13320
2025-08-13,Balaghat Central Mine,58.5,21.0,88.8,62.7,5,1500,6862,8138,HEAVY_RAIN,Pit Waterlogging & Haul Mud Friction,Deploy Dewatering Pumps & Route via High Ramp,95.9,5859
2025-08-13,Mansar West Mine,58.5,21.0,88.8,62.7,5,1500,5302,9698,HEAVY_RAIN,Pit Waterlogging & Haul Mud Friction,Deploy Dewatering Pumps & Route via High Ramp,94.6,6982
2025-08-13,Dongri Buzurg Mine,58.5,21.0,88.8,62.7,5,1500,5901,9099,HEAVY_RAIN,Pit Waterlogging & Haul Mud Friction,Deploy Dewatering Pumps & Route via High Ramp,96.0,6551
2025-08-13,Ukwa East Mine,58.5,21.0,88.8,62.7,5,1500,8853,6147,HEAVY_RAIN,Pit Waterlogging & Haul Mud Friction,Deploy Dewatering Pumps & Route via High Ramp,93.1,4425
2025-08-14,Balaghat Central Mine,79.7,21.3,64.6,92.6,1,1500,5000,18500,HEAVY_RAIN,Pit Waterlogging & Haul Mud Friction,Deploy Dewatering Pumps & Route via High Ramp,94.2,13320
2025-08-14,Mansar West Mine,79.7,21.3,64.6,92.6,1,1500,5000,18500,HEAVY_RAIN,Pit Waterlogging & Haul Mud Friction,Deploy Dewatering Pumps & Route via High Ramp,94.1,13320
2025-08-14,Dongri Buzurg Mine,79.7,21.3,64.6,92.6,1,1500,5000,18500,HEAVY_RAIN,Pit Waterlogging & Haul Mud Friction,Deploy Dewatering Pumps & Route via High Ramp,97.0,13320
2025-08-14,Ukwa East Mine,79.7,21.3,64.6,92.6,1,1500,5000,18500,HEAVY_RAIN,Pit Waterlogging & Haul Mud Friction,Deploy Dewatering Pumps & Route via High Ramp,87.3,13320
2025-08-15,Balaghat Central Mine,86.7,28.2,87.7,89.5,4,1500,5000,18500,HEAVY_RAIN,Pit Waterlogging & Haul Mud Friction,Deploy Dewatering Pumps & Route via High Ramp,85.4,13320
2025-08-15,Mansar West Mine,86.7,28.2,87.7,89.5,4,1500,5000,18500,HEAVY_RAIN,Pit Waterlogging & Haul Mud Friction,Deploy Dewatering Pumps & Route via High Ramp,96.4,13320
2025-08-15,Dongri Buzurg Mine,86.7,28.2,87.7,89.5,4,1500,5000,18500,HEAVY_RAIN,Pit Waterlogging & Haul Mud Friction,Deploy Dewatering Pumps & Route via High Ramp,90.8,13320
2025-08-15,Ukwa East Mine,86.7,28.2,87.7,89.5,4,1500,5000,18500,HEAVY_RAIN,Pit Waterlogging & Haul Mud Friction,Deploy Dewatering Pumps & Route via High Ramp,85.4,13320
2025-08-16,Balaghat Central Mine,171.2,21.9,81.4,65.3,3,1500,5000,18500,HEAVY_RAIN,Pit Waterlogging & Haul Mud Friction,Deploy Dewatering Pumps & Route via High Ramp,85.7,13320
2025-08-16,Mansar West Mine,171.2,21.9,81.4,65.3,3,1500,5000,18500,HEAVY_RAIN,Pit Waterlogging & Haul Mud Friction,Deploy Dewatering Pumps & Route via High Ramp,96.2,13320
2025-08-16,Dongri Buzurg Mine,171.2,21.9,81.4,65.3,3,1500,5000,18500,HEAVY_RAIN,Pit Waterlogging & Haul Mud Friction,Deploy Dewatering Pumps & Route via High Ramp,96.3,13320
2025-08-16,Ukwa East Mine,171.2,21.9,81.4,65.3,3,1500,5000,18500,HEAVY_RAIN,Pit Waterlogging & Haul Mud Friction,Deploy Dewatering Pumps & Route via High Ramp,97.9,13320
2025-08-17,Balaghat Central Mine,109.7,28.3,63.4,69.2,5,1500,5000,18500,HEAVY_RAIN,Pit Waterlogging & Haul Mud Friction,Deploy Dewatering Pumps & Route via High Ramp,89.0,13320
2025-08-17,Mansar West Mine,109.7,28.3,63.4,69.2,5,1500,5000,18500,HEAVY_RAIN,Pit Waterlogging & Haul Mud Friction,Deploy Dewatering Pumps & Route via High Ramp,90.1,13320
2025-08-17,Dongri Buzurg Mine,109.7,28.3,63.4,69.2,5,1500,5000,18500,HEAVY_RAIN,Pit Waterlogging & Haul Mud Friction,Deploy Dewatering Pumps & Route via High Ramp,97.1,13320
2025-08-17,Ukwa East Mine,109.7,28.3,63.4,69.2,5,1500,5000,18500,HEAVY_RAIN,Pit Waterlogging & Haul Mud Friction,Deploy Dewatering Pumps & Route via High Ramp,97.9,13320
2025-08-18,Balaghat Central Mine,52.2,22.5,68.3,71.7,1,1500,10524,4476,HEAVY_RAIN,Pit Waterlogging & Haul Mud Friction,Deploy Dewatering Pumps & Route via High Ramp,88.1,3222
2025-08-18,Mansar West Mine,52.2,22.5,68.3,71.7,1,1500,8653,6347,HEAVY_RAIN,Pit Waterlogging & Haul Mud Friction,Deploy Dewatering Pumps & Route via High Ramp,93.8,4569
2025-08-18,Dongri Buzurg Mine,52.2,22.5,68.3,71.7,1,1500,11215,3785,HEAVY_RAIN,Pit Waterlogging & Haul Mud Friction,Deploy Dewatering Pumps & Route via High Ramp,93.1,2725
2025-08-18,Ukwa East Mine,52.2,22.5,68.3,71.7,1,1500,10439,4561,HEAVY_RAIN,Pit Waterlogging & Haul Mud Friction,Deploy Dewatering Pumps & Route via High Ramp,94.9,3283
2025-08-19,Balaghat Central Mine,130.1,25.2,91.0,89.0,4,1500,5000,18500,HEAVY_RAIN,Pit Waterlogging & Haul Mud Friction,Deploy Dewatering Pumps & Route via High Ramp,96.7,13320
2025-08-19,Mansar West Mine,130.1,25.2,91.0,89.0,4,1500,5000,18500,HEAVY_RAIN,Pit Waterlogging & Haul Mud Friction,Deploy Dewatering Pumps & Route via High Ramp,93.5,13320
2025-08-19,Dongri Buzurg Mine,130.1,25.2,91.0,89.0,4,1500,5000,18500,HEAVY_RAIN,Pit Waterlogging & Haul Mud Friction,Deploy Dewatering Pumps & Route via High Ramp,92.4,13320
2025-08-19,Ukwa East Mine,130.1,25.2,91.0,89.0,4,1500,5000,18500,HEAVY_RAIN,Pit Waterlogging & Haul Mud Friction,Deploy Dewatering Pumps & Route via High Ramp,86.1,13320
2025-08-20,Balaghat Central Mine,76.4,29.4,70.0,64.5,5,1500,5000,18500,HEAVY_RAIN,Pit Waterlogging & Haul Mud Friction,Deploy Dewatering Pumps & Route via High Ramp,95.9,13320
2025-08-20,Mansar West Mine,76.4,29.4,70.0,64.5,5,1500,5000,18500,HEAVY_RAIN,Pit Waterlogging & Haul Mud Friction,Deploy Dewatering Pumps & Route via High Ramp,92.5,13320
2025-08-20,Dongri Buzurg Mine,76.4,29.4,70.0,64.5,5,1500,5000,18500,HEAVY_RAIN,Pit Waterlogging & Haul Mud Friction,Deploy Dewatering Pumps & Route via High Ramp,94.0,13320
2025-08-20,Ukwa East Mine,76.4,29.4,70.0,64.5,5,1500,5000,18500,HEAVY_RAIN,Pit Waterlogging & Haul Mud Friction,Deploy Dewatering Pumps & Route via High Ramp,86.7,13320
2025-08-21,Balaghat Central Mine,157.1,31.7,64.6,60.7,2,1500,5000,18500,HEAVY_RAIN,Pit Waterlogging & Haul Mud Friction,Deploy Dewatering Pumps & Route via High Ramp,94.4,13320
2025-08-21,Mansar West Mine,157.1,31.7,64.6,60.7,2,1500,5000,18500,HEAVY_RAIN,Pit Waterlogging & Haul Mud Friction,Deploy Dewatering Pumps & Route via High Ramp,93.7,13320
2025-08-21,Dongri Buzurg Mine,157.1,31.7,64.6,60.7,2,1500,5000,18500,HEAVY_RAIN,Pit Waterlogging & Haul Mud Friction,Deploy Dewatering Pumps & Route via High Ramp,95.9,13320
2025-08-21,Ukwa East Mine,157.1,31.7,64.6,60.7,2,1500,5000,18500,HEAVY_RAIN,Pit Waterlogging & Haul Mud Friction,Deploy Dewatering Pumps & Route via High Ramp,96.4,13320
2025-08-22,Balaghat Central Mine,87.3,22.0,84.0,64.8,3,1500,5000,18500,HEAVY_RAIN,Pit Waterlogging & Haul Mud Friction,Deploy Dewatering Pumps & Route via High Ramp,88.0,13320
2025-08-22,Mansar West Mine,87.3,22.0,84.0,64.8,3,1500,5000,18500,HEAVY_RAIN,Pit Waterlogging & Haul Mud Friction,Deploy Dewatering Pumps & Route via High Ramp,86.6,13320
2025-08-22,Dongri Buzurg Mine,87.3,22.0,84.0,64.8,3,1500,5000,18500,HEAVY_RAIN,Pit Waterlogging & Haul Mud Friction,Deploy Dewatering Pumps & Route via High Ramp,86.0,13320
2025-08-22,Ukwa East Mine,87.3,22.0,84.0,64.8,3,1500,5000,18500,HEAVY_RAIN,Pit Waterlogging & Haul Mud Friction,Deploy Dewatering Pumps & Route via High Ramp,94.6,13320
2025-08-23,Balaghat Central Mine,35.5,21.1,74.7,88.5,1,1500,5000,11750,HIGH_MOISTURE,Rock Bench Blasting Misfire Risk,Switch to Emulsion Charges & Dry Stemming Sequence,97.2,8812
2025-08-23,Mansar West Mine,35.5,21.1,74.7,88.5,1,1500,5000,12797,HIGH_MOISTURE,Rock Bench Blasting Misfire Risk,Switch to Emulsion Charges & Dry Stemming Sequence,96.4,9597
2025-08-23,Dongri Buzurg Mine,35.5,21.1,74.7,88.5,1,1500,5000,18184,HIGH_MOISTURE,Rock Bench Blasting Misfire Risk,Switch to Emulsion Charges & Dry Stemming Sequence,91.6,13638
2025-08-23,Ukwa East Mine,35.5,21.1,74.7,88.5,1,1500,5000,10931,HIGH_MOISTURE,Rock Bench Blasting Misfire Risk,Switch to Emulsion Charges & Dry Stemming Sequence,93.7,8198
2025-08-24,Balaghat Central Mine,55.4,27.4,69.1,97.0,5,1500,12522,2478,HEAVY_RAIN,Pit Waterlogging & Haul Mud Friction,Deploy Dewatering Pumps & Route via High Ramp,93.8,1784
2025-08-24,Mansar West Mine,55.4,27.4,69.1,97.0,5,1500,5000,10151,HEAVY_RAIN,Pit Waterlogging & Haul Mud Friction,Deploy Dewatering Pumps & Route via High Ramp,92.7,7308
2025-08-24,Dongri Buzurg Mine,55.4,27.4,69.1,97.0,5,1500,5000,12851,HEAVY_RAIN,Pit Waterlogging & Haul Mud Friction,Deploy Dewatering Pumps & Route via High Ramp,97.9,9252
2025-08-24,Ukwa East Mine,55.4,27.4,69.1,97.0,5,1500,5961,9039,HEAVY_RAIN,Pit Waterlogging & Haul Mud Friction,Deploy Dewatering Pumps & Route via High Ramp,94.1,6508
2025-08-25,Balaghat Central Mine,137.4,20.2,79.4,85.2,5,1500,5000,18500,HEAVY_RAIN,Pit Waterlogging & Haul Mud Friction,Deploy Dewatering Pumps & Route via High Ramp,85.2,13320
2025-08-25,Mansar West Mine,137.4,20.2,79.4,85.2,5,1500,5000,18500,HEAVY_RAIN,Pit Waterlogging & Haul Mud Friction,Deploy Dewatering Pumps & Route via High Ramp,97.5,13320
2025-08-25,Dongri Buzurg Mine,137.4,20.2,79.4,85.2,5,1500,5000,18500,HEAVY_RAIN,Pit Waterlogging & Haul Mud Friction,Deploy Dewatering Pumps & Route via High Ramp,95.1,13320
2025-08-25,Ukwa East Mine,137.4,20.2,79.4,85.2,5,1500,5000,18500,HEAVY_RAIN,Pit Waterlogging & Haul Mud Friction,Deploy Dewatering Pumps & Route via High Ramp,92.5,13320
2025-08-26,Balaghat Central Mine,102.8,27.0,82.8,84.7,4,1500,5000,18500,HEAVY_RAIN,Pit Waterlogging & Haul Mud Friction,Deploy Dewatering Pumps & Route via High Ramp,88.9,13320
2025-08-26,Mansar West Mine,102.8,27.0,82.8,84.7,4,1500,5000,18500,HEAVY_RAIN,Pit Waterlogging & Haul Mud Friction,Deploy Dewatering Pumps & Route via High Ramp,86.7,13320
2025-08-26,Dongri Buzurg Mine,102.8,27.0,82.8,84.7,4,1500,5000,18500,HEAVY_RAIN,Pit Waterlogging & Haul Mud Friction,Deploy Dewatering Pumps & Route via High Ramp,91.4,13320
2025-08-26,Ukwa East Mine,102.8,27.0,82.8,84.7,4,1500,5000,18500,HEAVY_RAIN,Pit Waterlogging & Haul Mud Friction,Deploy Dewatering Pumps & Route via High Ramp,85.9,13320
2025-08-27,Balaghat Central Mine,96.8,31.0,81.9,56.4,1,1500,5000,18500,HEAVY_RAIN,Pit Waterlogging & Haul Mud Friction,Deploy Dewatering Pumps & Route via High Ramp,87.4,13320
2025-08-27,Mansar West Mine,96.8,31.0,81.9,56.4,1,1500,5000,18500,HEAVY_RAIN,Pit Waterlogging & Haul Mud Friction,Deploy Dewatering Pumps & Route via High Ramp,97.6,13320
2025-08-27,Dongri Buzurg Mine,96.8,31.0,81.9,56.4,1,1500,5000,18500,HEAVY_RAIN,Pit Waterlogging & Haul Mud Friction,Deploy Dewatering Pumps & Route via High Ramp,88.1,13320
2025-08-27,Ukwa East Mine,96.8,31.0,81.9,56.4,1,1500,5000,18500,HEAVY_RAIN,Pit Waterlogging & Haul Mud Friction,Deploy Dewatering Pumps & Route via High Ramp,85.1,13320
2025-08-28,Balaghat Central Mine,75.8,26.0,86.6,83.6,3,1500,5000,16945,HEAVY_RAIN,Pit Waterlogging & Haul Mud Friction,Deploy Dewatering Pumps & Route via High Ramp,89.3,12200
2025-08-28,Mansar West Mine,75.8,26.0,86.6,83.6,3,1500,5000,18500,HEAVY_RAIN,Pit Waterlogging & Haul Mud Friction,Deploy Dewatering Pumps & Route via High Ramp,89.7,13320
2025-08-28,Dongri Buzurg Mine,75.8,26.0,86.6,83.6,3,1500,5000,18500,HEAVY_RAIN,Pit Waterlogging & Haul Mud Friction,Deploy Dewatering Pumps & Route via High Ramp,93.9,13320
2025-08-28,Ukwa East Mine,75.8,26.0,86.6,83.6,3,1500,5000,18500,HEAVY_RAIN,Pit Waterlogging & Haul Mud Friction,Deploy Dewatering Pumps & Route via High Ramp,89.7,13320
2025-08-29,Balaghat Central Mine,119.5,30.1,75.9,92.0,1,1500,5000,18500,HEAVY_RAIN,Pit Waterlogging & Haul Mud Friction,Deploy Dewatering Pumps & Route via High Ramp,95.6,13320
2025-08-29,Mansar West Mine,119.5,30.1,75.9,92.0,1,1500,5000,18500,HEAVY_RAIN,Pit Waterlogging & Haul Mud Friction,Deploy Dewatering Pumps & Route via High Ramp,89.9,13320
2025-08-29,Dongri Buzurg Mine,119.5,30.1,75.9,92.0,1,1500,5000,18500,HEAVY_RAIN,Pit Waterlogging & Haul Mud Friction,Deploy Dewatering Pumps & Route via High Ramp,96.5,13320
2025-08-29,Ukwa East Mine,119.5,30.1,75.9,92.0,1,1500,5000,18500,HEAVY_RAIN,Pit Waterlogging & Haul Mud Friction,Deploy Dewatering Pumps & Route via High Ramp,92.1,13320
2025-08-30,Balaghat Central Mine,29.4,23.6,71.8,85.7,2,1500,5000,10350,HIGH_MOISTURE,Rock Bench Blasting Misfire Risk,Switch to Emulsion Charges & Dry Stemming Sequence,92.6,7762
2025-08-30,Mansar West Mine,29.4,23.6,71.8,85.7,2,1500,8378,6622,HIGH_MOISTURE,Rock Bench Blasting Misfire Risk,Switch to Emulsion Charges & Dry Stemming Sequence,91.7,4966
2025-08-30,Dongri Buzurg Mine,29.4,23.6,71.8,85.7,2,1500,5000,16512,HIGH_MOISTURE,Rock Bench Blasting Misfire Risk,Switch to Emulsion Charges & Dry Stemming Sequence,89.3,12384
2025-08-30,Ukwa East Mine,29.4,23.6,71.8,85.7,2,1500,5000,11926,HIGH_MOISTURE,Rock Bench Blasting Misfire Risk,Switch to Emulsion Charges & Dry Stemming Sequence,87.5,8944
2025-08-31,Balaghat Central Mine,36.0,22.6,78.9,55.5,2,1500,5000,18500,FLEET_BREAKDOWN,Haul Truck & Shovel Mechanical Failure,Reallocate Backup Fleet & Deploy Mobile Mechanics,91.4,14800
2025-08-31,Mansar West Mine,36.0,22.6,78.9,55.5,2,1500,5000,18500,FLEET_BREAKDOWN,Haul Truck & Shovel Mechanical Failure,Reallocate Backup Fleet & Deploy Mobile Mechanics,88.6,14800
2025-08-31,Dongri Buzurg Mine,36.0,22.6,78.9,55.5,2,1500,5000,18500,FLEET_BREAKDOWN,Haul Truck & Shovel Mechanical Failure,Reallocate Backup Fleet & Deploy Mobile Mechanics,93.1,14800
2025-08-31,Ukwa East Mine,36.0,22.6,78.9,55.5,2,1500,5000,18500,FLEET_BREAKDOWN,Haul Truck & Shovel Mechanical Failure,Reallocate Backup Fleet & Deploy Mobile Mechanics,93.7,14800
2025-09-01,Balaghat Central Mine,152.3,21.9,68.6,86.4,5,1500,5000,18500,HEAVY_RAIN,Pit Waterlogging & Haul Mud Friction,Deploy Dewatering Pumps & Route via High Ramp,90.1,13320
2025-09-01,Mansar West Mine,152.3,21.9,68.6,86.4,5,1500,5000,18500,HEAVY_RAIN,Pit Waterlogging & Haul Mud Friction,Deploy Dewatering Pumps & Route via High Ramp,95.3,13320
2025-09-01,Dongri Buzurg Mine,152.3,21.9,68.6,86.4,5,1500,5000,18500,HEAVY_RAIN,Pit Waterlogging & Haul Mud Friction,Deploy Dewatering Pumps & Route via High Ramp,97.3,13320
2025-09-01,Ukwa East Mine,152.3,21.9,68.6,86.4,5,1500,5000,18500,HEAVY_RAIN,Pit Waterlogging & Haul Mud Friction,Deploy Dewatering Pumps & Route via High Ramp,87.6,13320
2025-09-02,Balaghat Central Mine,30.0,25.8,89.5,57.7,4,1500,5000,18500,FLEET_BREAKDOWN,Haul Truck & Shovel Mechanical Failure,Reallocate Backup Fleet & Deploy Mobile Mechanics,88.9,14800
2025-09-02,Mansar West Mine,30.0,25.8,89.5,57.7,4,1500,5000,18500,FLEET_BREAKDOWN,Haul Truck & Shovel Mechanical Failure,Reallocate Backup Fleet & Deploy Mobile Mechanics,97.2,14800
2025-09-02,Dongri Buzurg Mine,30.0,25.8,89.5,57.7,4,1500,5000,18500,FLEET_BREAKDOWN,Haul Truck & Shovel Mechanical Failure,Reallocate Backup Fleet & Deploy Mobile Mechanics,88.5,14800
2025-09-02,Ukwa East Mine,30.0,25.8,89.5,57.7,4,1500,5000,18500,FLEET_BREAKDOWN,Haul Truck & Shovel Mechanical Failure,Reallocate Backup Fleet & Deploy Mobile Mechanics,88.0,14800
2025-09-03,Balaghat Central Mine,168.5,24.0,60.3,73.7,4,1500,5000,18500,HEAVY_RAIN,Pit Waterlogging & Haul Mud Friction,Deploy Dewatering Pumps & Route via High Ramp,91.7,13320
2025-09-03,Mansar West Mine,168.5,24.0,60.3,73.7,4,1500,5000,18500,HEAVY_RAIN,Pit Waterlogging & Haul Mud Friction,Deploy Dewatering Pumps & Route via High Ramp,95.5,13320
2025-09-03,Dongri Buzurg Mine,168.5,24.0,60.3,73.7,4,1500,5000,18500,HEAVY_RAIN,Pit Waterlogging & Haul Mud Friction,Deploy Dewatering Pumps & Route via High Ramp,93.9,13320
2025-09-03,Ukwa East Mine,168.5,24.0,60.3,73.7,4,1500,5000,18500,HEAVY_RAIN,Pit Waterlogging & Haul Mud Friction,Deploy Dewatering Pumps & Route via High Ramp,86.9,13320
2025-09-04,Balaghat Central Mine,103.5,30.7,90.9,69.4,5,1500,5000,18500,HEAVY_RAIN,Pit Waterlogging & Haul Mud Friction,Deploy Dewatering Pumps & Route via High Ramp,87.1,13320
2025-09-04,Mansar West Mine,103.5,30.7,90.9,69.4,5,1500,5000,18500,HEAVY_RAIN,Pit Waterlogging & Haul Mud Friction,Deploy Dewatering Pumps & Route via High Ramp,91.9,13320
2025-09-04,Dongri Buzurg Mine,103.5,30.7,90.9,69.4,5,1500,5000,18500,HEAVY_RAIN,Pit Waterlogging & Haul Mud Friction,Deploy Dewatering Pumps & Route via High Ramp,97.7,13320
2025-09-04,Ukwa East Mine,103.5,30.7,90.9,69.4,5,1500,5000,18500,HEAVY_RAIN,Pit Waterlogging & Haul Mud Friction,Deploy Dewatering Pumps & Route via High Ramp,95.4,13320
2025-09-05,Balaghat Central Mine,25.2,28.3,74.8,60.1,3,1500,5000,18500,FLEET_BREAKDOWN,Haul Truck & Shovel Mechanical Failure,Reallocate Backup Fleet & Deploy Mobile Mechanics,97.0,14800
2025-09-05,Mansar West Mine,25.2,28.3,74.8,60.1,3,1500,5000,18500,FLEET_BREAKDOWN,Haul Truck & Shovel Mechanical Failure,Reallocate Backup Fleet & Deploy Mobile Mechanics,88.2,14800
2025-09-05,Dongri Buzurg Mine,25.2,28.3,74.8,60.1,3,1500,5000,18500,FLEET_BREAKDOWN,Haul Truck & Shovel Mechanical Failure,Reallocate Backup Fleet & Deploy Mobile Mechanics,94.7,14800
2025-09-05,Ukwa East Mine,25.2,28.3,74.8,60.1,3,1500,5000,18500,FLEET_BREAKDOWN,Haul Truck & Shovel Mechanical Failure,Reallocate Backup Fleet & Deploy Mobile Mechanics,87.2,14800
2025-09-06,Balaghat Central Mine,44.2,27.6,89.2,64.6,1,1500,5000,18500,FLEET_BREAKDOWN,Haul Truck & Shovel Mechanical Failure,Reallocate Backup Fleet & Deploy Mobile Mechanics,93.2,14800
2025-09-06,Mansar West Mine,44.2,27.6,89.2,64.6,1,1500,5000,18500,FLEET_BREAKDOWN,Haul Truck & Shovel Mechanical Failure,Reallocate Backup Fleet & Deploy Mobile Mechanics,89.6,14800
2025-09-06,Dongri Buzurg Mine,44.2,27.6,89.2,64.6,1,1500,5000,18500,FLEET_BREAKDOWN,Haul Truck & Shovel Mechanical Failure,Reallocate Backup Fleet & Deploy Mobile Mechanics,87.2,14800
2025-09-06,Ukwa East Mine,44.2,27.6,89.2,64.6,1,1500,5000,18500,FLEET_BREAKDOWN,Haul Truck & Shovel Mechanical Failure,Reallocate Backup Fleet & Deploy Mobile Mechanics,87.1,14800
2025-09-07,Balaghat Central Mine,76.1,22.8,90.7,96.5,5,1500,5000,16696,HEAVY_RAIN,Pit Waterlogging & Haul Mud Friction,Deploy Dewatering Pumps & Route via High Ramp,93.3,12021
2025-09-07,Mansar West Mine,76.1,22.8,90.7,96.5,5,1500,5000,18500,HEAVY_RAIN,Pit Waterlogging & Haul Mud Friction,Deploy Dewatering Pumps & Route via High Ramp,88.5,13320
2025-09-07,Dongri Buzurg Mine,76.1,22.8,90.7,96.5,5,1500,5000,15072,HEAVY_RAIN,Pit Waterlogging & Haul Mud Friction,Deploy Dewatering Pumps & Route via High Ramp,97.5,10851
2025-09-07,Ukwa East Mine,76.1,22.8,90.7,96.5,5,1500,5000,18500,HEAVY_RAIN,Pit Waterlogging & Haul Mud Friction,Deploy Dewatering Pumps & Route via High Ramp,93.1,13320
2025-09-08,Balaghat Central Mine,90.2,26.1,74.1,97.6,4,1500,5000,18500,HEAVY_RAIN,Pit Waterlogging & Haul Mud Friction,Deploy Dewatering Pumps & Route via High Ramp,96.0,13320
2025-09-08,Mansar West Mine,90.2,26.1,74.1,97.6,4,1500,5000,18500,HEAVY_RAIN,Pit Waterlogging & Haul Mud Friction,Deploy Dewatering Pumps & Route via High Ramp,88.6,13320
2025-09-08,Dongri Buzurg Mine,90.2,26.1,74.1,97.6,4,1500,5000,18500,HEAVY_RAIN,Pit Waterlogging & Haul Mud Friction,Deploy Dewatering Pumps & Route via High Ramp,89.5,13320
2025-09-08,Ukwa East Mine,90.2,26.1,74.1,97.6,4,1500,5000,18500,HEAVY_RAIN,Pit Waterlogging & Haul Mud Friction,Deploy Dewatering Pumps & Route via High Ramp,88.3,13320
2025-09-09,Balaghat Central Mine,100.7,30.8,63.1,76.1,5,1500,5000,18500,HEAVY_RAIN,Pit Waterlogging & Haul Mud Friction,Deploy Dewatering Pumps & Route via High Ramp,95.2,13320
2025-09-09,Mansar West Mine,100.7,30.8,63.1,76.1,5,1500,5000,18500,HEAVY_RAIN,Pit Waterlogging & Haul Mud Friction,Deploy Dewatering Pumps & Route via High Ramp,90.9,13320
2025-09-09,Dongri Buzurg Mine,100.7,30.8,63.1,76.1,5,1500,5000,18500,HEAVY_RAIN,Pit Waterlogging & Haul Mud Friction,Deploy Dewatering Pumps & Route via High Ramp,89.7,13320
2025-09-09,Ukwa East Mine,100.7,30.8,63.1,76.1,5,1500,5000,18500,HEAVY_RAIN,Pit Waterlogging & Haul Mud Friction,Deploy Dewatering Pumps & Route via High Ramp,94.1,13320
2025-09-10,Balaghat Central Mine,53.5,23.5,73.8,67.6,3,1500,10362,4638,HEAVY_RAIN,Pit Waterlogging & Haul Mud Friction,Deploy Dewatering Pumps & Route via High Ramp,96.2,3339
2025-09-10,Mansar West Mine,53.5,23.5,73.8,67.6,3,1500,5000,10555,HEAVY_RAIN,Pit Waterlogging & Haul Mud Friction,Deploy Dewatering Pumps & Route via High Ramp,97.0,7599
2025-09-10,Dongri Buzurg Mine,53.5,23.5,73.8,67.6,3,1500,5503,9497,HEAVY_RAIN,Pit Waterlogging & Haul Mud Friction,Deploy Dewatering Pumps & Route via High Ramp,88.4,6837
2025-09-10,Ukwa East Mine,53.5,23.5,73.8,67.6,3,1500,7869,7131,HEAVY_RAIN,Pit Waterlogging & Haul Mud Friction,Deploy Dewatering Pumps & Route via High Ramp,94.5,5134
2025-09-11,Balaghat Central Mine,139.3,24.4,86.8,93.8,2,1500,5000,18500,HEAVY_RAIN,Pit Waterlogging & Haul Mud Friction,Deploy Dewatering Pumps & Route via High Ramp,96.6,13320
2025-09-11,Mansar West Mine,139.3,24.4,86.8,93.8,2,1500,5000,18500,HEAVY_RAIN,Pit Waterlogging & Haul Mud Friction,Deploy Dewatering Pumps & Route via High Ramp,88.6,13320
2025-09-11,Dongri Buzurg Mine,139.3,24.4,86.8,93.8,2,1500,5000,18500,HEAVY_RAIN,Pit Waterlogging & Haul Mud Friction,Deploy Dewatering Pumps & Route via High Ramp,91.9,13320
2025-09-11,Ukwa East Mine,139.3,24.4,86.8,93.8,2,1500,5000,18500,HEAVY_RAIN,Pit Waterlogging & Haul Mud Friction,Deploy Dewatering Pumps & Route via High Ramp,88.9,13320
2025-09-12,Balaghat Central Mine,61.5,22.1,75.8,75.4,2,1500,5000,17888,HEAVY_RAIN,Pit Waterlogging & Haul Mud Friction,Deploy Dewatering Pumps & Route via High Ramp,92.2,12879
2025-09-12,Mansar West Mine,61.5,22.1,75.8,75.4,2,1500,5000,13075,HEAVY_RAIN,Pit Waterlogging & Haul Mud Friction,Deploy Dewatering Pumps & Route via High Ramp,92.5,9414
2025-09-12,Dongri Buzurg Mine,61.5,22.1,75.8,75.4,2,1500,5000,13546,HEAVY_RAIN,Pit Waterlogging & Haul Mud Friction,Deploy Dewatering Pumps & Route via High Ramp,85.5,9753
2025-09-12,Ukwa East Mine,61.5,22.1,75.8,75.4,2,1500,5000,12988,HEAVY_RAIN,Pit Waterlogging & Haul Mud Friction,Deploy Dewatering Pumps & Route via High Ramp,86.7,9351
2025-09-13,Balaghat Central Mine,61.7,28.8,76.2,75.6,3,1500,5039,9961,HEAVY_RAIN,Pit Waterlogging & Haul Mud Friction,Deploy Dewatering Pumps & Route via High Ramp,97.1,7171
2025-09-13,Mansar West Mine,61.7,28.8,76.2,75.6,3,1500,6830,8170,HEAVY_RAIN,Pit Waterlogging & Haul Mud Friction,Deploy Dewatering Pumps & Route via High Ramp,90.3,5882
2025-09-13,Dongri Buzurg Mine,61.7,28.8,76.2,75.6,3,1500,6050,8950,HEAVY_RAIN,Pit Waterlogging & Haul Mud Friction,Deploy Dewatering Pumps & Route via High Ramp,97.3,6444
2025-09-13,Ukwa East Mine,61.7,28.8,76.2,75.6,3,1500,5000,17027,HEAVY_RAIN,Pit Waterlogging & Haul Mud Friction,Deploy Dewatering Pumps & Route via High Ramp,86.6,12259
2025-09-14,Balaghat Central Mine,35.6,30.4,89.8,56.3,4,1500,5000,18500,FLEET_BREAKDOWN,Haul Truck & Shovel Mechanical Failure,Reallocate Backup Fleet & Deploy Mobile Mechanics,92.7,14800
2025-09-14,Mansar West Mine,35.6,30.4,89.8,56.3,4,1500,5000,18500,FLEET_BREAKDOWN,Haul Truck & Shovel Mechanical Failure,Reallocate Backup Fleet & Deploy Mobile Mechanics,93.3,14800
2025-09-14,Dongri Buzurg Mine,35.6,30.4,89.8,56.3,4,1500,5000,18500,FLEET_BREAKDOWN,Haul Truck & Shovel Mechanical Failure,Reallocate Backup Fleet & Deploy Mobile Mechanics,87.2,14800
2025-09-14,Ukwa East Mine,35.6,30.4,89.8,56.3,4,1500,5000,18500,FLEET_BREAKDOWN,Haul Truck & Shovel Mechanical Failure,Reallocate Backup Fleet & Deploy Mobile Mechanics,95.5,14800
2025-09-15,Balaghat Central Mine,68.2,23.1,85.2,88.1,3,1500,5000,15915,HEAVY_RAIN,Pit Waterlogging & Haul Mud Friction,Deploy Dewatering Pumps & Route via High Ramp,91.7,11458
2025-09-15,Mansar West Mine,68.2,23.1,85.2,88.1,3,1500,5000,16965,HEAVY_RAIN,Pit Waterlogging & Haul Mud Friction,Deploy Dewatering Pumps & Route via High Ramp,88.8,12214
2025-09-15,Dongri Buzurg Mine,68.2,23.1,85.2,88.1,3,1500,5000,15466,HEAVY_RAIN,Pit Waterlogging & Haul Mud Friction,Deploy Dewatering Pumps & Route via High Ramp,91.1,11135
2025-09-15,Ukwa East Mine,68.2,23.1,85.2,88.1,3,1500,5000,11711,HEAVY_RAIN,Pit Waterlogging & Haul Mud Friction,Deploy Dewatering Pumps & Route via High Ramp,94.7,8431
2025-09-16,Balaghat Central Mine,155.2,28.7,76.5,55.4,3,1500,5000,18500,HEAVY_RAIN,Pit Waterlogging & Haul Mud Friction,Deploy Dewatering Pumps & Route via High Ramp,89.3,13320
2025-09-16,Mansar West Mine,155.2,28.7,76.5,55.4,3,1500,5000,18500,HEAVY_RAIN,Pit Waterlogging & Haul Mud Friction,Deploy Dewatering Pumps & Route via High Ramp,91.4,13320
2025-09-16,Dongri Buzurg Mine,155.2,28.7,76.5,55.4,3,1500,5000,18500,HEAVY_RAIN,Pit Waterlogging & Haul Mud Friction,Deploy Dewatering Pumps & Route via High Ramp,91.7,13320
2025-09-16,Ukwa East Mine,155.2,28.7,76.5,55.4,3,1500,5000,18500,HEAVY_RAIN,Pit Waterlogging & Haul Mud Friction,Deploy Dewatering Pumps & Route via High Ramp,93.0,13320
2025-09-17,Balaghat Central Mine,96.7,25.1,82.7,58.2,1,1500,5000,18500,HEAVY_RAIN,Pit Waterlogging & Haul Mud Friction,Deploy Dewatering Pumps & Route via High Ramp,95.4,13320
2025-09-17,Mansar West Mine,96.7,25.1,82.7,58.2,1,1500,5000,18500,HEAVY_RAIN,Pit Waterlogging & Haul Mud Friction,Deploy Dewatering Pumps & Route via High Ramp,88.2,13320
2025-09-17,Dongri Buzurg Mine,96.7,25.1,82.7,58.2,1,1500,5000,18500,HEAVY_RAIN,Pit Waterlogging & Haul Mud Friction,Deploy Dewatering Pumps & Route via High Ramp,85.9,13320
2025-09-17,Ukwa East Mine,96.7,25.1,82.7,58.2,1,1500,5000,18500,HEAVY_RAIN,Pit Waterlogging & Haul Mud Friction,Deploy Dewatering Pumps & Route via High Ramp,88.1,13320
2025-09-18,Balaghat Central Mine,174.8,30.6,90.4,79.2,5,1500,5000,18500,HEAVY_RAIN,Pit Waterlogging & Haul Mud Friction,Deploy Dewatering Pumps & Route via High Ramp,93.0,13320
2025-09-18,Mansar West Mine,174.8,30.6,90.4,79.2,5,1500,5000,18500,HEAVY_RAIN,Pit Waterlogging & Haul Mud Friction,Deploy Dewatering Pumps & Route via High Ramp,91.8,13320
2025-09-18,Dongri Buzurg Mine,174.8,30.6,90.4,79.2,5,1500,5000,18500,HEAVY_RAIN,Pit Waterlogging & Haul Mud Friction,Deploy Dewatering Pumps & Route via High Ramp,86.6,13320
2025-09-18,Ukwa East Mine,174.8,30.6,90.4,79.2,5,1500,5000,18500,HEAVY_RAIN,Pit Waterlogging & Haul Mud Friction,Deploy Dewatering Pumps & Route via High Ramp,96.8,13320
2025-09-19,Balaghat Central Mine,142.1,26.0,79.9,65.7,4,1500,5000,18500,HEAVY_RAIN,Pit Waterlogging & Haul Mud Friction,Deploy Dewatering Pumps & Route via High Ramp,91.7,13320
2025-09-19,Mansar West Mine,142.1,26.0,79.9,65.7,4,1500,5000,18500,HEAVY_RAIN,Pit Waterlogging & Haul Mud Friction,Deploy Dewatering Pumps & Route via High Ramp,95.1,13320
2025-09-19,Dongri Buzurg Mine,142.1,26.0,79.9,65.7,4,1500,5000,18500,HEAVY_RAIN,Pit Waterlogging & Haul Mud Friction,Deploy Dewatering Pumps & Route via High Ramp,96.6,13320
2025-09-19,Ukwa East Mine,142.1,26.0,79.9,65.7,4,1500,5000,18500,HEAVY_RAIN,Pit Waterlogging & Haul Mud Friction,Deploy Dewatering Pumps & Route via High Ramp,95.1,13320
2025-09-20,Balaghat Central Mine,167.5,27.0,67.8,69.4,4,1500,5000,18500,HEAVY_RAIN,Pit Waterlogging & Haul Mud Friction,Deploy Dewatering Pumps & Route via High Ramp,91.7,13320
2025-09-20,Mansar West Mine,167.5,27.0,67.8,69.4,4,1500,5000,18500,HEAVY_RAIN,Pit Waterlogging & Haul Mud Friction,Deploy Dewatering Pumps & Route via High Ramp,95.3,13320
2025-09-20,Dongri Buzurg Mine,167.5,27.0,67.8,69.4,4,1500,5000,18500,HEAVY_RAIN,Pit Waterlogging & Haul Mud Friction,Deploy Dewatering Pumps & Route via High Ramp,96.3,13320
2025-09-20,Ukwa East Mine,167.5,27.0,67.8,69.4,4,1500,5000,18500,HEAVY_RAIN,Pit Waterlogging & Haul Mud Friction,Deploy Dewatering Pumps & Route via High Ramp,95.0,13320
2025-09-21,Balaghat Central Mine,41.9,26.4,66.6,74.0,4,1500,5000,18500,FLEET_BREAKDOWN,Haul Truck & Shovel Mechanical Failure,Reallocate Backup Fleet & Deploy Mobile Mechanics,94.7,14800
2025-09-21,Mansar West Mine,41.9,26.4,66.6,74.0,4,1500,5000,18500,FLEET_BREAKDOWN,Haul Truck & Shovel Mechanical Failure,Reallocate Backup Fleet & Deploy Mobile Mechanics,94.1,14800
2025-09-21,Dongri Buzurg Mine,41.9,26.4,66.6,74.0,4,1500,5000,18500,FLEET_BREAKDOWN,Haul Truck & Shovel Mechanical Failure,Reallocate Backup Fleet & Deploy Mobile Mechanics,90.2,14800
2025-09-21,Ukwa East Mine,41.9,26.4,66.6,74.0,4,1500,5000,18500,FLEET_BREAKDOWN,Haul Truck & Shovel Mechanical Failure,Reallocate Backup Fleet & Deploy Mobile Mechanics,92.7,14800
2025-09-22,Balaghat Central Mine,112.3,23.8,66.3,66.1,5,1500,5000,18500,HEAVY_RAIN,Pit Waterlogging & Haul Mud Friction,Deploy Dewatering Pumps & Route via High Ramp,93.0,13320
2025-09-22,Mansar West Mine,112.3,23.8,66.3,66.1,5,1500,5000,18500,HEAVY_RAIN,Pit Waterlogging & Haul Mud Friction,Deploy Dewatering Pumps & Route via High Ramp,87.3,13320
2025-09-22,Dongri Buzurg Mine,112.3,23.8,66.3,66.1,5,1500,5000,18500,HEAVY_RAIN,Pit Waterlogging & Haul Mud Friction,Deploy Dewatering Pumps & Route via High Ramp,95.5,13320
2025-09-22,Ukwa East Mine,112.3,23.8,66.3,66.1,5,1500,5000,18500,HEAVY_RAIN,Pit Waterlogging & Haul Mud Friction,Deploy Dewatering Pumps & Route via High Ramp,93.4,13320
2025-09-23,Balaghat Central Mine,55.5,23.9,60.0,58.1,1,1500,7789,7211,HEAVY_RAIN,Pit Waterlogging & Haul Mud Friction,Deploy Dewatering Pumps & Route via High Ramp,98.0,5191
2025-09-23,Mansar West Mine,55.5,23.9,60.0,58.1,1,1500,5000,11272,HEAVY_RAIN,Pit Waterlogging & Haul Mud Friction,Deploy Dewatering Pumps & Route via High Ramp,87.4,8115
2025-09-23,Dongri Buzurg Mine,55.5,23.9,60.0,58.1,1,1500,6382,8618,HEAVY_RAIN,Pit Waterlogging & Haul Mud Friction,Deploy Dewatering Pumps & Route via High Ramp,88.1,6204
2025-09-23,Ukwa East Mine,55.5,23.9,60.0,58.1,1,1500,6090,8910,HEAVY_RAIN,Pit Waterlogging & Haul Mud Friction,Deploy Dewatering Pumps & Route via High Ramp,86.6,6415
2025-09-24,Balaghat Central Mine,58.7,20.0,67.2,90.9,1,1500,5000,10899,HEAVY_RAIN,Pit Waterlogging & Haul Mud Friction,Deploy Dewatering Pumps & Route via High Ramp,96.9,7847
2025-09-24,Mansar West Mine,58.7,20.0,67.2,90.9,1,1500,5382,9618,HEAVY_RAIN,Pit Waterlogging & Haul Mud Friction,Deploy Dewatering Pumps & Route via High Ramp,89.0,6924
2025-09-24,Dongri Buzurg Mine,58.7,20.0,67.2,90.9,1,1500,5000,11086,HEAVY_RAIN,Pit Waterlogging & Haul Mud Friction,Deploy Dewatering Pumps & Route via High Ramp,93.7,7981
2025-09-24,Ukwa East Mine,58.7,20.0,67.2,90.9,1,1500,5697,9303,HEAVY_RAIN,Pit Waterlogging & Haul Mud Friction,Deploy Dewatering Pumps & Route via High Ramp,91.1,6698
2025-09-25,Balaghat Central Mine,32.4,25.2,70.1,73.5,3,1500,5000,18500,FLEET_BREAKDOWN,Haul Truck & Shovel Mechanical Failure,Reallocate Backup Fleet & Deploy Mobile Mechanics,91.4,14800
2025-09-25,Mansar West Mine,32.4,25.2,70.1,73.5,3,1500,5000,18500,FLEET_BREAKDOWN,Haul Truck & Shovel Mechanical Failure,Reallocate Backup Fleet & Deploy Mobile Mechanics,92.7,14800
2025-09-25,Dongri Buzurg Mine,32.4,25.2,70.1,73.5,3,1500,5000,18500,FLEET_BREAKDOWN,Haul Truck & Shovel Mechanical Failure,Reallocate Backup Fleet & Deploy Mobile Mechanics,87.2,14800
2025-09-25,Ukwa East Mine,32.4,25.2,70.1,73.5,3,1500,5000,18500,FLEET_BREAKDOWN,Haul Truck & Shovel Mechanical Failure,Reallocate Backup Fleet & Deploy Mobile Mechanics,96.8,14800
2025-09-26,Balaghat Central Mine,175.9,25.2,65.8,93.8,2,1500,5000,18500,HEAVY_RAIN,Pit Waterlogging & Haul Mud Friction,Deploy Dewatering Pumps & Route via High Ramp,93.5,13320
2025-09-26,Mansar West Mine,175.9,25.2,65.8,93.8,2,1500,5000,18500,HEAVY_RAIN,Pit Waterlogging & Haul Mud Friction,Deploy Dewatering Pumps & Route via High Ramp,89.3,13320
2025-09-26,Dongri Buzurg Mine,175.9,25.2,65.8,93.8,2,1500,5000,18500,HEAVY_RAIN,Pit Waterlogging & Haul Mud Friction,Deploy Dewatering Pumps & Route via High Ramp,97.3,13320
2025-09-26,Ukwa East Mine,175.9,25.2,65.8,93.8,2,1500,5000,18500,HEAVY_RAIN,Pit Waterlogging & Haul Mud Friction,Deploy Dewatering Pumps & Route via High Ramp,90.9,13320
2025-09-27,Balaghat Central Mine,63.5,24.7,80.1,56.6,5,1500,5000,10559,HEAVY_RAIN,Pit Waterlogging & Haul Mud Friction,Deploy Dewatering Pumps & Route via High Ramp,93.3,7602
2025-09-27,Mansar West Mine,63.5,24.7,80.1,56.6,5,1500,5000,15777,HEAVY_RAIN,Pit Waterlogging & Haul Mud Friction,Deploy Dewatering Pumps & Route via High Ramp,96.8,11359
2025-09-27,Dongri Buzurg Mine,63.5,24.7,80.1,56.6,5,1500,5000,18314,HEAVY_RAIN,Pit Waterlogging & Haul Mud Friction,Deploy Dewatering Pumps & Route via High Ramp,85.5,13186
2025-09-27,Ukwa East Mine,63.5,24.7,80.1,56.6,5,1500,5000,15675,HEAVY_RAIN,Pit Waterlogging & Haul Mud Friction,Deploy Dewatering Pumps & Route via High Ramp,91.3,11286
2025-09-28,Balaghat Central Mine,78.9,30.2,62.7,78.6,1,1500,5000,18500,HEAVY_RAIN,Pit Waterlogging & Haul Mud Friction,Deploy Dewatering Pumps & Route via High Ramp,96.9,13320
2025-09-28,Mansar West Mine,78.9,30.2,62.7,78.6,1,1500,5000,18500,HEAVY_RAIN,Pit Waterlogging & Haul Mud Friction,Deploy Dewatering Pumps & Route via High Ramp,90.0,13320
2025-09-28,Dongri Buzurg Mine,78.9,30.2,62.7,78.6,1,1500,5000,18500,HEAVY_RAIN,Pit Waterlogging & Haul Mud Friction,Deploy Dewatering Pumps & Route via High Ramp,92.5,13320
2025-09-28,Ukwa East Mine,78.9,30.2,62.7,78.6,1,1500,5000,18500,HEAVY_RAIN,Pit Waterlogging & Haul Mud Friction,Deploy Dewatering Pumps & Route via High Ramp,92.9,13320
2025-09-29,Balaghat Central Mine,27.6,26.4,82.2,67.0,2,1500,5000,18500,FLEET_BREAKDOWN,Haul Truck & Shovel Mechanical Failure,Reallocate Backup Fleet & Deploy Mobile Mechanics,89.4,14800
2025-09-29,Mansar West Mine,27.6,26.4,82.2,67.0,2,1500,5000,18500,FLEET_BREAKDOWN,Haul Truck & Shovel Mechanical Failure,Reallocate Backup Fleet & Deploy Mobile Mechanics,91.3,14800
2025-09-29,Dongri Buzurg Mine,27.6,26.4,82.2,67.0,2,1500,5000,18500,FLEET_BREAKDOWN,Haul Truck & Shovel Mechanical Failure,Reallocate Backup Fleet & Deploy Mobile Mechanics,88.9,14800
2025-09-29,Ukwa East Mine,27.6,26.4,82.2,67.0,2,1500,5000,18500,FLEET_BREAKDOWN,Haul Truck & Shovel Mechanical Failure,Reallocate Backup Fleet & Deploy Mobile Mechanics,89.1,14800
2025-09-30,Balaghat Central Mine,137.5,26.3,84.6,80.1,1,1500,5000,18500,HEAVY_RAIN,Pit Waterlogging & Haul Mud Friction,Deploy Dewatering Pumps & Route via High Ramp,95.9,13320
2025-09-30,Mansar West Mine,137.5,26.3,84.6,80.1,1,1500,5000,18500,HEAVY_RAIN,Pit Waterlogging & Haul Mud Friction,Deploy Dewatering Pumps & Route via High Ramp,89.4,13320
2025-09-30,Dongri Buzurg Mine,137.5,26.3,84.6,80.1,1,1500,5000,18500,HEAVY_RAIN,Pit Waterlogging & Haul Mud Friction,Deploy Dewatering Pumps & Route via High Ramp,86.7,13320
2025-09-30,Ukwa East Mine,137.5,26.3,84.6,80.1,1,1500,5000,18500,HEAVY_RAIN,Pit Waterlogging & Haul Mud Friction,Deploy Dewatering Pumps & Route via High Ramp,88.9,13320
2025-10-01,Balaghat Central Mine,3.0,27.9,18.8,83.6,4,1500,13449,1551,NORMAL,Optimal Mine Operations,Maintain Standard Production Schedule,87.3,1551
2025-10-01,Mansar West Mine,3.0,27.9,18.8,83.6,4,1500,15000,0,NORMAL,Optimal Mine Operations,Maintain Standard Production Schedule,95.6,0
2025-10-01,Dongri Buzurg Mine,3.0,27.9,18.8,83.6,4,1500,13171,1829,NORMAL,Optimal Mine Operations,Maintain Standard Production Schedule,97.5,1829
2025-10-01,Ukwa East Mine,3.0,27.9,18.8,83.6,4,1500,15000,0,NORMAL,Optimal Mine Operations,Maintain Standard Production Schedule,91.0,0
2025-10-02,Balaghat Central Mine,12.5,25.8,19.9,57.4,5,1500,5000,18500,FLEET_BREAKDOWN,Haul Truck & Shovel Mechanical Failure,Reallocate Backup Fleet & Deploy Mobile Mechanics,95.7,14800
2025-10-02,Mansar West Mine,12.5,25.8,19.9,57.4,5,1500,5000,18500,FLEET_BREAKDOWN,Haul Truck & Shovel Mechanical Failure,Reallocate Backup Fleet & Deploy Mobile Mechanics,91.9,14800
2025-10-02,Dongri Buzurg Mine,12.5,25.8,19.9,57.4,5,1500,5000,18500,FLEET_BREAKDOWN,Haul Truck & Shovel Mechanical Failure,Reallocate Backup Fleet & Deploy Mobile Mechanics,91.5,14800
2025-10-02,Ukwa East Mine,12.5,25.8,19.9,57.4,5,1500,5000,18500,FLEET_BREAKDOWN,Haul Truck & Shovel Mechanical Failure,Reallocate Backup Fleet & Deploy Mobile Mechanics,86.4,14800
2025-10-03,Balaghat Central Mine,17.1,26.8,43.4,73.7,4,1500,5000,18500,FLEET_BREAKDOWN,Haul Truck & Shovel Mechanical Failure,Reallocate Backup Fleet & Deploy Mobile Mechanics,88.8,14800
2025-10-03,Mansar West Mine,17.1,26.8,43.4,73.7,4,1500,5000,18500,FLEET_BREAKDOWN,Haul Truck & Shovel Mechanical Failure,Reallocate Backup Fleet & Deploy Mobile Mechanics,89.5,14800
2025-10-03,Dongri Buzurg Mine,17.1,26.8,43.4,73.7,4,1500,5000,18500,FLEET_BREAKDOWN,Haul Truck & Shovel Mechanical Failure,Reallocate Backup Fleet & Deploy Mobile Mechanics,89.2,14800
2025-10-03,Ukwa East Mine,17.1,26.8,43.4,73.7,4,1500,5000,18500,FLEET_BREAKDOWN,Haul Truck & Shovel Mechanical Failure,Reallocate Backup Fleet & Deploy Mobile Mechanics,92.3,14800
2025-10-04,Balaghat Central Mine,6.8,21.5,43.7,97.5,2,1500,15000,0,NORMAL,Optimal Mine Operations,Maintain Standard Production Schedule,93.0,0
2025-10-04,Mansar West Mine,6.8,21.5,43.7,97.5,2,1500,15000,0,NORMAL,Optimal Mine Operations,Maintain Standard Production Schedule,88.5,0
2025-10-04,Dongri Buzurg Mine,6.8,21.5,43.7,97.5,2,1500,15000,0,NORMAL,Optimal Mine Operations,Maintain Standard Production Schedule,88.1,0
2025-10-04,Ukwa East Mine,6.8,21.5,43.7,97.5,2,1500,15000,0,NORMAL,Optimal Mine Operations,Maintain Standard Production Schedule,93.3,0
2025-10-05,Balaghat Central Mine,10.4,20.2,42.0,84.5,3,1500,15000,0,NORMAL,Optimal Mine Operations,Maintain Standard Production Schedule,97.9,0
2025-10-05,Mansar West Mine,10.4,20.2,42.0,84.5,3,1500,15000,0,NORMAL,Optimal Mine Operations,Maintain Standard Production Schedule,85.9,0
2025-10-05,Dongri Buzurg Mine,10.4,20.2,42.0,84.5,3,1500,15000,0,NORMAL,Optimal Mine Operations,Maintain Standard Production Schedule,90.2,0
2025-10-05,Ukwa East Mine,10.4,20.2,42.0,84.5,3,1500,15000,0,NORMAL,Optimal Mine Operations,Maintain Standard Production Schedule,92.7,0
2025-10-06,Balaghat Central Mine,9.6,30.2,44.9,55.8,3,1500,5000,18500,FLEET_BREAKDOWN,Haul Truck & Shovel Mechanical Failure,Reallocate Backup Fleet & Deploy Mobile Mechanics,94.2,14800
2025-10-06,Mansar West Mine,9.6,30.2,44.9,55.8,3,1500,5000,18500,FLEET_BREAKDOWN,Haul Truck & Shovel Mechanical Failure,Reallocate Backup Fleet & Deploy Mobile Mechanics,95.2,14800
2025-10-06,Dongri Buzurg Mine,9.6,30.2,44.9,55.8,3,1500,5000,18500,FLEET_BREAKDOWN,Haul Truck & Shovel Mechanical Failure,Reallocate Backup Fleet & Deploy Mobile Mechanics,91.2,14800
2025-10-06,Ukwa East Mine,9.6,30.2,44.9,55.8,3,1500,5000,18500,FLEET_BREAKDOWN,Haul Truck & Shovel Mechanical Failure,Reallocate Backup Fleet & Deploy Mobile Mechanics,93.6,14800
2025-10-07,Balaghat Central Mine,6.2,25.6,28.3,80.3,1,1500,13875,1125,NORMAL,Optimal Mine Operations,Maintain Standard Production Schedule,85.2,1125
2025-10-07,Mansar West Mine,6.2,25.6,28.3,80.3,1,1500,11838,3162,NORMAL,Optimal Mine Operations,Maintain Standard Production Schedule,91.7,3162
2025-10-07,Dongri Buzurg Mine,6.2,25.6,28.3,80.3,1,1500,12145,2855,NORMAL,Optimal Mine Operations,Maintain Standard Production Schedule,95.9,2855
2025-10-07,Ukwa East Mine,6.2,25.6,28.3,80.3,1,1500,15000,0,NORMAL,Optimal Mine Operations,Maintain Standard Production Schedule,90.6,0
2025-10-08,Balaghat Central Mine,7.7,24.9,27.7,88.0,1,1500,15000,0,NORMAL,Optimal Mine Operations,Maintain Standard Production Schedule,87.6,0
2025-10-08,Mansar West Mine,7.7,24.9,27.7,88.0,1,1500,15000,0,NORMAL,Optimal Mine Operations,Maintain Standard Production Schedule,85.6,0
2025-10-08,Dongri Buzurg Mine,7.7,24.9,27.7,88.0,1,1500,15000,0,NORMAL,Optimal Mine Operations,Maintain Standard Production Schedule,91.9,0
2025-10-08,Ukwa East Mine,7.7,24.9,27.7,88.0,1,1500,6780,8220,NORMAL,Optimal Mine Operations,Maintain Standard Production Schedule,87.0,8220
2025-10-09,Balaghat Central Mine,13.3,29.3,22.2,68.8,2,1500,5000,18500,FLEET_BREAKDOWN,Haul Truck & Shovel Mechanical Failure,Reallocate Backup Fleet & Deploy Mobile Mechanics,92.1,14800
2025-10-09,Mansar West Mine,13.3,29.3,22.2,68.8,2,1500,5000,18500,FLEET_BREAKDOWN,Haul Truck & Shovel Mechanical Failure,Reallocate Backup Fleet & Deploy Mobile Mechanics,86.5,14800
2025-10-09,Dongri Buzurg Mine,13.3,29.3,22.2,68.8,2,1500,5000,18500,FLEET_BREAKDOWN,Haul Truck & Shovel Mechanical Failure,Reallocate Backup Fleet & Deploy Mobile Mechanics,97.9,14800
2025-10-09,Ukwa East Mine,13.3,29.3,22.2,68.8,2,1500,5000,18500,FLEET_BREAKDOWN,Haul Truck & Shovel Mechanical Failure,Reallocate Backup Fleet & Deploy Mobile Mechanics,95.7,14800
2025-10-10,Balaghat Central Mine,10.6,28.2,23.8,59.6,1,1500,5000,18500,FLEET_BREAKDOWN,Haul Truck & Shovel Mechanical Failure,Reallocate Backup Fleet & Deploy Mobile Mechanics,85.9,14800
2025-10-10,Mansar West Mine,10.6,28.2,23.8,59.6,1,1500,5000,18500,FLEET_BREAKDOWN,Haul Truck & Shovel Mechanical Failure,Reallocate Backup Fleet & Deploy Mobile Mechanics,91.4,14800
2025-10-10,Dongri Buzurg Mine,10.6,28.2,23.8,59.6,1,1500,5000,18500,FLEET_BREAKDOWN,Haul Truck & Shovel Mechanical Failure,Reallocate Backup Fleet & Deploy Mobile Mechanics,87.5,14800
2025-10-10,Ukwa East Mine,10.6,28.2,23.8,59.6,1,1500,5000,18500,FLEET_BREAKDOWN,Haul Truck & Shovel Mechanical Failure,Reallocate Backup Fleet & Deploy Mobile Mechanics,85.6,14800
2025-10-11,Balaghat Central Mine,1.0,30.0,42.0,59.1,5,1500,5000,18500,FLEET_BREAKDOWN,Haul Truck & Shovel Mechanical Failure,Reallocate Backup Fleet & Deploy Mobile Mechanics,92.0,14800
2025-10-11,Mansar West Mine,1.0,30.0,42.0,59.1,5,1500,5000,18500,FLEET_BREAKDOWN,Haul Truck & Shovel Mechanical Failure,Reallocate Backup Fleet & Deploy Mobile Mechanics,93.0,14800
2025-10-11,Dongri Buzurg Mine,1.0,30.0,42.0,59.1,5,1500,5000,18500,FLEET_BREAKDOWN,Haul Truck & Shovel Mechanical Failure,Reallocate Backup Fleet & Deploy Mobile Mechanics,95.9,14800
2025-10-11,Ukwa East Mine,1.0,30.0,42.0,59.1,5,1500,5000,18500,FLEET_BREAKDOWN,Haul Truck & Shovel Mechanical Failure,Reallocate Backup Fleet & Deploy Mobile Mechanics,89.8,14800
2025-10-12,Balaghat Central Mine,11.8,22.9,20.0,84.7,5,1500,11720,3280,NORMAL,Optimal Mine Operations,Maintain Standard Production Schedule,85.9,3280
2025-10-12,Mansar West Mine,11.8,22.9,20.0,84.7,5,1500,15000,0,NORMAL,Optimal Mine Operations,Maintain Standard Production Schedule,95.7,0
2025-10-12,Dongri Buzurg Mine,11.8,22.9,20.0,84.7,5,1500,15000,0,NORMAL,Optimal Mine Operations,Maintain Standard Production Schedule,88.4,0
2025-10-12,Ukwa East Mine,11.8,22.9,20.0,84.7,5,1500,7857,7143,NORMAL,Optimal Mine Operations,Maintain Standard Production Schedule,96.0,7143
2025-10-13,Balaghat Central Mine,13.8,23.0,19.6,84.4,5,1500,15000,0,NORMAL,Optimal Mine Operations,Maintain Standard Production Schedule,93.0,0
2025-10-13,Mansar West Mine,13.8,23.0,19.6,84.4,5,1500,15000,0,NORMAL,Optimal Mine Operations,Maintain Standard Production Schedule,94.4,0
2025-10-13,Dongri Buzurg Mine,13.8,23.0,19.6,84.4,5,1500,11860,3140,NORMAL,Optimal Mine Operations,Maintain Standard Production Schedule,94.1,3140
2025-10-13,Ukwa East Mine,13.8,23.0,19.6,84.4,5,1500,15000,0,NORMAL,Optimal Mine Operations,Maintain Standard Production Schedule,91.8,0
2025-10-14,Balaghat Central Mine,0.5,22.7,16.5,89.8,4,1500,14653,347,NORMAL,Optimal Mine Operations,Maintain Standard Production Schedule,97.0,347
2025-10-14,Mansar West Mine,0.5,22.7,16.5,89.8,4,1500,15000,0,NORMAL,Optimal Mine Operations,Maintain Standard Production Schedule,95.4,0
2025-10-14,Dongri Buzurg Mine,0.5,22.7,16.5,89.8,4,1500,15000,0,NORMAL,Optimal Mine Operations,Maintain Standard Production Schedule,92.2,0
2025-10-14,Ukwa East Mine,0.5,22.7,16.5,89.8,4,1500,11407,3593,NORMAL,Optimal Mine Operations,Maintain Standard Production Schedule,85.2,3593
2025-10-15,Balaghat Central Mine,6.7,24.0,19.4,86.9,3,1500,15000,0,NORMAL,Optimal Mine Operations,Maintain Standard Production Schedule,97.2,0
2025-10-15,Mansar West Mine,6.7,24.0,19.4,86.9,3,1500,13679,1321,NORMAL,Optimal Mine Operations,Maintain Standard Production Schedule,91.8,1321
2025-10-15,Dongri Buzurg Mine,6.7,24.0,19.4,86.9,3,1500,15000,0,NORMAL,Optimal Mine Operations,Maintain Standard Production Schedule,85.5,0
2025-10-15,Ukwa East Mine,6.7,24.0,19.4,86.9,3,1500,15000,0,NORMAL,Optimal Mine Operations,Maintain Standard Production Schedule,88.3,0
2025-10-16,Balaghat Central Mine,0.7,27.0,28.6,56.7,1,1500,5000,18500,FLEET_BREAKDOWN,Haul Truck & Shovel Mechanical Failure,Reallocate Backup Fleet & Deploy Mobile Mechanics,95.6,14800
2025-10-16,Mansar West Mine,0.7,27.0,28.6,56.7,1,1500,5000,18500,FLEET_BREAKDOWN,Haul Truck & Shovel Mechanical Failure,Reallocate Backup Fleet & Deploy Mobile Mechanics,89.1,14800
2025-10-16,Dongri Buzurg Mine,0.7,27.0,28.6,56.7,1,1500,5000,18500,FLEET_BREAKDOWN,Haul Truck & Shovel Mechanical Failure,Reallocate Backup Fleet & Deploy Mobile Mechanics,93.8,14800
2025-10-16,Ukwa East Mine,0.7,27.0,28.6,56.7,1,1500,5000,18500,FLEET_BREAKDOWN,Haul Truck & Shovel Mechanical Failure,Reallocate Backup Fleet & Deploy Mobile Mechanics,86.7,14800
2025-10-17,Balaghat Central Mine,9.0,25.8,28.0,65.9,3,1500,5000,18500,FLEET_BREAKDOWN,Haul Truck & Shovel Mechanical Failure,Reallocate Backup Fleet & Deploy Mobile Mechanics,96.1,14800
2025-10-17,Mansar West Mine,9.0,25.8,28.0,65.9,3,1500,5000,18500,FLEET_BREAKDOWN,Haul Truck & Shovel Mechanical Failure,Reallocate Backup Fleet & Deploy Mobile Mechanics,97.8,14800
2025-10-17,Dongri Buzurg Mine,9.0,25.8,28.0,65.9,3,1500,5000,18500,FLEET_BREAKDOWN,Haul Truck & Shovel Mechanical Failure,Reallocate Backup Fleet & Deploy Mobile Mechanics,92.9,14800
2025-10-17,Ukwa East Mine,9.0,25.8,28.0,65.9,3,1500,5000,18500,FLEET_BREAKDOWN,Haul Truck & Shovel Mechanical Failure,Reallocate Backup Fleet & Deploy Mobile Mechanics,95.9,14800
2025-10-18,Balaghat Central Mine,1.1,26.6,35.4,94.1,4,1500,15000,0,NORMAL,Optimal Mine Operations,Maintain Standard Production Schedule,98.0,0
2025-10-18,Mansar West Mine,1.1,26.6,35.4,94.1,4,1500,15000,0,NORMAL,Optimal Mine Operations,Maintain Standard Production Schedule,87.1,0
2025-10-18,Dongri Buzurg Mine,1.1,26.6,35.4,94.1,4,1500,15000,0,NORMAL,Optimal Mine Operations,Maintain Standard Production Schedule,94.1,0
2025-10-18,Ukwa East Mine,1.1,26.6,35.4,94.1,4,1500,14915,85,NORMAL,Optimal Mine Operations,Maintain Standard Production Schedule,96.2,85
2025-10-19,Balaghat Central Mine,4.4,27.0,41.1,63.0,2,1500,5000,18500,FLEET_BREAKDOWN,Haul Truck & Shovel Mechanical Failure,Reallocate Backup Fleet & Deploy Mobile Mechanics,97.3,14800
2025-10-19,Mansar West Mine,4.4,27.0,41.1,63.0,2,1500,5000,18500,FLEET_BREAKDOWN,Haul Truck & Shovel Mechanical Failure,Reallocate Backup Fleet & Deploy Mobile Mechanics,91.0,14800
2025-10-19,Dongri Buzurg Mine,4.4,27.0,41.1,63.0,2,1500,5000,18500,FLEET_BREAKDOWN,Haul Truck & Shovel Mechanical Failure,Reallocate Backup Fleet & Deploy Mobile Mechanics,90.2,14800
2025-10-19,Ukwa East Mine,4.4,27.0,41.1,63.0,2,1500,5000,18500,FLEET_BREAKDOWN,Haul Truck & Shovel Mechanical Failure,Reallocate Backup Fleet & Deploy Mobile Mechanics,88.0,14800
2025-10-20,Balaghat Central Mine,14.6,29.2,33.4,91.5,2,1500,15000,0,NORMAL,Optimal Mine Operations,Maintain Standard Production Schedule,85.2,0
2025-10-20,Mansar West Mine,14.6,29.2,33.4,91.5,2,1500,15000,0,NORMAL,Optimal Mine Operations,Maintain Standard Production Schedule,86.2,0
2025-10-20,Dongri Buzurg Mine,14.6,29.2,33.4,91.5,2,1500,15000,0,NORMAL,Optimal Mine Operations,Maintain Standard Production Schedule,94.5,0
2025-10-20,Ukwa East Mine,14.6,29.2,33.4,91.5,2,1500,11899,3101,NORMAL,Optimal Mine Operations,Maintain Standard Production Schedule,92.4,3101
2025-10-21,Balaghat Central Mine,16.1,25.6,27.4,74.9,2,1500,5000,18500,FLEET_BREAKDOWN,Haul Truck & Shovel Mechanical Failure,Reallocate Backup Fleet & Deploy Mobile Mechanics,94.2,14800
2025-10-21,Mansar West Mine,16.1,25.6,27.4,74.9,2,1500,5000,18500,FLEET_BREAKDOWN,Haul Truck & Shovel Mechanical Failure,Reallocate Backup Fleet & Deploy Mobile Mechanics,97.4,14800
2025-10-21,Dongri Buzurg Mine,16.1,25.6,27.4,74.9,2,1500,5000,18500,FLEET_BREAKDOWN,Haul Truck & Shovel Mechanical Failure,Reallocate Backup Fleet & Deploy Mobile Mechanics,87.2,14800
2025-10-21,Ukwa East Mine,16.1,25.6,27.4,74.9,2,1500,5000,18500,FLEET_BREAKDOWN,Haul Truck & Shovel Mechanical Failure,Reallocate Backup Fleet & Deploy Mobile Mechanics,91.0,14800
2025-10-22,Balaghat Central Mine,6.3,26.2,43.6,95.3,1,1500,14798,202,NORMAL,Optimal Mine Operations,Maintain Standard Production Schedule,91.0,202
2025-10-22,Mansar West Mine,6.3,26.2,43.6,95.3,1,1500,13242,1758,NORMAL,Optimal Mine Operations,Maintain Standard Production Schedule,95.0,1758
2025-10-22,Dongri Buzurg Mine,6.3,26.2,43.6,95.3,1,1500,12434,2566,NORMAL,Optimal Mine Operations,Maintain Standard Production Schedule,90.4,2566
2025-10-22,Ukwa East Mine,6.3,26.2,43.6,95.3,1,1500,12620,2380,NORMAL,Optimal Mine Operations,Maintain Standard Production Schedule,89.3,2380
2025-10-23,Balaghat Central Mine,19.6,22.6,39.0,77.0,2,1500,10369,4631,NORMAL,Optimal Mine Operations,Maintain Standard Production Schedule,97.1,4631
2025-10-23,Mansar West Mine,19.6,22.6,39.0,77.0,2,1500,15000,0,NORMAL,Optimal Mine Operations,Maintain Standard Production Schedule,96.3,0
2025-10-23,Dongri Buzurg Mine,19.6,22.6,39.0,77.0,2,1500,15000,0,NORMAL,Optimal Mine Operations,Maintain Standard Production Schedule,92.8,0
2025-10-23,Ukwa East Mine,19.6,22.6,39.0,77.0,2,1500,9746,5254,NORMAL,Optimal Mine Operations,Maintain Standard Production Schedule,89.3,5254
2025-10-24,Balaghat Central Mine,3.4,30.2,21.7,63.9,4,1500,5000,18500,FLEET_BREAKDOWN,Haul Truck & Shovel Mechanical Failure,Reallocate Backup Fleet & Deploy Mobile Mechanics,93.6,14800
2025-10-24,Mansar West Mine,3.4,30.2,21.7,63.9,4,1500,5000,18500,FLEET_BREAKDOWN,Haul Truck & Shovel Mechanical Failure,Reallocate Backup Fleet & Deploy Mobile Mechanics,96.3,14800
2025-10-24,Dongri Buzurg Mine,3.4,30.2,21.7,63.9,4,1500,5000,18500,FLEET_BREAKDOWN,Haul Truck & Shovel Mechanical Failure,Reallocate Backup Fleet & Deploy Mobile Mechanics,95.3,14800
2025-10-24,Ukwa East Mine,3.4,30.2,21.7,63.9,4,1500,5000,18500,FLEET_BREAKDOWN,Haul Truck & Shovel Mechanical Failure,Reallocate Backup Fleet & Deploy Mobile Mechanics,85.6,14800
2025-10-25,Balaghat Central Mine,16.9,26.6,36.0,85.9,5,1500,14982,18,NORMAL,Optimal Mine Operations,Maintain Standard Production Schedule,95.5,18
2025-10-25,Mansar West Mine,16.9,26.6,36.0,85.9,5,1500,15000,0,NORMAL,Optimal Mine Operations,Maintain Standard Production Schedule,86.7,0
2025-10-25,Dongri Buzurg Mine,16.9,26.6,36.0,85.9,5,1500,15000,0,NORMAL,Optimal Mine Operations,Maintain Standard Production Schedule,87.9,0
2025-10-25,Ukwa East Mine,16.9,26.6,36.0,85.9,5,1500,15000,0,NORMAL,Optimal Mine Operations,Maintain Standard Production Schedule,95.5,0
2025-10-26,Balaghat Central Mine,2.8,28.3,29.4,88.6,5,1500,15000,0,NORMAL,Optimal Mine Operations,Maintain Standard Production Schedule,95.6,0
2025-10-26,Mansar West Mine,2.8,28.3,29.4,88.6,5,1500,15000,0,NORMAL,Optimal Mine Operations,Maintain Standard Production Schedule,89.7,0
2025-10-26,Dongri Buzurg Mine,2.8,28.3,29.4,88.6,5,1500,14056,944,NORMAL,Optimal Mine Operations,Maintain Standard Production Schedule,87.1,944
2025-10-26,Ukwa East Mine,2.8,28.3,29.4,88.6,5,1500,8241,6759,NORMAL,Optimal Mine Operations,Maintain Standard Production Schedule,91.3,6759
2025-10-27,Balaghat Central Mine,11.4,22.0,40.4,65.4,2,1500,5000,18500,FLEET_BREAKDOWN,Haul Truck & Shovel Mechanical Failure,Reallocate Backup Fleet & Deploy Mobile Mechanics,95.0,14800
2025-10-27,Mansar West Mine,11.4,22.0,40.4,65.4,2,1500,5000,18500,FLEET_BREAKDOWN,Haul Truck & Shovel Mechanical Failure,Reallocate Backup Fleet & Deploy Mobile Mechanics,91.0,14800
2025-10-27,Dongri Buzurg Mine,11.4,22.0,40.4,65.4,2,1500,5000,18500,FLEET_BREAKDOWN,Haul Truck & Shovel Mechanical Failure,Reallocate Backup Fleet & Deploy Mobile Mechanics,96.7,14800
2025-10-27,Ukwa East Mine,11.4,22.0,40.4,65.4,2,1500,5000,18500,FLEET_BREAKDOWN,Haul Truck & Shovel Mechanical Failure,Reallocate Backup Fleet & Deploy Mobile Mechanics,92.9,14800
2025-10-28,Balaghat Central Mine,4.5,25.8,16.9,66.5,1,1500,5000,18500,FLEET_BREAKDOWN,Haul Truck & Shovel Mechanical Failure,Reallocate Backup Fleet & Deploy Mobile Mechanics,86.3,14800
2025-10-28,Mansar West Mine,4.5,25.8,16.9,66.5,1,1500,5000,18500,FLEET_BREAKDOWN,Haul Truck & Shovel Mechanical Failure,Reallocate Backup Fleet & Deploy Mobile Mechanics,86.9,14800
2025-10-28,Dongri Buzurg Mine,4.5,25.8,16.9,66.5,1,1500,5000,18500,FLEET_BREAKDOWN,Haul Truck & Shovel Mechanical Failure,Reallocate Backup Fleet & Deploy Mobile Mechanics,96.1,14800
2025-10-28,Ukwa East Mine,4.5,25.8,16.9,66.5,1,1500,5000,18500,FLEET_BREAKDOWN,Haul Truck & Shovel Mechanical Failure,Reallocate Backup Fleet & Deploy Mobile Mechanics,93.5,14800
2025-10-29,Balaghat Central Mine,10.3,31.7,26.0,60.0,3,1500,5000,18500,FLEET_BREAKDOWN,Haul Truck & Shovel Mechanical Failure,Reallocate Backup Fleet & Deploy Mobile Mechanics,92.7,14800
2025-10-29,Mansar West Mine,10.3,31.7,26.0,60.0,3,1500,5000,18500,FLEET_BREAKDOWN,Haul Truck & Shovel Mechanical Failure,Reallocate Backup Fleet & Deploy Mobile Mechanics,93.7,14800
2025-10-29,Dongri Buzurg Mine,10.3,31.7,26.0,60.0,3,1500,5000,18500,FLEET_BREAKDOWN,Haul Truck & Shovel Mechanical Failure,Reallocate Backup Fleet & Deploy Mobile Mechanics,96.3,14800
2025-10-29,Ukwa East Mine,10.3,31.7,26.0,60.0,3,1500,5000,18500,FLEET_BREAKDOWN,Haul Truck & Shovel Mechanical Failure,Reallocate Backup Fleet & Deploy Mobile Mechanics,96.9,14800
2025-10-30,Balaghat Central Mine,19.4,27.3,18.7,93.4,2,1500,15000,0,NORMAL,Optimal Mine Operations,Maintain Standard Production Schedule,93.8,0
2025-10-30,Mansar West Mine,19.4,27.3,18.7,93.4,2,1500,15000,0,NORMAL,Optimal Mine Operations,Maintain Standard Production Schedule,97.5,0
2025-10-30,Dongri Buzurg Mine,19.4,27.3,18.7,93.4,2,1500,9801,5199,NORMAL,Optimal Mine Operations,Maintain Standard Production Schedule,90.0,5199
2025-10-30,Ukwa East Mine,19.4,27.3,18.7,93.4,2,1500,11377,3623,NORMAL,Optimal Mine Operations,Maintain Standard Production Schedule,97.6,3623
2025-10-31,Balaghat Central Mine,13.8,23.4,43.4,93.4,4,1500,12026,2974,NORMAL,Optimal Mine Operations,Maintain Standard Production Schedule,92.5,2974
2025-10-31,Mansar West Mine,13.8,23.4,43.4,93.4,4,1500,15000,0,NORMAL,Optimal Mine Operations,Maintain Standard Production Schedule,96.4,0
2025-10-31,Dongri Buzurg Mine,13.8,23.4,43.4,93.4,4,1500,15000,0,NORMAL,Optimal Mine Operations,Maintain Standard Production Schedule,96.3,0
2025-10-31,Ukwa East Mine,13.8,23.4,43.4,93.4,4,1500,14567,433,NORMAL,Optimal Mine Operations,Maintain Standard Production Schedule,96.6,433
2025-11-01,Balaghat Central Mine,14.1,31.5,21.6,64.7,4,1500,5000,18500,FLEET_BREAKDOWN,Haul Truck & Shovel Mechanical Failure,Reallocate Backup Fleet & Deploy Mobile Mechanics,88.8,14800
2025-11-01,Mansar West Mine,14.1,31.5,21.6,64.7,4,1500,5000,18500,FLEET_BREAKDOWN,Haul Truck & Shovel Mechanical Failure,Reallocate Backup Fleet & Deploy Mobile Mechanics,92.0,14800
2025-11-01,Dongri Buzurg Mine,14.1,31.5,21.6,64.7,4,1500,5000,18500,FLEET_BREAKDOWN,Haul Truck & Shovel Mechanical Failure,Reallocate Backup Fleet & Deploy Mobile Mechanics,91.1,14800
2025-11-01,Ukwa East Mine,14.1,31.5,21.6,64.7,4,1500,5000,18500,FLEET_BREAKDOWN,Haul Truck & Shovel Mechanical Failure,Reallocate Backup Fleet & Deploy Mobile Mechanics,90.9,14800
2025-11-02,Balaghat Central Mine,14.5,28.3,29.6,86.7,5,1500,11608,3392,NORMAL,Optimal Mine Operations,Maintain Standard Production Schedule,92.6,3392
2025-11-02,Mansar West Mine,14.5,28.3,29.6,86.7,5,1500,15000,0,NORMAL,Optimal Mine Operations,Maintain Standard Production Schedule,96.7,0
2025-11-02,Dongri Buzurg Mine,14.5,28.3,29.6,86.7,5,1500,15000,0,NORMAL,Optimal Mine Operations,Maintain Standard Production Schedule,91.2,0
2025-11-02,Ukwa East Mine,14.5,28.3,29.6,86.7,5,1500,13736,1264,NORMAL,Optimal Mine Operations,Maintain Standard Production Schedule,85.0,1264
2025-11-03,Balaghat Central Mine,17.3,23.8,32.9,68.3,5,1500,5000,18500,FLEET_BREAKDOWN,Haul Truck & Shovel Mechanical Failure,Reallocate Backup Fleet & Deploy Mobile Mechanics,86.2,14800
2025-11-03,Mansar West Mine,17.3,23.8,32.9,68.3,5,1500,5000,18500,FLEET_BREAKDOWN,Haul Truck & Shovel Mechanical Failure,Reallocate Backup Fleet & Deploy Mobile Mechanics,93.6,14800
2025-11-03,Dongri Buzurg Mine,17.3,23.8,32.9,68.3,5,1500,5000,18500,FLEET_BREAKDOWN,Haul Truck & Shovel Mechanical Failure,Reallocate Backup Fleet & Deploy Mobile Mechanics,89.2,14800
2025-11-03,Ukwa East Mine,17.3,23.8,32.9,68.3,5,1500,5000,18500,FLEET_BREAKDOWN,Haul Truck & Shovel Mechanical Failure,Reallocate Backup Fleet & Deploy Mobile Mechanics,92.6,14800
2025-11-04,Balaghat Central Mine,8.1,23.1,37.5,56.5,1,1500,5000,18500,FLEET_BREAKDOWN,Haul Truck & Shovel Mechanical Failure,Reallocate Backup Fleet & Deploy Mobile Mechanics,95.7,14800
2025-11-04,Mansar West Mine,8.1,23.1,37.5,56.5,1,1500,5000,18500,FLEET_BREAKDOWN,Haul Truck & Shovel Mechanical Failure,Reallocate Backup Fleet & Deploy Mobile Mechanics,89.7,14800
2025-11-04,Dongri Buzurg Mine,8.1,23.1,37.5,56.5,1,1500,5000,18500,FLEET_BREAKDOWN,Haul Truck & Shovel Mechanical Failure,Reallocate Backup Fleet & Deploy Mobile Mechanics,85.6,14800
2025-11-04,Ukwa East Mine,8.1,23.1,37.5,56.5,1,1500,5000,18500,FLEET_BREAKDOWN,Haul Truck & Shovel Mechanical Failure,Reallocate Backup Fleet & Deploy Mobile Mechanics,89.4,14800
2025-11-05,Balaghat Central Mine,0.8,28.4,25.8,94.7,5,1500,15000,0,NORMAL,Optimal Mine Operations,Maintain Standard Production Schedule,94.2,0
2025-11-05,Mansar West Mine,0.8,28.4,25.8,94.7,5,1500,14198,802,NORMAL,Optimal Mine Operations,Maintain Standard Production Schedule,96.6,802
2025-11-05,Dongri Buzurg Mine,0.8,28.4,25.8,94.7,5,1500,10173,4827,NORMAL,Optimal Mine Operations,Maintain Standard Production Schedule,93.3,4827
2025-11-05,Ukwa East Mine,0.8,28.4,25.8,94.7,5,1500,15000,0,NORMAL,Optimal Mine Operations,Maintain Standard Production Schedule,94.6,0
2025-11-06,Balaghat Central Mine,5.8,26.3,38.4,64.7,1,1500,5000,18500,FLEET_BREAKDOWN,Haul Truck & Shovel Mechanical Failure,Reallocate Backup Fleet & Deploy Mobile Mechanics,86.0,14800
2025-11-06,Mansar West Mine,5.8,26.3,38.4,64.7,1,1500,5000,18500,FLEET_BREAKDOWN,Haul Truck & Shovel Mechanical Failure,Reallocate Backup Fleet & Deploy Mobile Mechanics,95.8,14800
2025-11-06,Dongri Buzurg Mine,5.8,26.3,38.4,64.7,1,1500,5000,18500,FLEET_BREAKDOWN,Haul Truck & Shovel Mechanical Failure,Reallocate Backup Fleet & Deploy Mobile Mechanics,95.7,14800
2025-11-06,Ukwa East Mine,5.8,26.3,38.4,64.7,1,1500,5000,18500,FLEET_BREAKDOWN,Haul Truck & Shovel Mechanical Failure,Reallocate Backup Fleet & Deploy Mobile Mechanics,95.6,14800
2025-11-07,Balaghat Central Mine,19.5,20.4,23.1,57.5,5,1500,5000,18500,FLEET_BREAKDOWN,Haul Truck & Shovel Mechanical Failure,Reallocate Backup Fleet & Deploy Mobile Mechanics,93.3,14800
2025-11-07,Mansar West Mine,19.5,20.4,23.1,57.5,5,1500,5000,18500,FLEET_BREAKDOWN,Haul Truck & Shovel Mechanical Failure,Reallocate Backup Fleet & Deploy Mobile Mechanics,94.5,14800
2025-11-07,Dongri Buzurg Mine,19.5,20.4,23.1,57.5,5,1500,5000,18500,FLEET_BREAKDOWN,Haul Truck & Shovel Mechanical Failure,Reallocate Backup Fleet & Deploy Mobile Mechanics,90.2,14800
2025-11-07,Ukwa East Mine,19.5,20.4,23.1,57.5,5,1500,5000,18500,FLEET_BREAKDOWN,Haul Truck & Shovel Mechanical Failure,Reallocate Backup Fleet & Deploy Mobile Mechanics,96.6,14800
2025-11-08,Balaghat Central Mine,16.2,28.7,23.9,94.3,5,1500,15000,0,NORMAL,Optimal Mine Operations,Maintain Standard Production Schedule,96.5,0
2025-11-08,Mansar West Mine,16.2,28.7,23.9,94.3,5,1500,15000,0,NORMAL,Optimal Mine Operations,Maintain Standard Production Schedule,97.2,0
2025-11-08,Dongri Buzurg Mine,16.2,28.7,23.9,94.3,5,1500,12219,2781,NORMAL,Optimal Mine Operations,Maintain Standard Production Schedule,89.7,2781
2025-11-08,Ukwa East Mine,16.2,28.7,23.9,94.3,5,1500,11200,3800,NORMAL,Optimal Mine Operations,Maintain Standard Production Schedule,87.7,3800
2025-11-09,Balaghat Central Mine,17.6,25.2,22.8,62.0,1,1500,5000,18500,FLEET_BREAKDOWN,Haul Truck & Shovel Mechanical Failure,Reallocate Backup Fleet & Deploy Mobile Mechanics,86.1,14800
2025-11-09,Mansar West Mine,17.6,25.2,22.8,62.0,1,1500,5000,18500,FLEET_BREAKDOWN,Haul Truck & Shovel Mechanical Failure,Reallocate Backup Fleet & Deploy Mobile Mechanics,86.4,14800
2025-11-09,Dongri Buzurg Mine,17.6,25.2,22.8,62.0,1,1500,5000,18500,FLEET_BREAKDOWN,Haul Truck & Shovel Mechanical Failure,Reallocate Backup Fleet & Deploy Mobile Mechanics,92.5,14800
2025-11-09,Ukwa East Mine,17.6,25.2,22.8,62.0,1,1500,5000,18500,FLEET_BREAKDOWN,Haul Truck & Shovel Mechanical Failure,Reallocate Backup Fleet & Deploy Mobile Mechanics,91.4,14800
2025-11-10,Balaghat Central Mine,1.0,21.6,44.9,61.9,3,1500,5000,18500,FLEET_BREAKDOWN,Haul Truck & Shovel Mechanical Failure,Reallocate Backup Fleet & Deploy Mobile Mechanics,97.1,14800
2025-11-10,Mansar West Mine,1.0,21.6,44.9,61.9,3,1500,5000,18500,FLEET_BREAKDOWN,Haul Truck & Shovel Mechanical Failure,Reallocate Backup Fleet & Deploy Mobile Mechanics,95.5,14800
2025-11-10,Dongri Buzurg Mine,1.0,21.6,44.9,61.9,3,1500,5000,18500,FLEET_BREAKDOWN,Haul Truck & Shovel Mechanical Failure,Reallocate Backup Fleet & Deploy Mobile Mechanics,91.2,14800
2025-11-10,Ukwa East Mine,1.0,21.6,44.9,61.9,3,1500,5000,18500,FLEET_BREAKDOWN,Haul Truck & Shovel Mechanical Failure,Reallocate Backup Fleet & Deploy Mobile Mechanics,97.5,14800
2025-11-11,Balaghat Central Mine,15.1,23.8,35.4,96.3,3,1500,13139,1861,NORMAL,Optimal Mine Operations,Maintain Standard Production Schedule,95.3,1861
2025-11-11,Mansar West Mine,15.1,23.8,35.4,96.3,3,1500,15000,0,NORMAL,Optimal Mine Operations,Maintain Standard Production Schedule,86.2,0
2025-11-11,Dongri Buzurg Mine,15.1,23.8,35.4,96.3,3,1500,15000,0,NORMAL,Optimal Mine Operations,Maintain Standard Production Schedule,87.6,0
2025-11-11,Ukwa East Mine,15.1,23.8,35.4,96.3,3,1500,15000,0,NORMAL,Optimal Mine Operations,Maintain Standard Production Schedule,91.7,0
2025-11-12,Balaghat Central Mine,19.5,29.6,26.6,65.5,1,1500,5000,18500,FLEET_BREAKDOWN,Haul Truck & Shovel Mechanical Failure,Reallocate Backup Fleet & Deploy Mobile Mechanics,87.6,14800
2025-11-12,Mansar West Mine,19.5,29.6,26.6,65.5,1,1500,5000,18500,FLEET_BREAKDOWN,Haul Truck & Shovel Mechanical Failure,Reallocate Backup Fleet & Deploy Mobile Mechanics,91.8,14800
2025-11-12,Dongri Buzurg Mine,19.5,29.6,26.6,65.5,1,1500,5000,18500,FLEET_BREAKDOWN,Haul Truck & Shovel Mechanical Failure,Reallocate Backup Fleet & Deploy Mobile Mechanics,93.3,14800
2025-11-12,Ukwa East Mine,19.5,29.6,26.6,65.5,1,1500,5000,18500,FLEET_BREAKDOWN,Haul Truck & Shovel Mechanical Failure,Reallocate Backup Fleet & Deploy Mobile Mechanics,86.3,14800
2025-11-13,Balaghat Central Mine,5.6,28.4,36.6,96.2,3,1500,15000,0,NORMAL,Optimal Mine Operations,Maintain Standard Production Schedule,89.7,0
2025-11-13,Mansar West Mine,5.6,28.4,36.6,96.2,3,1500,10801,4199,NORMAL,Optimal Mine Operations,Maintain Standard Production Schedule,90.8,4199
2025-11-13,Dongri Buzurg Mine,5.6,28.4,36.6,96.2,3,1500,14172,828,NORMAL,Optimal Mine Operations,Maintain Standard Production Schedule,85.6,828
2025-11-13,Ukwa East Mine,5.6,28.4,36.6,96.2,3,1500,13941,1059,NORMAL,Optimal Mine Operations,Maintain Standard Production Schedule,95.4,1059
2025-11-14,Balaghat Central Mine,17.2,21.5,18.1,72.0,1,1500,5000,18500,FLEET_BREAKDOWN,Haul Truck & Shovel Mechanical Failure,Reallocate Backup Fleet & Deploy Mobile Mechanics,86.2,14800
2025-11-14,Mansar West Mine,17.2,21.5,18.1,72.0,1,1500,5000,18500,FLEET_BREAKDOWN,Haul Truck & Shovel Mechanical Failure,Reallocate Backup Fleet & Deploy Mobile Mechanics,94.9,14800
2025-11-14,Dongri Buzurg Mine,17.2,21.5,18.1,72.0,1,1500,5000,18500,FLEET_BREAKDOWN,Haul Truck & Shovel Mechanical Failure,Reallocate Backup Fleet & Deploy Mobile Mechanics,95.8,14800
2025-11-14,Ukwa East Mine,17.2,21.5,18.1,72.0,1,1500,5000,18500,FLEET_BREAKDOWN,Haul Truck & Shovel Mechanical Failure,Reallocate Backup Fleet & Deploy Mobile Mechanics,90.9,14800
2025-11-15,Balaghat Central Mine,19.3,28.4,22.6,55.1,5,1500,5000,18500,FLEET_BREAKDOWN,Haul Truck & Shovel Mechanical Failure,Reallocate Backup Fleet & Deploy Mobile Mechanics,93.6,14800
2025-11-15,Mansar West Mine,19.3,28.4,22.6,55.1,5,1500,5000,18500,FLEET_BREAKDOWN,Haul Truck & Shovel Mechanical Failure,Reallocate Backup Fleet & Deploy Mobile Mechanics,97.2,14800
2025-11-15,Dongri Buzurg Mine,19.3,28.4,22.6,55.1,5,1500,5000,18500,FLEET_BREAKDOWN,Haul Truck & Shovel Mechanical Failure,Reallocate Backup Fleet & Deploy Mobile Mechanics,91.6,14800
2025-11-15,Ukwa East Mine,19.3,28.4,22.6,55.1,5,1500,5000,18500,FLEET_BREAKDOWN,Haul Truck & Shovel Mechanical Failure,Reallocate Backup Fleet & Deploy Mobile Mechanics,86.2,14800
2025-11-16,Balaghat Central Mine,4.8,21.1,42.4,77.5,3,1500,14156,844,NORMAL,Optimal Mine Operations,Maintain Standard Production Schedule,97.1,844
2025-11-16,Mansar West Mine,4.8,21.1,42.4,77.5,3,1500,15000,0,NORMAL,Optimal Mine Operations,Maintain Standard Production Schedule,91.6,0
2025-11-16,Dongri Buzurg Mine,4.8,21.1,42.4,77.5,3,1500,14163,837,NORMAL,Optimal Mine Operations,Maintain Standard Production Schedule,88.9,837
2025-11-16,Ukwa East Mine,4.8,21.1,42.4,77.5,3,1500,13854,1146,NORMAL,Optimal Mine Operations,Maintain Standard Production Schedule,87.4,1146
2025-11-17,Balaghat Central Mine,16.8,24.9,16.3,82.3,1,1500,15000,0,NORMAL,Optimal Mine Operations,Maintain Standard Production Schedule,86.0,0
2025-11-17,Mansar West Mine,16.8,24.9,16.3,82.3,1,1500,15000,0,NORMAL,Optimal Mine Operations,Maintain Standard Production Schedule,97.0,0
2025-11-17,Dongri Buzurg Mine,16.8,24.9,16.3,82.3,1,1500,10313,4687,NORMAL,Optimal Mine Operations,Maintain Standard Production Schedule,96.9,4687
2025-11-17,Ukwa East Mine,16.8,24.9,16.3,82.3,1,1500,15000,0,NORMAL,Optimal Mine Operations,Maintain Standard Production Schedule,95.1,0
2025-11-18,Balaghat Central Mine,10.2,24.0,42.3,92.4,2,1500,15000,0,NORMAL,Optimal Mine Operations,Maintain Standard Production Schedule,89.1,0
2025-11-18,Mansar West Mine,10.2,24.0,42.3,92.4,2,1500,15000,0,NORMAL,Optimal Mine Operations,Maintain Standard Production Schedule,92.6,0
2025-11-18,Dongri Buzurg Mine,10.2,24.0,42.3,92.4,2,1500,15000,0,NORMAL,Optimal Mine Operations,Maintain Standard Production Schedule,96.6,0
2025-11-18,Ukwa East Mine,10.2,24.0,42.3,92.4,2,1500,15000,0,NORMAL,Optimal Mine Operations,Maintain Standard Production Schedule,96.9,0
2025-11-19,Balaghat Central Mine,17.6,28.9,34.8,67.8,3,1500,5000,18500,FLEET_BREAKDOWN,Haul Truck & Shovel Mechanical Failure,Reallocate Backup Fleet & Deploy Mobile Mechanics,94.4,14800
2025-11-19,Mansar West Mine,17.6,28.9,34.8,67.8,3,1500,5000,18500,FLEET_BREAKDOWN,Haul Truck & Shovel Mechanical Failure,Reallocate Backup Fleet & Deploy Mobile Mechanics,87.5,14800
2025-11-19,Dongri Buzurg Mine,17.6,28.9,34.8,67.8,3,1500,5000,18500,FLEET_BREAKDOWN,Haul Truck & Shovel Mechanical Failure,Reallocate Backup Fleet & Deploy Mobile Mechanics,93.7,14800
2025-11-19,Ukwa East Mine,17.6,28.9,34.8,67.8,3,1500,5000,18500,FLEET_BREAKDOWN,Haul Truck & Shovel Mechanical Failure,Reallocate Backup Fleet & Deploy Mobile Mechanics,91.6,14800
2025-11-20,Balaghat Central Mine,19.4,30.6,38.8,57.9,4,1500,5000,18500,FLEET_BREAKDOWN,Haul Truck & Shovel Mechanical Failure,Reallocate Backup Fleet & Deploy Mobile Mechanics,93.5,14800
2025-11-20,Mansar West Mine,19.4,30.6,38.8,57.9,4,1500,5000,18500,FLEET_BREAKDOWN,Haul Truck & Shovel Mechanical Failure,Reallocate Backup Fleet & Deploy Mobile Mechanics,94.6,14800
2025-11-20,Dongri Buzurg Mine,19.4,30.6,38.8,57.9,4,1500,5000,18500,FLEET_BREAKDOWN,Haul Truck & Shovel Mechanical Failure,Reallocate Backup Fleet & Deploy Mobile Mechanics,97.8,14800
2025-11-20,Ukwa East Mine,19.4,30.6,38.8,57.9,4,1500,5000,18500,FLEET_BREAKDOWN,Haul Truck & Shovel Mechanical Failure,Reallocate Backup Fleet & Deploy Mobile Mechanics,87.8,14800
2025-11-21,Balaghat Central Mine,2.5,31.8,29.9,83.2,3,1500,15000,0,NORMAL,Optimal Mine Operations,Maintain Standard Production Schedule,93.1,0
2025-11-21,Mansar West Mine,2.5,31.8,29.9,83.2,3,1500,12786,2214,NORMAL,Optimal Mine Operations,Maintain Standard Production Schedule,85.0,2214
2025-11-21,Dongri Buzurg Mine,2.5,31.8,29.9,83.2,3,1500,6551,8449,NORMAL,Optimal Mine Operations,Maintain Standard Production Schedule,95.0,8449
2025-11-21,Ukwa East Mine,2.5,31.8,29.9,83.2,3,1500,11605,3395,NORMAL,Optimal Mine Operations,Maintain Standard Production Schedule,97.4,3395
2025-11-22,Balaghat Central Mine,8.7,27.4,32.5,77.2,2,1500,15000,0,NORMAL,Optimal Mine Operations,Maintain Standard Production Schedule,92.6,0
2025-11-22,Mansar West Mine,8.7,27.4,32.5,77.2,2,1500,12533,2467,NORMAL,Optimal Mine Operations,Maintain Standard Production Schedule,91.9,2467
2025-11-22,Dongri Buzurg Mine,8.7,27.4,32.5,77.2,2,1500,14997,3,NORMAL,Optimal Mine Operations,Maintain Standard Production Schedule,91.0,3
2025-11-22,Ukwa East Mine,8.7,27.4,32.5,77.2,2,1500,13310,1690,NORMAL,Optimal Mine Operations,Maintain Standard Production Schedule,91.7,1690
2025-11-23,Balaghat Central Mine,9.3,30.0,30.0,87.5,1,1500,15000,0,NORMAL,Optimal Mine Operations,Maintain Standard Production Schedule,90.2,0
2025-11-23,Mansar West Mine,9.3,30.0,30.0,87.5,1,1500,14055,945,NORMAL,Optimal Mine Operations,Maintain Standard Production Schedule,94.1,945
2025-11-23,Dongri Buzurg Mine,9.3,30.0,30.0,87.5,1,1500,15000,0,NORMAL,Optimal Mine Operations,Maintain Standard Production Schedule,92.7,0
2025-11-23,Ukwa East Mine,9.3,30.0,30.0,87.5,1,1500,14621,379,NORMAL,Optimal Mine Operations,Maintain Standard Production Schedule,92.8,379
2025-11-24,Balaghat Central Mine,17.1,22.5,17.8,92.7,1,1500,14149,851,NORMAL,Optimal Mine Operations,Maintain Standard Production Schedule,91.1,851
2025-11-24,Mansar West Mine,17.1,22.5,17.8,92.7,1,1500,11826,3174,NORMAL,Optimal Mine Operations,Maintain Standard Production Schedule,95.6,3174
2025-11-24,Dongri Buzurg Mine,17.1,22.5,17.8,92.7,1,1500,15000,0,NORMAL,Optimal Mine Operations,Maintain Standard Production Schedule,91.6,0
2025-11-24,Ukwa East Mine,17.1,22.5,17.8,92.7,1,1500,13123,1877,NORMAL,Optimal Mine Operations,Maintain Standard Production Schedule,94.8,1877
2025-11-25,Balaghat Central Mine,1.6,29.4,18.7,84.5,1,1500,9364,5636,NORMAL,Optimal Mine Operations,Maintain Standard Production Schedule,96.9,5636
2025-11-25,Mansar West Mine,1.6,29.4,18.7,84.5,1,1500,5000,10829,NORMAL,Optimal Mine Operations,Maintain Standard Production Schedule,87.5,10829
2025-11-25,Dongri Buzurg Mine,1.6,29.4,18.7,84.5,1,1500,13426,1574,NORMAL,Optimal Mine Operations,Maintain Standard Production Schedule,96.3,1574
2025-11-25,Ukwa East Mine,1.6,29.4,18.7,84.5,1,1500,13759,1241,NORMAL,Optimal Mine Operations,Maintain Standard Production Schedule,92.1,1241
2025-11-26,Balaghat Central Mine,7.8,30.3,44.1,67.7,3,1500,5000,18500,FLEET_BREAKDOWN,Haul Truck & Shovel Mechanical Failure,Reallocate Backup Fleet & Deploy Mobile Mechanics,87.3,14800
2025-11-26,Mansar West Mine,7.8,30.3,44.1,67.7,3,1500,5000,18500,FLEET_BREAKDOWN,Haul Truck & Shovel Mechanical Failure,Reallocate Backup Fleet & Deploy Mobile Mechanics,97.3,14800
2025-11-26,Dongri Buzurg Mine,7.8,30.3,44.1,67.7,3,1500,5000,18500,FLEET_BREAKDOWN,Haul Truck & Shovel Mechanical Failure,Reallocate Backup Fleet & Deploy Mobile Mechanics,97.8,14800
2025-11-26,Ukwa East Mine,7.8,30.3,44.1,67.7,3,1500,5000,18500,FLEET_BREAKDOWN,Haul Truck & Shovel Mechanical Failure,Reallocate Backup Fleet & Deploy Mobile Mechanics,93.0,14800
2025-11-27,Balaghat Central Mine,12.3,31.3,18.6,74.8,5,1500,5000,18500,FLEET_BREAKDOWN,Haul Truck & Shovel Mechanical Failure,Reallocate Backup Fleet & Deploy Mobile Mechanics,85.9,14800
2025-11-27,Mansar West Mine,12.3,31.3,18.6,74.8,5,1500,5000,18500,FLEET_BREAKDOWN,Haul Truck & Shovel Mechanical Failure,Reallocate Backup Fleet & Deploy Mobile Mechanics,92.5,14800
2025-11-27,Dongri Buzurg Mine,12.3,31.3,18.6,74.8,5,1500,5000,18500,FLEET_BREAKDOWN,Haul Truck & Shovel Mechanical Failure,Reallocate Backup Fleet & Deploy Mobile Mechanics,87.0,14800
2025-11-27,Ukwa East Mine,12.3,31.3,18.6,74.8,5,1500,5000,18500,FLEET_BREAKDOWN,Haul Truck & Shovel Mechanical Failure,Reallocate Backup Fleet & Deploy Mobile Mechanics,96.7,14800
2025-11-28,Balaghat Central Mine,8.7,31.0,24.2,95.5,1,1500,13405,1595,NORMAL,Optimal Mine Operations,Maintain Standard Production Schedule,98.0,1595
2025-11-28,Mansar West Mine,8.7,31.0,24.2,95.5,1,1500,15000,0,NORMAL,Optimal Mine Operations,Maintain Standard Production Schedule,85.2,0
2025-11-28,Dongri Buzurg Mine,8.7,31.0,24.2,95.5,1,1500,15000,0,NORMAL,Optimal Mine Operations,Maintain Standard Production Schedule,90.6,0
2025-11-28,Ukwa East Mine,8.7,31.0,24.2,95.5,1,1500,15000,0,NORMAL,Optimal Mine Operations,Maintain Standard Production Schedule,87.3,0
2025-11-29,Balaghat Central Mine,2.4,29.1,43.3,97.7,2,1500,15000,0,NORMAL,Optimal Mine Operations,Maintain Standard Production Schedule,88.3,0
2025-11-29,Mansar West Mine,2.4,29.1,43.3,97.7,2,1500,12618,2382,NORMAL,Optimal Mine Operations,Maintain Standard Production Schedule,87.9,2382
2025-11-29,Dongri Buzurg Mine,2.4,29.1,43.3,97.7,2,1500,12094,2906,NORMAL,Optimal Mine Operations,Maintain Standard Production Schedule,97.2,2906
2025-11-29,Ukwa East Mine,2.4,29.1,43.3,97.7,2,1500,14823,177,NORMAL,Optimal Mine Operations,Maintain Standard Production Schedule,85.4,177
2025-11-30,Balaghat Central Mine,11.7,21.0,27.2,82.7,3,1500,15000,0,NORMAL,Optimal Mine Operations,Maintain Standard Production Schedule,85.7,0
2025-11-30,Mansar West Mine,11.7,21.0,27.2,82.7,3,1500,12442,2558,NORMAL,Optimal Mine Operations,Maintain Standard Production Schedule,91.0,2558
2025-11-30,Dongri Buzurg Mine,11.7,21.0,27.2,82.7,3,1500,15000,0,NORMAL,Optimal Mine Operations,Maintain Standard Production Schedule,94.4,0
2025-11-30,Ukwa East Mine,11.7,21.0,27.2,82.7,3,1500,15000,0,NORMAL,Optimal Mine Operations,Maintain Standard Production Schedule,87.6,0
2025-12-01,Balaghat Central Mine,6.1,30.8,30.7,69.1,5,1500,5000,18500,FLEET_BREAKDOWN,Haul Truck & Shovel Mechanical Failure,Reallocate Backup Fleet & Deploy Mobile Mechanics,91.4,14800
2025-12-01,Mansar West Mine,6.1,30.8,30.7,69.1,5,1500,5000,18500,FLEET_BREAKDOWN,Haul Truck & Shovel Mechanical Failure,Reallocate Backup Fleet & Deploy Mobile Mechanics,92.2,14800
2025-12-01,Dongri Buzurg Mine,6.1,30.8,30.7,69.1,5,1500,5000,18500,FLEET_BREAKDOWN,Haul Truck & Shovel Mechanical Failure,Reallocate Backup Fleet & Deploy Mobile Mechanics,86.4,14800
2025-12-01,Ukwa East Mine,6.1,30.8,30.7,69.1,5,1500,5000,18500,FLEET_BREAKDOWN,Haul Truck & Shovel Mechanical Failure,Reallocate Backup Fleet & Deploy Mobile Mechanics,97.3,14800
2025-12-02,Balaghat Central Mine,15.3,20.5,40.9,74.5,1,1500,5000,18500,FLEET_BREAKDOWN,Haul Truck & Shovel Mechanical Failure,Reallocate Backup Fleet & Deploy Mobile Mechanics,91.5,14800
2025-12-02,Mansar West Mine,15.3,20.5,40.9,74.5,1,1500,5000,18500,FLEET_BREAKDOWN,Haul Truck & Shovel Mechanical Failure,Reallocate Backup Fleet & Deploy Mobile Mechanics,85.1,14800
2025-12-02,Dongri Buzurg Mine,15.3,20.5,40.9,74.5,1,1500,5000,18500,FLEET_BREAKDOWN,Haul Truck & Shovel Mechanical Failure,Reallocate Backup Fleet & Deploy Mobile Mechanics,96.6,14800
2025-12-02,Ukwa East Mine,15.3,20.5,40.9,74.5,1,1500,5000,18500,FLEET_BREAKDOWN,Haul Truck & Shovel Mechanical Failure,Reallocate Backup Fleet & Deploy Mobile Mechanics,87.8,14800
2025-12-03,Balaghat Central Mine,0.4,27.3,42.5,78.4,3,1500,15000,0,NORMAL,Optimal Mine Operations,Maintain Standard Production Schedule,85.7,0
2025-12-03,Mansar West Mine,0.4,27.3,42.5,78.4,3,1500,14810,190,NORMAL,Optimal Mine Operations,Maintain Standard Production Schedule,85.3,190
2025-12-03,Dongri Buzurg Mine,0.4,27.3,42.5,78.4,3,1500,15000,0,NORMAL,Optimal Mine Operations,Maintain Standard Production Schedule,88.7,0
2025-12-03,Ukwa East Mine,0.4,27.3,42.5,78.4,3,1500,15000,0,NORMAL,Optimal Mine Operations,Maintain Standard Production Schedule,92.7,0
2025-12-04,Balaghat Central Mine,3.0,21.1,16.4,65.2,2,1500,5000,18500,FLEET_BREAKDOWN,Haul Truck & Shovel Mechanical Failure,Reallocate Backup Fleet & Deploy Mobile Mechanics,88.9,14800
2025-12-04,Mansar West Mine,3.0,21.1,16.4,65.2,2,1500,5000,18500,FLEET_BREAKDOWN,Haul Truck & Shovel Mechanical Failure,Reallocate Backup Fleet & Deploy Mobile Mechanics,97.0,14800
2025-12-04,Dongri Buzurg Mine,3.0,21.1,16.4,65.2,2,1500,5000,18500,FLEET_BREAKDOWN,Haul Truck & Shovel Mechanical Failure,Reallocate Backup Fleet & Deploy Mobile Mechanics,95.8,14800
2025-12-04,Ukwa East Mine,3.0,21.1,16.4,65.2,2,1500,5000,18500,FLEET_BREAKDOWN,Haul Truck & Shovel Mechanical Failure,Reallocate Backup Fleet & Deploy Mobile Mechanics,89.9,14800
2025-12-05,Balaghat Central Mine,8.9,28.6,30.5,55.9,1,1500,5000,18500,FLEET_BREAKDOWN,Haul Truck & Shovel Mechanical Failure,Reallocate Backup Fleet & Deploy Mobile Mechanics,85.4,14800
2025-12-05,Mansar West Mine,8.9,28.6,30.5,55.9,1,1500,5000,18500,FLEET_BREAKDOWN,Haul Truck & Shovel Mechanical Failure,Reallocate Backup Fleet & Deploy Mobile Mechanics,93.1,14800
2025-12-05,Dongri Buzurg Mine,8.9,28.6,30.5,55.9,1,1500,5000,18500,FLEET_BREAKDOWN,Haul Truck & Shovel Mechanical Failure,Reallocate Backup Fleet & Deploy Mobile Mechanics,92.0,14800
2025-12-05,Ukwa East Mine,8.9,28.6,30.5,55.9,1,1500,5000,18500,FLEET_BREAKDOWN,Haul Truck & Shovel Mechanical Failure,Reallocate Backup Fleet & Deploy Mobile Mechanics,85.1,14800
2025-12-06,Balaghat Central Mine,2.5,28.5,17.5,95.0,3,1500,15000,0,NORMAL,Optimal Mine Operations,Maintain Standard Production Schedule,96.3,0
2025-12-06,Mansar West Mine,2.5,28.5,17.5,95.0,3,1500,14789,211,NORMAL,Optimal Mine Operations,Maintain Standard Production Schedule,97.0,211
2025-12-06,Dongri Buzurg Mine,2.5,28.5,17.5,95.0,3,1500,11399,3601,NORMAL,Optimal Mine Operations,Maintain Standard Production Schedule,95.3,3601
2025-12-06,Ukwa East Mine,2.5,28.5,17.5,95.0,3,1500,14700,300,NORMAL,Optimal Mine Operations,Maintain Standard Production Schedule,92.3,300
2025-12-07,Balaghat Central Mine,9.1,21.0,41.0,83.1,1,1500,15000,0,NORMAL,Optimal Mine Operations,Maintain Standard Production Schedule,96.6,0
2025-12-07,Mansar West Mine,9.1,21.0,41.0,83.1,1,1500,6848,8152,NORMAL,Optimal Mine Operations,Maintain Standard Production Schedule,87.7,8152
2025-12-07,Dongri Buzurg Mine,9.1,21.0,41.0,83.1,1,1500,15000,0,NORMAL,Optimal Mine Operations,Maintain Standard Production Schedule,97.3,0
2025-12-07,Ukwa East Mine,9.1,21.0,41.0,83.1,1,1500,9779,5221,NORMAL,Optimal Mine Operations,Maintain Standard Production Schedule,88.9,5221
2025-12-08,Balaghat Central Mine,11.3,21.1,19.5,90.0,3,1500,15000,0,NORMAL,Optimal Mine Operations,Maintain Standard Production Schedule,85.2,0
2025-12-08,Mansar West Mine,11.3,21.1,19.5,90.0,3,1500,15000,0,NORMAL,Optimal Mine Operations,Maintain Standard Production Schedule,97.8,0
2025-12-08,Dongri Buzurg Mine,11.3,21.1,19.5,90.0,3,1500,14412,588,NORMAL,Optimal Mine Operations,Maintain Standard Production Schedule,91.5,588
2025-12-08,Ukwa East Mine,11.3,21.1,19.5,90.0,3,1500,15000,0,NORMAL,Optimal Mine Operations,Maintain Standard Production Schedule,97.7,0
2025-12-09,Balaghat Central Mine,5.5,21.4,28.0,61.9,4,1500,5000,18500,FLEET_BREAKDOWN,Haul Truck & Shovel Mechanical Failure,Reallocate Backup Fleet & Deploy Mobile Mechanics,95.7,14800
2025-12-09,Mansar West Mine,5.5,21.4,28.0,61.9,4,1500,5000,18500,FLEET_BREAKDOWN,Haul Truck & Shovel Mechanical Failure,Reallocate Backup Fleet & Deploy Mobile Mechanics,88.0,14800
2025-12-09,Dongri Buzurg Mine,5.5,21.4,28.0,61.9,4,1500,5000,18500,FLEET_BREAKDOWN,Haul Truck & Shovel Mechanical Failure,Reallocate Backup Fleet & Deploy Mobile Mechanics,86.2,14800
2025-12-09,Ukwa East Mine,5.5,21.4,28.0,61.9,4,1500,5000,18500,FLEET_BREAKDOWN,Haul Truck & Shovel Mechanical Failure,Reallocate Backup Fleet & Deploy Mobile Mechanics,92.3,14800
2025-12-10,Balaghat Central Mine,15.5,23.4,36.5,70.2,4,1500,5000,18500,FLEET_BREAKDOWN,Haul Truck & Shovel Mechanical Failure,Reallocate Backup Fleet & Deploy Mobile Mechanics,97.8,14800
2025-12-10,Mansar West Mine,15.5,23.4,36.5,70.2,4,1500,5000,18500,FLEET_BREAKDOWN,Haul Truck & Shovel Mechanical Failure,Reallocate Backup Fleet & Deploy Mobile Mechanics,93.1,14800
2025-12-10,Dongri Buzurg Mine,15.5,23.4,36.5,70.2,4,1500,5000,18500,FLEET_BREAKDOWN,Haul Truck & Shovel Mechanical Failure,Reallocate Backup Fleet & Deploy Mobile Mechanics,89.0,14800
2025-12-10,Ukwa East Mine,15.5,23.4,36.5,70.2,4,1500,5000,18500,FLEET_BREAKDOWN,Haul Truck & Shovel Mechanical Failure,Reallocate Backup Fleet & Deploy Mobile Mechanics,93.8,14800
2025-12-11,Balaghat Central Mine,4.9,25.7,44.2,89.6,3,1500,15000,0,NORMAL,Optimal Mine Operations,Maintain Standard Production Schedule,95.3,0
2025-12-11,Mansar West Mine,4.9,25.7,44.2,89.6,3,1500,11390,3610,NORMAL,Optimal Mine Operations,Maintain Standard Production Schedule,88.6,3610
2025-12-11,Dongri Buzurg Mine,4.9,25.7,44.2,89.6,3,1500,11601,3399,NORMAL,Optimal Mine Operations,Maintain Standard Production Schedule,92.3,3399
2025-12-11,Ukwa East Mine,4.9,25.7,44.2,89.6,3,1500,14602,398,NORMAL,Optimal Mine Operations,Maintain Standard Production Schedule,90.4,398
2025-12-12,Balaghat Central Mine,8.3,30.0,15.5,59.2,3,1500,5000,18500,FLEET_BREAKDOWN,Haul Truck & Shovel Mechanical Failure,Reallocate Backup Fleet & Deploy Mobile Mechanics,95.5,14800
2025-12-12,Mansar West Mine,8.3,30.0,15.5,59.2,3,1500,5000,18500,FLEET_BREAKDOWN,Haul Truck & Shovel Mechanical Failure,Reallocate Backup Fleet & Deploy Mobile Mechanics,89.6,14800
2025-12-12,Dongri Buzurg Mine,8.3,30.0,15.5,59.2,3,1500,5000,18500,FLEET_BREAKDOWN,Haul Truck & Shovel Mechanical Failure,Reallocate Backup Fleet & Deploy Mobile Mechanics,96.5,14800
2025-12-12,Ukwa East Mine,8.3,30.0,15.5,59.2,3,1500,5000,18500,FLEET_BREAKDOWN,Haul Truck & Shovel Mechanical Failure,Reallocate Backup Fleet & Deploy Mobile Mechanics,95.7,14800
2025-12-13,Balaghat Central Mine,2.4,30.7,36.2,67.8,1,1500,5000,18500,FLEET_BREAKDOWN,Haul Truck & Shovel Mechanical Failure,Reallocate Backup Fleet & Deploy Mobile Mechanics,87.8,14800
2025-12-13,Mansar West Mine,2.4,30.7,36.2,67.8,1,1500,5000,18500,FLEET_BREAKDOWN,Haul Truck & Shovel Mechanical Failure,Reallocate Backup Fleet & Deploy Mobile Mechanics,96.2,14800
2025-12-13,Dongri Buzurg Mine,2.4,30.7,36.2,67.8,1,1500,5000,18500,FLEET_BREAKDOWN,Haul Truck & Shovel Mechanical Failure,Reallocate Backup Fleet & Deploy Mobile Mechanics,93.9,14800
2025-12-13,Ukwa East Mine,2.4,30.7,36.2,67.8,1,1500,5000,18500,FLEET_BREAKDOWN,Haul Truck & Shovel Mechanical Failure,Reallocate Backup Fleet & Deploy Mobile Mechanics,90.5,14800
2025-12-14,Balaghat Central Mine,1.2,25.6,22.0,56.0,1,1500,5000,18500,FLEET_BREAKDOWN,Haul Truck & Shovel Mechanical Failure,Reallocate Backup Fleet & Deploy Mobile Mechanics,87.0,14800
2025-12-14,Mansar West Mine,1.2,25.6,22.0,56.0,1,1500,5000,18500,FLEET_BREAKDOWN,Haul Truck & Shovel Mechanical Failure,Reallocate Backup Fleet & Deploy Mobile Mechanics,86.7,14800
2025-12-14,Dongri Buzurg Mine,1.2,25.6,22.0,56.0,1,1500,5000,18500,FLEET_BREAKDOWN,Haul Truck & Shovel Mechanical Failure,Reallocate Backup Fleet & Deploy Mobile Mechanics,95.9,14800
2025-12-14,Ukwa East Mine,1.2,25.6,22.0,56.0,1,1500,5000,18500,FLEET_BREAKDOWN,Haul Truck & Shovel Mechanical Failure,Reallocate Backup Fleet & Deploy Mobile Mechanics,94.8,14800
2025-12-15,Balaghat Central Mine,10.8,31.2,42.0,82.6,3,1500,15000,0,NORMAL,Optimal Mine Operations,Maintain Standard Production Schedule,92.3,0
2025-12-15,Mansar West Mine,10.8,31.2,42.0,82.6,3,1500,15000,0,NORMAL,Optimal Mine Operations,Maintain Standard Production Schedule,86.9,0
2025-12-15,Dongri Buzurg Mine,10.8,31.2,42.0,82.6,3,1500,15000,0,NORMAL,Optimal Mine Operations,Maintain Standard Production Schedule,96.6,0
2025-12-15,Ukwa East Mine,10.8,31.2,42.0,82.6,3,1500,12468,2532,NORMAL,Optimal Mine Operations,Maintain Standard Production Schedule,85.8,2532
2025-12-16,Balaghat Central Mine,4.8,30.6,28.7,73.4,4,1500,5000,18500,FLEET_BREAKDOWN,Haul Truck & Shovel Mechanical Failure,Reallocate Backup Fleet & Deploy Mobile Mechanics,95.5,14800
2025-12-16,Mansar West Mine,4.8,30.6,28.7,73.4,4,1500,5000,18500,FLEET_BREAKDOWN,Haul Truck & Shovel Mechanical Failure,Reallocate Backup Fleet & Deploy Mobile Mechanics,95.4,14800
2025-12-16,Dongri Buzurg Mine,4.8,30.6,28.7,73.4,4,1500,5000,18500,FLEET_BREAKDOWN,Haul Truck & Shovel Mechanical Failure,Reallocate Backup Fleet & Deploy Mobile Mechanics,94.5,14800
2025-12-16,Ukwa East Mine,4.8,30.6,28.7,73.4,4,1500,5000,18500,FLEET_BREAKDOWN,Haul Truck & Shovel Mechanical Failure,Reallocate Backup Fleet & Deploy Mobile Mechanics,88.4,14800
2025-12-17,Balaghat Central Mine,6.7,31.6,28.9,82.5,4,1500,14936,64,NORMAL,Optimal Mine Operations,Maintain Standard Production Schedule,94.0,64
2025-12-17,Mansar West Mine,6.7,31.6,28.9,82.5,4,1500,14164,836,NORMAL,Optimal Mine Operations,Maintain Standard Production Schedule,85.9,836
2025-12-17,Dongri Buzurg Mine,6.7,31.6,28.9,82.5,4,1500,14818,182,NORMAL,Optimal Mine Operations,Maintain Standard Production Schedule,95.6,182
2025-12-17,Ukwa East Mine,6.7,31.6,28.9,82.5,4,1500,10169,4831,NORMAL,Optimal Mine Operations,Maintain Standard Production Schedule,97.8,4831
2025-12-18,Balaghat Central Mine,7.6,24.6,18.1,95.7,5,1500,10807,4193,NORMAL,Optimal Mine Operations,Maintain Standard Production Schedule,95.9,4193
2025-12-18,Mansar West Mine,7.6,24.6,18.1,95.7,5,1500,11836,3164,NORMAL,Optimal Mine Operations,Maintain Standard Production Schedule,96.4,3164
2025-12-18,Dongri Buzurg Mine,7.6,24.6,18.1,95.7,5,1500,15000,0,NORMAL,Optimal Mine Operations,Maintain Standard Production Schedule,93.0,0
2025-12-18,Ukwa East Mine,7.6,24.6,18.1,95.7,5,1500,14309,691,NORMAL,Optimal Mine Operations,Maintain Standard Production Schedule,98.0,691
2025-12-19,Balaghat Central Mine,5.1,26.3,31.8,60.9,4,1500,5000,18500,FLEET_BREAKDOWN,Haul Truck & Shovel Mechanical Failure,Reallocate Backup Fleet & Deploy Mobile Mechanics,87.1,14800
2025-12-19,Mansar West Mine,5.1,26.3,31.8,60.9,4,1500,5000,18500,FLEET_BREAKDOWN,Haul Truck & Shovel Mechanical Failure,Reallocate Backup Fleet & Deploy Mobile Mechanics,94.8,14800
2025-12-19,Dongri Buzurg Mine,5.1,26.3,31.8,60.9,4,1500,5000,18500,FLEET_BREAKDOWN,Haul Truck & Shovel Mechanical Failure,Reallocate Backup Fleet & Deploy Mobile Mechanics,96.2,14800
2025-12-19,Ukwa East Mine,5.1,26.3,31.8,60.9,4,1500,5000,18500,FLEET_BREAKDOWN,Haul Truck & Shovel Mechanical Failure,Reallocate Backup Fleet & Deploy Mobile Mechanics,97.0,14800
2025-12-20,Balaghat Central Mine,15.0,29.9,40.3,88.8,4,1500,15000,0,NORMAL,Optimal Mine Operations,Maintain Standard Production Schedule,92.8,0
2025-12-20,Mansar West Mine,15.0,29.9,40.3,88.8,4,1500,11220,3780,NORMAL,Optimal Mine Operations,Maintain Standard Production Schedule,86.0,3780
2025-12-20,Dongri Buzurg Mine,15.0,29.9,40.3,88.8,4,1500,15000,0,NORMAL,Optimal Mine Operations,Maintain Standard Production Schedule,89.0,0
2025-12-20,Ukwa East Mine,15.0,29.9,40.3,88.8,4,1500,15000,0,NORMAL,Optimal Mine Operations,Maintain Standard Production Schedule,87.0,0
2025-12-21,Balaghat Central Mine,13.4,31.4,23.7,65.0,2,1500,5000,18500,FLEET_BREAKDOWN,Haul Truck & Shovel Mechanical Failure,Reallocate Backup Fleet & Deploy Mobile Mechanics,90.4,14800
2025-12-21,Mansar West Mine,13.4,31.4,23.7,65.0,2,1500,5000,18500,FLEET_BREAKDOWN,Haul Truck & Shovel Mechanical Failure,Reallocate Backup Fleet & Deploy Mobile Mechanics,92.1,14800
2025-12-21,Dongri Buzurg Mine,13.4,31.4,23.7,65.0,2,1500,5000,18500,FLEET_BREAKDOWN,Haul Truck & Shovel Mechanical Failure,Reallocate Backup Fleet & Deploy Mobile Mechanics,87.4,14800
2025-12-21,Ukwa East Mine,13.4,31.4,23.7,65.0,2,1500,5000,18500,FLEET_BREAKDOWN,Haul Truck & Shovel Mechanical Failure,Reallocate Backup Fleet & Deploy Mobile Mechanics,97.9,14800
2025-12-22,Balaghat Central Mine,3.3,24.8,43.4,72.0,5,1500,5000,18500,FLEET_BREAKDOWN,Haul Truck & Shovel Mechanical Failure,Reallocate Backup Fleet & Deploy Mobile Mechanics,90.5,14800
2025-12-22,Mansar West Mine,3.3,24.8,43.4,72.0,5,1500,5000,18500,FLEET_BREAKDOWN,Haul Truck & Shovel Mechanical Failure,Reallocate Backup Fleet & Deploy Mobile Mechanics,95.2,14800
2025-12-22,Dongri Buzurg Mine,3.3,24.8,43.4,72.0,5,1500,5000,18500,FLEET_BREAKDOWN,Haul Truck & Shovel Mechanical Failure,Reallocate Backup Fleet & Deploy Mobile Mechanics,93.2,14800
2025-12-22,Ukwa East Mine,3.3,24.8,43.4,72.0,5,1500,5000,18500,FLEET_BREAKDOWN,Haul Truck & Shovel Mechanical Failure,Reallocate Backup Fleet & Deploy Mobile Mechanics,93.7,14800
2025-12-23,Balaghat Central Mine,3.3,22.2,17.2,80.8,2,1500,15000,0,NORMAL,Optimal Mine Operations,Maintain Standard Production Schedule,85.8,0
2025-12-23,Mansar West Mine,3.3,22.2,17.2,80.8,2,1500,11821,3179,NORMAL,Optimal Mine Operations,Maintain Standard Production Schedule,90.3,3179
2025-12-23,Dongri Buzurg Mine,3.3,22.2,17.2,80.8,2,1500,15000,0,NORMAL,Optimal Mine Operations,Maintain Standard Production Schedule,90.3,0
2025-12-23,Ukwa East Mine,3.3,22.2,17.2,80.8,2,1500,12817,2183,NORMAL,Optimal Mine Operations,Maintain Standard Production Schedule,86.6,2183
2025-12-24,Balaghat Central Mine,16.8,30.6,15.9,64.3,1,1500,5000,18500,FLEET_BREAKDOWN,Haul Truck & Shovel Mechanical Failure,Reallocate Backup Fleet & Deploy Mobile Mechanics,93.1,14800
2025-12-24,Mansar West Mine,16.8,30.6,15.9,64.3,1,1500,5000,18500,FLEET_BREAKDOWN,Haul Truck & Shovel Mechanical Failure,Reallocate Backup Fleet & Deploy Mobile Mechanics,95.9,14800
2025-12-24,Dongri Buzurg Mine,16.8,30.6,15.9,64.3,1,1500,5000,18500,FLEET_BREAKDOWN,Haul Truck & Shovel Mechanical Failure,Reallocate Backup Fleet & Deploy Mobile Mechanics,91.0,14800
2025-12-24,Ukwa East Mine,16.8,30.6,15.9,64.3,1,1500,5000,18500,FLEET_BREAKDOWN,Haul Truck & Shovel Mechanical Failure,Reallocate Backup Fleet & Deploy Mobile Mechanics,88.4,14800
2025-12-25,Balaghat Central Mine,17.2,30.9,30.7,90.1,1,1500,10950,4050,NORMAL,Optimal Mine Operations,Maintain Standard Production Schedule,94.6,4050
2025-12-25,Mansar West Mine,17.2,30.9,30.7,90.1,1,1500,13173,1827,NORMAL,Optimal Mine Operations,Maintain Standard Production Schedule,85.3,1827
2025-12-25,Dongri Buzurg Mine,17.2,30.9,30.7,90.1,1,1500,12013,2987,NORMAL,Optimal Mine Operations,Maintain Standard Production Schedule,90.1,2987
2025-12-25,Ukwa East Mine,17.2,30.9,30.7,90.1,1,1500,15000,0,NORMAL,Optimal Mine Operations,Maintain Standard Production Schedule,87.2,0
2025-12-26,Balaghat Central Mine,11.8,28.8,37.6,94.0,1,1500,12598,2402,NORMAL,Optimal Mine Operations,Maintain Standard Production Schedule,87.6,2402
2025-12-26,Mansar West Mine,11.8,28.8,37.6,94.0,1,1500,15000,0,NORMAL,Optimal Mine Operations,Maintain Standard Production Schedule,94.1,0
2025-12-26,Dongri Buzurg Mine,11.8,28.8,37.6,94.0,1,1500,14842,158,NORMAL,Optimal Mine Operations,Maintain Standard Production Schedule,96.6,158
2025-12-26,Ukwa East Mine,11.8,28.8,37.6,94.0,1,1500,11001,3999,NORMAL,Optimal Mine Operations,Maintain Standard Production Schedule,91.4,3999
2025-12-27,Balaghat Central Mine,12.8,28.6,18.3,68.4,2,1500,5000,18500,FLEET_BREAKDOWN,Haul Truck & Shovel Mechanical Failure,Reallocate Backup Fleet & Deploy Mobile Mechanics,93.6,14800
2025-12-27,Mansar West Mine,12.8,28.6,18.3,68.4,2,1500,5000,18500,FLEET_BREAKDOWN,Haul Truck & Shovel Mechanical Failure,Reallocate Backup Fleet & Deploy Mobile Mechanics,88.7,14800
2025-12-27,Dongri Buzurg Mine,12.8,28.6,18.3,68.4,2,1500,5000,18500,FLEET_BREAKDOWN,Haul Truck & Shovel Mechanical Failure,Reallocate Backup Fleet & Deploy Mobile Mechanics,88.5,14800
2025-12-27,Ukwa East Mine,12.8,28.6,18.3,68.4,2,1500,5000,18500,FLEET_BREAKDOWN,Haul Truck & Shovel Mechanical Failure,Reallocate Backup Fleet & Deploy Mobile Mechanics,92.1,14800
2025-12-28,Balaghat Central Mine,19.9,21.4,31.4,90.1,2,1500,14038,962,NORMAL,Optimal Mine Operations,Maintain Standard Production Schedule,89.9,962
2025-12-28,Mansar West Mine,19.9,21.4,31.4,90.1,2,1500,12649,2351,NORMAL,Optimal Mine Operations,Maintain Standard Production Schedule,85.3,2351
2025-12-28,Dongri Buzurg Mine,19.9,21.4,31.4,90.1,2,1500,15000,0,NORMAL,Optimal Mine Operations,Maintain Standard Production Schedule,94.7,0
2025-12-28,Ukwa East Mine,19.9,21.4,31.4,90.1,2,1500,14526,474,NORMAL,Optimal Mine Operations,Maintain Standard Production Schedule,89.9,474
2025-12-29,Balaghat Central Mine,2.3,24.6,17.8,86.7,1,1500,15000,0,NORMAL,Optimal Mine Operations,Maintain Standard Production Schedule,85.1,0
2025-12-29,Mansar West Mine,2.3,24.6,17.8,86.7,1,1500,13364,1636,NORMAL,Optimal Mine Operations,Maintain Standard Production Schedule,87.0,1636
2025-12-29,Dongri Buzurg Mine,2.3,24.6,17.8,86.7,1,1500,15000,0,NORMAL,Optimal Mine Operations,Maintain Standard Production Schedule,90.4,0
2025-12-29,Ukwa East Mine,2.3,24.6,17.8,86.7,1,1500,15000,0,NORMAL,Optimal Mine Operations,Maintain Standard Production Schedule,85.6,0
2025-12-30,Balaghat Central Mine,11.2,26.3,44.8,96.4,5,1500,15000,0,NORMAL,Optimal Mine Operations,Maintain Standard Production Schedule,87.9,0
2025-12-30,Mansar West Mine,11.2,26.3,44.8,96.4,5,1500,15000,0,NORMAL,Optimal Mine Operations,Maintain Standard Production Schedule,92.5,0
2025-12-30,Dongri Buzurg Mine,11.2,26.3,44.8,96.4,5,1500,15000,0,NORMAL,Optimal Mine Operations,Maintain Standard Production Schedule,97.5,0
2025-12-30,Ukwa East Mine,11.2,26.3,44.8,96.4,5,1500,14299,701,NORMAL,Optimal Mine Operations,Maintain Standard Production Schedule,87.5,701
